[1m[31m[31mX [41;31m[[41;97mERROR[41;31m][0m [1mTS2551: Property 'videoQuery' does not exist on type 'LessonSeed'. Did you mean 'videoUrl'?[0m [1m[35m[plugin angular-compiler][0m

    src/app/services/curriculum.service.ts:25:20:
[37m      25 │   videoUrl: yt(seed.[32mvideoQuery[37m),
         ╵                     [32m~~~~~~~~~~[0m


[31mX [41;31m[[41;97mERROR[41;31m][0m [1mTS2561: Object literal may only specify known properties, but 'videoQuery' does not exist in type 'LessonSeed'. Did you mean to write 'videoUrl'?[0m [1m[35m[plugin angular-compiler][0m

    src/app/services/curriculum.service.ts:61:8:
[37m      61 │         [32mvideoQuery[37m: 'VS Code skachat qilish sozlash',
         ╵         [32m~~~~~~~~~~[0m


[31mX [41;31m[[41;97mERROR[41;31m][0m [1mTS2561: Object literal may only specify known properties, but 'videoQuery' does not exist in type 'LessonSeed'. Did you mean to write 'videoUrl'?[0m [1m[35m[plugin angular-compiler][0m

    src/app/services/curriculum.service.ts:91:8:
[37m      91 │         [32mvideoQuery[37m: 'Chrome DevTools uzbek',
         ╵         [32m~~~~~~~~~~[0m


[31mX [41;31m[[41;97mERROR[41;31m][0m [1mTS2561: Object literal may only specify known properties, but 'videoQuery' does not exist in type 'LessonSeed'. Did you mean to write 'videoUrl'?[0m [1m[35m[plugin angular-compiler][0m

    src/app/services/curriculum.service.ts:111:8:
[37m      111 │         [32mvideoQuery[37m: 'frontend project folder structure uzbek',
          ╵         [32m~~~~~~~~~~[0m


[31mX [41;31m[[41;97mERROR[41;31m][0m [1mTS2561: Object literal may only specify known properties, but 'videoQuery' does not exist in type 'LessonSeed'. Did you mean to write 'videoUrl'?[0m [1m[35m[plugin angular-compiler][0m

    src/app/services/curriculum.service.ts:136:8:
[37m      136 │         [32mvideoQuery[37m: 'frontend backend API nima uzbek',
          ╵         [32m~~~~~~~~~~[0m


[31mX [41;31m[[41;97mERROR[41;31m][0m [1mTS2561: Object literal may only specify known properties, but 'videoQuery' does not exist in type 'LessonSeed'. Did you mean to write 'videoUrl'?[0m [1m[35m[plugin angular-compiler][0m

    src/app/services/curriculum.service.ts:160:8:
[37m      160 │         [32mvideoQuery[37m: 'HTML 0 dan',
          ╵         [32m~~~~~~~~~~[0m


[31mX [41;31m[[41;97mERROR[41;31m][0m [1mTS2561: Object literal may only specify known properties, but 'videoQuery' does not exist in type 'LessonSeed'. Did you mean to write 'videoUrl'?[0m [1m[35m[plugin angular-compiler][0m

    src/app/services/curriculum.service.ts:189:8:
[37m      189 │         [32mvideoQuery[37m: 'HTML h1 p ul ol li uzbek',
          ╵         [32m~~~~~~~~~~[0m


[31mX [41;31m[[41;97mERROR[41;31m][0m [1mTS2561: Object literal may only specify known properties, but 'videoQuery' does not exist in type 'LessonSeed'. Did you mean to write 'videoUrl'?[0m [1m[35m[plugin angular-compiler][0m

    src/app/services/curriculum.service.ts:216:8:
[37m      216 │         [32mvideoQuery[37m: 'HTML link image alt uzbek',
          ╵         [32m~~~~~~~~~~[0m


[31mX [41;31m[[41;97mERROR[41;31m][0m [1mTS2561: Object literal may only specify known properties, but 'videoQuery' does not exist in type 'LessonSeed'. Did you mean to write 'videoUrl'?[0m [1m[35m[plugin angular-compiler][0m

    src/app/services/curriculum.service.ts:240:8:
[37m      240 │         [32mvideoQuery[37m: 'HTML form input label uzbek',
          ╵         [32m~~~~~~~~~~[0m


[31mX [41;31m[[41;97mERROR[41;31m][0m [1mTS2561: Object literal may only specify known properties, but 'videoQuery' does not exist in type 'LessonSeed'. Did you mean to write 'videoUrl'?[0m [1m[35m[plugin angular-compiler][0m

    src/app/services/curriculum.service.ts:270:8:
[37m      270 │         [32mvideoQuery[37m: 'semantic HTML uzbek',
          ╵         [32m~~~~~~~~~~[0m


[31mX [41;31m[[41;97mERROR[41;31m][0m [1mTS2561: Object literal may only specify known properties, but 'videoQuery' does not exist in type 'LessonSeed'. Did you mean to write 'videoUrl'?[0m [1m[35m[plugin angular-compiler][0m

    src/app/services/curriculum.service.ts:304:8:
[37m      304 │         [32mvideoQuery[37m: 'HTML portfolio project uzbek',
          ╵         [32m~~~~~~~~~~[0m


[31mX [41;31m[[41;97mERROR[41;31m][0m [1mTS2561: Object literal may only specify known properties, but 'videoQuery' does not exist in type 'LessonSeed'. Did you mean to write 'videoUrl'?[0m [1m[35m[plugin angular-compiler][0m

    src/app/services/curriculum.service.ts:338:8:
[37m      338 │         [32mvideoQuery[37m: 'CSS 0 dan uzbek',
          ╵         [32m~~~~~~~~~~[0m


[31mX [41;31m[[41;97mERROR[41;31m][0m [1mTS2561: Object literal may only specify known properties, but 'videoQuery' does not exist in type 'LessonSeed'. Did you mean to write 'videoUrl'?[0m [1m[35m[plugin angular-compiler][0m

    src/app/services/curriculum.service.ts:367:8:
[37m      367 │         [32mvideoQuery[37m: 'CSS box model uzbek',
          ╵         [32m~~~~~~~~~~[0m


[31mX [41;31m[[41;97mERROR[41;31m][0m [1mTS2561: Object literal may only specify known properties, but 'videoQuery' does not exist in type 'LessonSeed'. Did you mean to write 'videoUrl'?[0m [1m[35m[plugin angular-compiler][0m

    src/app/services/curriculum.service.ts:395:8:
[37m      395 │         [32mvideoQuery[37m: 'CSS Flexbox uzbek',
          ╵         [32m~~~~~~~~~~[0m


[31mX [41;31m[[41;97mERROR[41;31m][0m [1mTS2561: Object literal may only specify known properties, but 'videoQuery' does not exist in type 'LessonSeed'. Did you mean to write 'videoUrl'?[0m [1m[35m[plugin angular-compiler][0m

    src/app/services/curriculum.service.ts:430:8:
[37m      430 │         [32mvideoQuery[37m: 'CSS Grid uzbek',
          ╵         [32m~~~~~~~~~~[0m


[31mX [41;31m[[41;97mERROR[41;31m][0m [1mTS2561: Object literal may only specify known properties, but 'videoQuery' does not exist in type 'LessonSeed'. Did you mean to write 'videoUrl'?[0m [1m[35m[plugin angular-compiler][0m

    src/app/services/curriculum.service.ts:447:8:
[37m      447 │         [32mvideoQuery[37m: 'responsive design media query uzbek',
          ╵         [32m~~~~~~~~~~[0m


[31mX [41;31m[[41;97mERROR[41;31m][0m [1mTS2561: Object literal may only specify known properties, but 'videoQuery' does not exist in type 'LessonSeed'. Did you mean to write 'videoUrl'?[0m [1m[35m[plugin angular-compiler][0m

    src/app/services/curriculum.service.ts:471:8:
[37m      471 │         [32mvideoQuery[37m: 'CSS portfolio design uzbek',
          ╵         [32m~~~~~~~~~~[0m


[31mX [41;31m[[41;97mERROR[41;31m][0m [1mTS2561: Object literal may only specify known properties, but 'videoQuery' does not exist in type 'LessonSeed'. Did you mean to write 'videoUrl'?[0m [1m[35m[plugin angular-compiler][0m

    src/app/services/curriculum.service.ts:500:8:
[37m      500 │         [32mvideoQuery[37m: 'JavaScript 0 dan uzbek',
          ╵         [32m~~~~~~~~~~[0m


[31mX [41;31m[[41;97mERROR[41;31m][0m [1mTS2561: Object literal may only specify known properties, but 'videoQuery' does not exist in type 'LessonSeed'. Did you mean to write 'videoUrl'?[0m [1m[35m[plugin angular-compiler][0m

    src/app/services/curriculum.service.ts:527:8:
[37m      527 │         [32mvideoQuery[37m: 'JavaScript if else for loop uzbek',
          ╵         [32m~~~~~~~~~~[0m


[31mX [41;31m[[41;97mERROR[41;31m][0m [1mTS2561: Object literal may only specify known properties, but 'videoQuery' does not exist in type 'LessonSeed'. Did you mean to write 'videoUrl'?[0m [1m[35m[plugin angular-compiler][0m

    src/app/services/curriculum.service.ts:552:8:
[37m      552 │         [32mvideoQuery[37m: 'JavaScript functions uzbek',
          ╵         [32m~~~~~~~~~~[0m


[31mX [41;31m[[41;97mERROR[41;31m][0m [1mTS2561: Object literal may only specify known properties, but 'videoQuery' does not exist in type 'LessonSeed'. Did you mean to write 'videoUrl'?[0m [1m[35m[plugin angular-compiler][0m

    src/app/services/curriculum.service.ts:575:8:
[37m      575 │         [32mvideoQuery[37m: 'JavaScript DOM querySelector uzbek',
          ╵         [32m~~~~~~~~~~[0m


[31mX [41;31m[[41;97mERROR[41;31m][0m [1mTS2561: Object literal may only specify known properties, but 'videoQuery' does not exist in type 'LessonSeed'. Did you mean to write 'videoUrl'?[0m [1m[35m[plugin angular-compiler][0m

    src/app/services/curriculum.service.ts:597:8:
[37m      597 │         [32mvideoQuery[37m: 'JavaScript addEventListener form validation ...
          ╵         [32m~~~~~~~~~~[0m


[31mX [41;31m[[41;97mERROR[41;31m][0m [1mTS2561: Object literal may only specify known properties, but 'videoQuery' does not exist in type 'LessonSeed'. Did you mean to write 'videoUrl'?[0m [1m[35m[plugin angular-compiler][0m

    src/app/services/curriculum.service.ts:623:8:
[37m      623 │         [32mvideoQuery[37m: 'JavaScript localStorage JSON uzbek',
          ╵         [32m~~~~~~~~~~[0m


[31mX [41;31m[[41;97mERROR[41;31m][0m [1mTS2561: Object literal may only specify known properties, but 'videoQuery' does not exist in type 'LessonSeed'. Did you mean to write 'videoUrl'?[0m [1m[35m[plugin angular-compiler][0m

    src/app/services/curriculum.service.ts:643:8:
[37m      643 │         [32mvideoQuery[37m: 'JavaScript fetch API async await uzbek',
          ╵         [32m~~~~~~~~~~[0m


[31mX [41;31m[[41;97mERROR[41;31m][0m [1mTS2561: Object literal may only specify known properties, but 'videoQuery' does not exist in type 'LessonSeed'. Did you mean to write 'videoUrl'?[0m [1m[35m[plugin angular-compiler][0m

    src/app/services/curriculum.service.ts:670:8:
[37m      670 │         [32mvideoQuery[37m: 'Node.js 0 dan uzbek',
          ╵         [32m~~~~~~~~~~[0m


[31mX [41;31m[[41;97mERROR[41;31m][0m [1mTS2561: Object literal may only specify known properties, but 'videoQuery' does not exist in type 'LessonSeed'. Did you mean to write 'videoUrl'?[0m [1m[35m[plugin angular-compiler][0m

    src/app/services/curriculum.service.ts:695:8:
[37m      695 │         [32mvideoQuery[37m: 'REST API Node.js uzbek',
          ╵         [32m~~~~~~~~~~[0m


[31mX [41;31m[[41;97mERROR[41;31m][0m [1mTS2561: Object literal may only specify known properties, but 'videoQuery' does not exist in type 'LessonSeed'. Did you mean to write 'videoUrl'?[0m [1m[35m[plugin angular-compiler][0m

    src/app/services/curriculum.service.ts:718:8:
[37m      718 │         [32mvideoQuery[37m: 'Node.js register auth uzbek',
          ╵         [32m~~~~~~~~~~[0m


[31mX [41;31m[[41;97mERROR[41;31m][0m [1mTS2561: Object literal may only specify known properties, but 'videoQuery' does not exist in type 'LessonSeed'. Did you mean to write 'videoUrl'?[0m [1m[35m[plugin angular-compiler][0m

    src/app/services/curriculum.service.ts:739:8:
[37m      739 │         [32mvideoQuery[37m: 'Angular fetch API service uzbek',
          ╵         [32m~~~~~~~~~~[0m


[31mX [41;31m[[41;97mERROR[41;31m][0m [1mTS2561: Object literal may only specify known properties, but 'videoQuery' does not exist in type 'LessonSeed'. Did you mean to write 'videoUrl'?[0m [1m[35m[plugin angular-compiler][0m

    src/app/services/curriculum.service.ts:760:8:
[37m      760 │         [32mvideoQuery[37m: 'Node.js clean code validation error handling...
          ╵         [32m~~~~~~~~~~[0m


[31mX [41;31m[[41;97mERROR[41;31m][0m [1mTS2561: Object literal may only specify known properties, but 'videoQuery' does not exist in type 'LessonSeed'. Did you mean to write 'videoUrl'?[0m [1m[35m[plugin angular-compiler][0m

    src/app/services/curriculum.service.ts:783:8:
[37m      783 │         [32mvideoQuery[37m: 'Git 0 dan uzbek',
          ╵         [32m~~~~~~~~~~[0m


[31mX [41;31m[[41;97mERROR[41;31m][0m [1mTS2561: Object literal may only specify known properties, but 'videoQuery' does not exist in type 'LessonSeed'. Did you mean to write 'videoUrl'?[0m [1m[35m[plugin angular-compiler][0m

    src/app/services/curriculum.service.ts:806:8:
[37m      806 │         [32mvideoQuery[37m: 'GitHub account repo push uzbek',
          ╵         [32m~~~~~~~~~~[0m


[31mX [41;31m[[41;97mERROR[41;31m][0m [1mTS2561: Object literal may only specify known properties, but 'videoQuery' does not exist in type 'LessonSeed'. Did you mean to write 'videoUrl'?[0m [1m[35m[plugin angular-compiler][0m

    src/app/services/curriculum.service.ts:824:8:
[37m      824 │         [32mvideoQuery[37m: 'Git branch merge conflict uzbek',
          ╵         [32m~~~~~~~~~~[0m


[31mX [41;31m[[41;97mERROR[41;31m][0m [1mTS2561: Object literal may only specify known properties, but 'videoQuery' does not exist in type 'LessonSeed'. Did you mean to write 'videoUrl'?[0m [1m[35m[plugin angular-compiler][0m

    src/app/services/curriculum.service.ts:847:8:
[37m      847 │         [32mvideoQuery[37m: 'GitHub pull request code review uzbek',
          ╵         [32m~~~~~~~~~~[0m


[31mX [41;31m[[41;97mERROR[41;31m][0m [1mTS2561: Object literal may only specify known properties, but 'videoQuery' does not exist in type 'LessonSeed'. Did you mean to write 'videoUrl'?[0m [1m[35m[plugin angular-compiler][0m

    src/app/services/curriculum.service.ts:869:8:
[37m      869 │         [32mvideoQuery[37m: 'GitHub Pages deploy uzbek',
          ╵         [32m~~~~~~~~~~[0m


[31mX [41;31m[[41;97mERROR[41;31m][0m [1mTS2561: Object literal may only specify known properties, but 'videoQuery' does not exist in type 'LessonSeed'. Did you mean to write 'videoUrl'?[0m [1m[35m[plugin angular-compiler][0m

    src/app/services/curriculum.service.ts:888:8:
[37m      888 │         [32mvideoQuery[37m: 'Junior frontend portfolio final project uzbek',
          ╵         [32m~~~~~~~~~~[0m

[39m[22m
[1m[31m[31mX [41;31m[[41;97mERROR[41;31m][0m [1mTS2561: Object literal may only specify known properties, but 'videoQuery' does not exist in type 'LessonSeed'. Did you mean to write 'videoUrl'?[0m [1m[35m[plugin angular-compiler][0m

    src/app/services/curriculum.service.ts:61:8:
[37m      61 │         [32mvideoQuery[37m: 'VS Code skachat qilish sozlash',
         ╵         [32m~~~~~~~~~~[0m


[31mX [41;31m[[41;97mERROR[41;31m][0m [1mTS2561: Object literal may only specify known properties, but 'videoQuery' does not exist in type 'LessonSeed'. Did you mean to write 'videoUrl'?[0m [1m[35m[plugin angular-compiler][0m

    src/app/services/curriculum.service.ts:91:8:
[37m      91 │         [32mvideoQuery[37m: 'Chrome DevTools uzbek',
         ╵         [32m~~~~~~~~~~[0m


[31mX [41;31m[[41;97mERROR[41;31m][0m [1mTS2561: Object literal may only specify known properties, but 'videoQuery' does not exist in type 'LessonSeed'. Did you mean to write 'videoUrl'?[0m [1m[35m[plugin angular-compiler][0m

    src/app/services/curriculum.service.ts:111:8:
[37m      111 │         [32mvideoQuery[37m: 'frontend project folder structure uzbek',
          ╵         [32m~~~~~~~~~~[0m


[31mX [41;31m[[41;97mERROR[41;31m][0m [1mTS2561: Object literal may only specify known properties, but 'videoQuery' does not exist in type 'LessonSeed'. Did you mean to write 'videoUrl'?[0m [1m[35m[plugin angular-compiler][0m

    src/app/services/curriculum.service.ts:136:8:
[37m      136 │         [32mvideoQuery[37m: 'frontend backend API nima uzbek',
          ╵         [32m~~~~~~~~~~[0m


[31mX [41;31m[[41;97mERROR[41;31m][0m [1mTS2561: Object literal may only specify known properties, but 'videoQuery' does not exist in type 'LessonSeed'. Did you mean to write 'videoUrl'?[0m [1m[35m[plugin angular-compiler][0m

    src/app/services/curriculum.service.ts:160:8:
[37m      160 │         [32mvideoQuery[37m: 'HTML 0 dan',
          ╵         [32m~~~~~~~~~~[0m


[31mX [41;31m[[41;97mERROR[41;31m][0m [1mTS2561: Object literal may only specify known properties, but 'videoQuery' does not exist in type 'LessonSeed'. Did you mean to write 'videoUrl'?[0m [1m[35m[plugin angular-compiler][0m

    src/app/services/curriculum.service.ts:189:8:
[37m      189 │         [32mvideoQuery[37m: 'HTML h1 p ul ol li uzbek',
          ╵         [32m~~~~~~~~~~[0m


[31mX [41;31m[[41;97mERROR[41;31m][0m [1mTS2561: Object literal may only specify known properties, but 'videoQuery' does not exist in type 'LessonSeed'. Did you mean to write 'videoUrl'?[0m [1m[35m[plugin angular-compiler][0m

    src/app/services/curriculum.service.ts:216:8:
[37m      216 │         [32mvideoQuery[37m: 'HTML link image alt uzbek',
          ╵         [32m~~~~~~~~~~[0m


[31mX [41;31m[[41;97mERROR[41;31m][0m [1mTS2561: Object literal may only specify known properties, but 'videoQuery' does not exist in type 'LessonSeed'. Did you mean to write 'videoUrl'?[0m [1m[35m[plugin angular-compiler][0m

    src/app/services/curriculum.service.ts:240:8:
[37m      240 │         [32mvideoQuery[37m: 'HTML form input label uzbek',
          ╵         [32m~~~~~~~~~~[0m


[31mX [41;31m[[41;97mERROR[41;31m][0m [1mTS2561: Object literal may only specify known properties, but 'videoQuery' does not exist in type 'LessonSeed'. Did you mean to write 'videoUrl'?[0m [1m[35m[plugin angular-compiler][0m

    src/app/services/curriculum.service.ts:270:8:
[37m      270 │         [32mvideoQuery[37m: 'semantic HTML uzbek',
          ╵         [32m~~~~~~~~~~[0m


[31mX [41;31m[[41;97mERROR[41;31m][0m [1mTS2561: Object literal may only specify known properties, but 'videoQuery' does not exist in type 'LessonSeed'. Did you mean to write 'videoUrl'?[0m [1m[35m[plugin angular-compiler][0m

    src/app/services/curriculum.service.ts:304:8:
[37m      304 │         [32mvideoQuery[37m: 'HTML portfolio project uzbek',
          ╵         [32m~~~~~~~~~~[0m


[31mX [41;31m[[41;97mERROR[41;31m][0m [1mTS2561: Object literal may only specify known properties, but 'videoQuery' does not exist in type 'LessonSeed'. Did you mean to write 'videoUrl'?[0m [1m[35m[plugin angular-compiler][0m

    src/app/services/curriculum.service.ts:338:8:
[37m      338 │         [32mvideoQuery[37m: 'CSS 0 dan uzbek',
          ╵         [32m~~~~~~~~~~[0m


[31mX [41;31m[[41;97mERROR[41;31m][0m [1mTS2561: Object literal may only specify known properties, but 'videoQuery' does not exist in type 'LessonSeed'. Did you mean to write 'videoUrl'?[0m [1m[35m[plugin angular-compiler][0m

    src/app/services/curriculum.service.ts:367:8:
[37m      367 │         [32mvideoQuery[37m: 'CSS box model uzbek',
          ╵         [32m~~~~~~~~~~[0m


[31mX [41;31m[[41;97mERROR[41;31m][0m [1mTS2561: Object literal may only specify known properties, but 'videoQuery' does not exist in type 'LessonSeed'. Did you mean to write 'videoUrl'?[0m [1m[35m[plugin angular-compiler][0m

    src/app/services/curriculum.service.ts:395:8:
[37m      395 │         [32mvideoQuery[37m: 'CSS Flexbox uzbek',
          ╵         [32m~~~~~~~~~~[0m


[31mX [41;31m[[41;97mERROR[41;31m][0m [1mTS2561: Object literal may only specify known properties, but 'videoQuery' does not exist in type 'LessonSeed'. Did you mean to write 'videoUrl'?[0m [1m[35m[plugin angular-compiler][0m

    src/app/services/curriculum.service.ts:430:8:
[37m      430 │         [32mvideoQuery[37m: 'CSS Grid uzbek',
          ╵         [32m~~~~~~~~~~[0m


[31mX [41;31m[[41;97mERROR[41;31m][0m [1mTS2561: Object literal may only specify known properties, but 'videoQuery' does not exist in type 'LessonSeed'. Did you mean to write 'videoUrl'?[0m [1m[35m[plugin angular-compiler][0m

    src/app/services/curriculum.service.ts:447:8:
[37m      447 │         [32mvideoQuery[37m: 'responsive design media query uzbek',
          ╵         [32m~~~~~~~~~~[0m


[31mX [41;31m[[41;97mERROR[41;31m][0m [1mTS2561: Object literal may only specify known properties, but 'videoQuery' does not exist in type 'LessonSeed'. Did you mean to write 'videoUrl'?[0m [1m[35m[plugin angular-compiler][0m

    src/app/services/curriculum.service.ts:471:8:
[37m      471 │         [32mvideoQuery[37m: 'CSS portfolio design uzbek',
          ╵         [32m~~~~~~~~~~[0m


[31mX [41;31m[[41;97mERROR[41;31m][0m [1mTS2561: Object literal may only specify known properties, but 'videoQuery' does not exist in type 'LessonSeed'. Did you mean to write 'videoUrl'?[0m [1m[35m[plugin angular-compiler][0m

    src/app/services/curriculum.service.ts:500:8:
[37m      500 │         [32mvideoQuery[37m: 'JavaScript 0 dan uzbek',
          ╵         [32m~~~~~~~~~~[0m


[31mX [41;31m[[41;97mERROR[41;31m][0m [1mTS2561: Object literal may only specify known properties, but 'videoQuery' does not exist in type 'LessonSeed'. Did you mean to write 'videoUrl'?[0m [1m[35m[plugin angular-compiler][0m

    src/app/services/curriculum.service.ts:527:8:
[37m      527 │         [32mvideoQuery[37m: 'JavaScript if else for loop uzbek',
          ╵         [32m~~~~~~~~~~[0m


[31mX [41;31m[[41;97mERROR[41;31m][0m [1mTS2561: Object literal may only specify known properties, but 'videoQuery' does not exist in type 'LessonSeed'. Did you mean to write 'videoUrl'?[0m [1m[35m[plugin angular-compiler][0m

    src/app/services/curriculum.service.ts:552:8:
[37m      552 │         [32mvideoQuery[37m: 'JavaScript functions uzbek',
          ╵         [32m~~~~~~~~~~[0m


[31mX [41;31m[[41;97mERROR[41;31m][0m [1mTS2561: Object literal may only specify known properties, but 'videoQuery' does not exist in type 'LessonSeed'. Did you mean to write 'videoUrl'?[0m [1m[35m[plugin angular-compiler][0m

    src/app/services/curriculum.service.ts:575:8:
[37m      575 │         [32mvideoQuery[37m: 'JavaScript DOM querySelector uzbek',
          ╵         [32m~~~~~~~~~~[0m


[31mX [41;31m[[41;97mERROR[41;31m][0m [1mTS2561: Object literal may only specify known properties, but 'videoQuery' does not exist in type 'LessonSeed'. Did you mean to write 'videoUrl'?[0m [1m[35m[plugin angular-compiler][0m

    src/app/services/curriculum.service.ts:597:8:
[37m      597 │         [32mvideoQuery[37m: 'JavaScript addEventListener form validation ...
          ╵         [32m~~~~~~~~~~[0m


[31mX [41;31m[[41;97mERROR[41;31m][0m [1mTS2561: Object literal may only specify known properties, but 'videoQuery' does not exist in type 'LessonSeed'. Did you mean to write 'videoUrl'?[0m [1m[35m[plugin angular-compiler][0m

    src/app/services/curriculum.service.ts:623:8:
[37m      623 │         [32mvideoQuery[37m: 'JavaScript localStorage JSON uzbek',
          ╵         [32m~~~~~~~~~~[0m


[31mX [41;31m[[41;97mERROR[41;31m][0m [1mTS2561: Object literal may only specify known properties, but 'videoQuery' does not exist in type 'LessonSeed'. Did you mean to write 'videoUrl'?[0m [1m[35m[plugin angular-compiler][0m

    src/app/services/curriculum.service.ts:643:8:
[37m      643 │         [32mvideoQuery[37m: 'JavaScript fetch API async await uzbek',
          ╵         [32m~~~~~~~~~~[0m


[31mX [41;31m[[41;97mERROR[41;31m][0m [1mTS2561: Object literal may only specify known properties, but 'videoQuery' does not exist in type 'LessonSeed'. Did you mean to write 'videoUrl'?[0m [1m[35m[plugin angular-compiler][0m

    src/app/services/curriculum.service.ts:670:8:
[37m      670 │         [32mvideoQuery[37m: 'Node.js 0 dan uzbek',
          ╵         [32m~~~~~~~~~~[0m


[31mX [41;31m[[41;97mERROR[41;31m][0m [1mTS2561: Object literal may only specify known properties, but 'videoQuery' does not exist in type 'LessonSeed'. Did you mean to write 'videoUrl'?[0m [1m[35m[plugin angular-compiler][0m

    src/app/services/curriculum.service.ts:695:8:
[37m      695 │         [32mvideoQuery[37m: 'REST API Node.js uzbek',
          ╵         [32m~~~~~~~~~~[0m


[31mX [41;31m[[41;97mERROR[41;31m][0m [1mTS2561: Object literal may only specify known properties, but 'videoQuery' does not exist in type 'LessonSeed'. Did you mean to write 'videoUrl'?[0m [1m[35m[plugin angular-compiler][0m

    src/app/services/curriculum.service.ts:718:8:
[37m      718 │         [32mvideoQuery[37m: 'Node.js register auth uzbek',
          ╵         [32m~~~~~~~~~~[0m


[31mX [41;31m[[41;97mERROR[41;31m][0m [1mTS2561: Object literal may only specify known properties, but 'videoQuery' does not exist in type 'LessonSeed'. Did you mean to write 'videoUrl'?[0m [1m[35m[plugin angular-compiler][0m

    src/app/services/curriculum.service.ts:739:8:
[37m      739 │         [32mvideoQuery[37m: 'Angular fetch API service uzbek',
          ╵         [32m~~~~~~~~~~[0m


[31mX [41;31m[[41;97mERROR[41;31m][0m [1mTS2561: Object literal may only specify known properties, but 'videoQuery' does not exist in type 'LessonSeed'. Did you mean to write 'videoUrl'?[0m [1m[35m[plugin angular-compiler][0m

    src/app/services/curriculum.service.ts:760:8:
[37m      760 │         [32mvideoQuery[37m: 'Node.js clean code validation error handling...
          ╵         [32m~~~~~~~~~~[0m


[31mX [41;31m[[41;97mERROR[41;31m][0m [1mTS2561: Object literal may only specify known properties, but 'videoQuery' does not exist in type 'LessonSeed'. Did you mean to write 'videoUrl'?[0m [1m[35m[plugin angular-compiler][0m

    src/app/services/curriculum.service.ts:783:8:
[37m      783 │         [32mvideoQuery[37m: 'Git 0 dan uzbek',
          ╵         [32m~~~~~~~~~~[0m


[31mX [41;31m[[41;97mERROR[41;31m][0m [1mTS2561: Object literal may only specify known properties, but 'videoQuery' does not exist in type 'LessonSeed'. Did you mean to write 'videoUrl'?[0m [1m[35m[plugin angular-compiler][0m

    src/app/services/curriculum.service.ts:806:8:
[37m      806 │         [32mvideoQuery[37m: 'GitHub account repo push uzbek',
          ╵         [32m~~~~~~~~~~[0m


[31mX [41;31m[[41;97mERROR[41;31m][0m [1mTS2561: Object literal may only specify known properties, but 'videoQuery' does not exist in type 'LessonSeed'. Did you mean to write 'videoUrl'?[0m [1m[35m[plugin angular-compiler][0m

    src/app/services/curriculum.service.ts:824:8:
[37m      824 │         [32mvideoQuery[37m: 'Git branch merge conflict uzbek',
          ╵         [32m~~~~~~~~~~[0m


[31mX [41;31m[[41;97mERROR[41;31m][0m [1mTS2561: Object literal may only specify known properties, but 'videoQuery' does not exist in type 'LessonSeed'. Did you mean to write 'videoUrl'?[0m [1m[35m[plugin angular-compiler][0m

    src/app/services/curriculum.service.ts:847:8:
[37m      847 │         [32mvideoQuery[37m: 'GitHub pull request code review uzbek',
          ╵         [32m~~~~~~~~~~[0m


[31mX [41;31m[[41;97mERROR[41;31m][0m [1mTS2561: Object literal may only specify known properties, but 'videoQuery' does not exist in type 'LessonSeed'. Did you mean to write 'videoUrl'?[0m [1m[35m[plugin angular-compiler][0m

    src/app/services/curriculum.service.ts:869:8:
[37m      869 │         [32mvideoQuery[37m: 'GitHub Pages deploy uzbek',
          ╵         [32m~~~~~~~~~~[0m


[31mX [41;31m[[41;97mERROR[41;31m][0m [1mTS2561: Object literal may only specify known properties, but 'videoQuery' does not exist in type 'LessonSeed'. Did you mean to write 'videoUrl'?[0m [1m[35m[plugin angular-compiler][0m

    src/app/services/curriculum.service.ts:888:8:
[37m      888 │         [32mvideoQuery[37m: 'Junior frontend portfolio final project uzbek',
          ╵         [32m~~~~~~~~~~[0m

[39m[22m
[1m[31m[31mX [41;31m[[41;97mERROR[41;31m][0m [1mTS2561: Object literal may only specify known properties, but 'videoQuery' does not exist in type 'LessonSeed'. Did you mean to write 'videoUrl'?[0m [1m[35m[plugin angular-compiler][0m

    src/app/services/curriculum.service.ts:61:8:
[37m      61 │         [32mvideoQuery[37m: 'VS Code skachat qilish sozlash',
         ╵         [32m~~~~~~~~~~[0m


[31mX [41;31m[[41;97mERROR[41;31m][0m [1mTS2561: Object literal may only specify known properties, but 'videoQuery' does not exist in type 'LessonSeed'. Did you mean to write 'videoUrl'?[0m [1m[35m[plugin angular-compiler][0m

    src/app/services/curriculum.service.ts:91:8:
[37m      91 │         [32mvideoQuery[37m: 'Chrome DevTools uzbek',
         ╵         [32m~~~~~~~~~~[0m


[31mX [41;31m[[41;97mERROR[41;31m][0m [1mTS2561: Object literal may only specify known properties, but 'videoQuery' does not exist in type 'LessonSeed'. Did you mean to write 'videoUrl'?[0m [1m[35m[plugin angular-compiler][0m

    src/app/services/curriculum.service.ts:111:8:
[37m      111 │         [32mvideoQuery[37m: 'frontend project folder structure uzbek',
          ╵         [32m~~~~~~~~~~[0m


[31mX [41;31m[[41;97mERROR[41;31m][0m [1mTS2561: Object literal may only specify known properties, but 'videoQuery' does not exist in type 'LessonSeed'. Did you mean to write 'videoUrl'?[0m [1m[35m[plugin angular-compiler][0m

    src/app/services/curriculum.service.ts:136:8:
[37m      136 │         [32mvideoQuery[37m: 'frontend backend API nima uzbek',
          ╵         [32m~~~~~~~~~~[0m


[31mX [41;31m[[41;97mERROR[41;31m][0m [1mTS2561: Object literal may only specify known properties, but 'videoQuery' does not exist in type 'LessonSeed'. Did you mean to write 'videoUrl'?[0m [1m[35m[plugin angular-compiler][0m

    src/app/services/curriculum.service.ts:160:8:
[37m      160 │         [32mvideoQuery[37m: 'HTML 0 dan',
          ╵         [32m~~~~~~~~~~[0m


[31mX [41;31m[[41;97mERROR[41;31m][0m [1mTS2561: Object literal may only specify known properties, but 'videoQuery' does not exist in type 'LessonSeed'. Did you mean to write 'videoUrl'?[0m [1m[35m[plugin angular-compiler][0m

    src/app/services/curriculum.service.ts:189:8:
[37m      189 │         [32mvideoQuery[37m: 'HTML h1 p ul ol li uzbek',
          ╵         [32m~~~~~~~~~~[0m


[31mX [41;31m[[41;97mERROR[41;31m][0m [1mTS2561: Object literal may only specify known properties, but 'videoQuery' does not exist in type 'LessonSeed'. Did you mean to write 'videoUrl'?[0m [1m[35m[plugin angular-compiler][0m

    src/app/services/curriculum.service.ts:216:8:
[37m      216 │         [32mvideoQuery[37m: 'HTML link image alt uzbek',
          ╵         [32m~~~~~~~~~~[0m


[31mX [41;31m[[41;97mERROR[41;31m][0m [1mTS2561: Object literal may only specify known properties, but 'videoQuery' does not exist in type 'LessonSeed'. Did you mean to write 'videoUrl'?[0m [1m[35m[plugin angular-compiler][0m

    src/app/services/curriculum.service.ts:240:8:
[37m      240 │         [32mvideoQuery[37m: 'HTML form input label uzbek',
          ╵         [32m~~~~~~~~~~[0m


[31mX [41;31m[[41;97mERROR[41;31m][0m [1mTS2561: Object literal may only specify known properties, but 'videoQuery' does not exist in type 'LessonSeed'. Did you mean to write 'videoUrl'?[0m [1m[35m[plugin angular-compiler][0m

    src/app/services/curriculum.service.ts:270:8:
[37m      270 │         [32mvideoQuery[37m: 'semantic HTML uzbek',
          ╵         [32m~~~~~~~~~~[0m


[31mX [41;31m[[41;97mERROR[41;31m][0m [1mTS2561: Object literal may only specify known properties, but 'videoQuery' does not exist in type 'LessonSeed'. Did you mean to write 'videoUrl'?[0m [1m[35m[plugin angular-compiler][0m

    src/app/services/curriculum.service.ts:304:8:
[37m      304 │         [32mvideoQuery[37m: 'HTML portfolio project uzbek',
          ╵         [32m~~~~~~~~~~[0m


[31mX [41;31m[[41;97mERROR[41;31m][0m [1mTS2561: Object literal may only specify known properties, but 'videoQuery' does not exist in type 'LessonSeed'. Did you mean to write 'videoUrl'?[0m [1m[35m[plugin angular-compiler][0m

    src/app/services/curriculum.service.ts:338:8:
[37m      338 │         [32mvideoQuery[37m: 'CSS 0 dan uzbek',
          ╵         [32m~~~~~~~~~~[0m


[31mX [41;31m[[41;97mERROR[41;31m][0m [1mTS2561: Object literal may only specify known properties, but 'videoQuery' does not exist in type 'LessonSeed'. Did you mean to write 'videoUrl'?[0m [1m[35m[plugin angular-compiler][0m

    src/app/services/curriculum.service.ts:367:8:
[37m      367 │         [32mvideoQuery[37m: 'CSS box model uzbek',
          ╵         [32m~~~~~~~~~~[0m


[31mX [41;31m[[41;97mERROR[41;31m][0m [1mTS2561: Object literal may only specify known properties, but 'videoQuery' does not exist in type 'LessonSeed'. Did you mean to write 'videoUrl'?[0m [1m[35m[plugin angular-compiler][0m

    src/app/services/curriculum.service.ts:395:8:
[37m      395 │         [32mvideoQuery[37m: 'CSS Flexbox uzbek',
          ╵         [32m~~~~~~~~~~[0m


[31mX [41;31m[[41;97mERROR[41;31m][0m [1mTS2561: Object literal may only specify known properties, but 'videoQuery' does not exist in type 'LessonSeed'. Did you mean to write 'videoUrl'?[0m [1m[35m[plugin angular-compiler][0m

    src/app/services/curriculum.service.ts:430:8:
[37m      430 │         [32mvideoQuery[37m: 'CSS Grid uzbek',
          ╵         [32m~~~~~~~~~~[0m


[31mX [41;31m[[41;97mERROR[41;31m][0m [1mTS2561: Object literal may only specify known properties, but 'videoQuery' does not exist in type 'LessonSeed'. Did you mean to write 'videoUrl'?[0m [1m[35m[plugin angular-compiler][0m

    src/app/services/curriculum.service.ts:447:8:
[37m      447 │         [32mvideoQuery[37m: 'responsive design media query uzbek',
          ╵         [32m~~~~~~~~~~[0m


[31mX [41;31m[[41;97mERROR[41;31m][0m [1mTS2561: Object literal may only specify known properties, but 'videoQuery' does not exist in type 'LessonSeed'. Did you mean to write 'videoUrl'?[0m [1m[35m[plugin angular-compiler][0m

    src/app/services/curriculum.service.ts:471:8:
[37m      471 │         [32mvideoQuery[37m: 'CSS portfolio design uzbek',
          ╵         [32m~~~~~~~~~~[0m


[31mX [41;31m[[41;97mERROR[41;31m][0m [1mTS2561: Object literal may only specify known properties, but 'videoQuery' does not exist in type 'LessonSeed'. Did you mean to write 'videoUrl'?[0m [1m[35m[plugin angular-compiler][0m

    src/app/services/curriculum.service.ts:500:8:
[37m      500 │         [32mvideoQuery[37m: 'JavaScript 0 dan uzbek',
          ╵         [32m~~~~~~~~~~[0m


[31mX [41;31m[[41;97mERROR[41;31m][0m [1mTS2561: Object literal may only specify known properties, but 'videoQuery' does not exist in type 'LessonSeed'. Did you mean to write 'videoUrl'?[0m [1m[35m[plugin angular-compiler][0m

    src/app/services/curriculum.service.ts:527:8:
[37m      527 │         [32mvideoQuery[37m: 'JavaScript if else for loop uzbek',
          ╵         [32m~~~~~~~~~~[0m


[31mX [41;31m[[41;97mERROR[41;31m][0m [1mTS2561: Object literal may only specify known properties, but 'videoQuery' does not exist in type 'LessonSeed'. Did you mean to write 'videoUrl'?[0m [1m[35m[plugin angular-compiler][0m

    src/app/services/curriculum.service.ts:552:8:
[37m      552 │         [32mvideoQuery[37m: 'JavaScript functions uzbek',
          ╵         [32m~~~~~~~~~~[0m


[31mX [41;31m[[41;97mERROR[41;31m][0m [1mTS2561: Object literal may only specify known properties, but 'videoQuery' does not exist in type 'LessonSeed'. Did you mean to write 'videoUrl'?[0m [1m[35m[plugin angular-compiler][0m

    src/app/services/curriculum.service.ts:575:8:
[37m      575 │         [32mvideoQuery[37m: 'JavaScript DOM querySelector uzbek',
          ╵         [32m~~~~~~~~~~[0m


[31mX [41;31m[[41;97mERROR[41;31m][0m [1mTS2561: Object literal may only specify known properties, but 'videoQuery' does not exist in type 'LessonSeed'. Did you mean to write 'videoUrl'?[0m [1m[35m[plugin angular-compiler][0m

    src/app/services/curriculum.service.ts:597:8:
[37m      597 │         [32mvideoQuery[37m: 'JavaScript addEventListener form validation ...
          ╵         [32m~~~~~~~~~~[0m


[31mX [41;31m[[41;97mERROR[41;31m][0m [1mTS2561: Object literal may only specify known properties, but 'videoQuery' does not exist in type 'LessonSeed'. Did you mean to write 'videoUrl'?[0m [1m[35m[plugin angular-compiler][0m

    src/app/services/curriculum.service.ts:623:8:
[37m      623 │         [32mvideoQuery[37m: 'JavaScript localStorage JSON uzbek',
          ╵         [32m~~~~~~~~~~[0m


[31mX [41;31m[[41;97mERROR[41;31m][0m [1mTS2561: Object literal may only specify known properties, but 'videoQuery' does not exist in type 'LessonSeed'. Did you mean to write 'videoUrl'?[0m [1m[35m[plugin angular-compiler][0m

    src/app/services/curriculum.service.ts:643:8:
[37m      643 │         [32mvideoQuery[37m: 'JavaScript fetch API async await uzbek',
          ╵         [32m~~~~~~~~~~[0m


[31mX [41;31m[[41;97mERROR[41;31m][0m [1mTS2561: Object literal may only specify known properties, but 'videoQuery' does not exist in type 'LessonSeed'. Did you mean to write 'videoUrl'?[0m [1m[35m[plugin angular-compiler][0m

    src/app/services/curriculum.service.ts:670:8:
[37m      670 │         [32mvideoQuery[37m: 'Node.js 0 dan uzbek',
          ╵         [32m~~~~~~~~~~[0m


[31mX [41;31m[[41;97mERROR[41;31m][0m [1mTS2561: Object literal may only specify known properties, but 'videoQuery' does not exist in type 'LessonSeed'. Did you mean to write 'videoUrl'?[0m [1m[35m[plugin angular-compiler][0m

    src/app/services/curriculum.service.ts:695:8:
[37m      695 │         [32mvideoQuery[37m: 'REST API Node.js uzbek',
          ╵         [32m~~~~~~~~~~[0m


[31mX [41;31m[[41;97mERROR[41;31m][0m [1mTS2561: Object literal may only specify known properties, but 'videoQuery' does not exist in type 'LessonSeed'. Did you mean to write 'videoUrl'?[0m [1m[35m[plugin angular-compiler][0m

    src/app/services/curriculum.service.ts:718:8:
[37m      718 │         [32mvideoQuery[37m: 'Node.js register auth uzbek',
          ╵         [32m~~~~~~~~~~[0m


[31mX [41;31m[[41;97mERROR[41;31m][0m [1mTS2561: Object literal may only specify known properties, but 'videoQuery' does not exist in type 'LessonSeed'. Did you mean to write 'videoUrl'?[0m [1m[35m[plugin angular-compiler][0m

    src/app/services/curriculum.service.ts:739:8:
[37m      739 │         [32mvideoQuery[37m: 'Angular fetch API service uzbek',
          ╵         [32m~~~~~~~~~~[0m


[31mX [41;31m[[41;97mERROR[41;31m][0m [1mTS2561: Object literal may only specify known properties, but 'videoQuery' does not exist in type 'LessonSeed'. Did you mean to write 'videoUrl'?[0m [1m[35m[plugin angular-compiler][0m

    src/app/services/curriculum.service.ts:760:8:
[37m      760 │         [32mvideoQuery[37m: 'Node.js clean code validation error handling...
          ╵         [32m~~~~~~~~~~[0m


[31mX [41;31m[[41;97mERROR[41;31m][0m [1mTS2561: Object literal may only specify known properties, but 'videoQuery' does not exist in type 'LessonSeed'. Did you mean to write 'videoUrl'?[0m [1m[35m[plugin angular-compiler][0m

    src/app/services/curriculum.service.ts:783:8:
[37m      783 │         [32mvideoQuery[37m: 'Git 0 dan uzbek',
          ╵         [32m~~~~~~~~~~[0m


[31mX [41;31m[[41;97mERROR[41;31m][0m [1mTS2561: Object literal may only specify known properties, but 'videoQuery' does not exist in type 'LessonSeed'. Did you mean to write 'videoUrl'?[0m [1m[35m[plugin angular-compiler][0m

    src/app/services/curriculum.service.ts:806:8:
[37m      806 │         [32mvideoQuery[37m: 'GitHub account repo push uzbek',
          ╵         [32m~~~~~~~~~~[0m


[31mX [41;31m[[41;97mERROR[41;31m][0m [1mTS2561: Object literal may only specify known properties, but 'videoQuery' does not exist in type 'LessonSeed'. Did you mean to write 'videoUrl'?[0m [1m[35m[plugin angular-compiler][0m

    src/app/services/curriculum.service.ts:824:8:
[37m      824 │         [32mvideoQuery[37m: 'Git branch merge conflict uzbek',
          ╵         [32m~~~~~~~~~~[0m


[31mX [41;31m[[41;97mERROR[41;31m][0m [1mTS2561: Object literal may only specify known properties, but 'videoQuery' does not exist in type 'LessonSeed'. Did you mean to write 'videoUrl'?[0m [1m[35m[plugin angular-compiler][0m

    src/app/services/curriculum.service.ts:847:8:
[37m      847 │         [32mvideoQuery[37m: 'GitHub pull request code review uzbek',
          ╵         [32m~~~~~~~~~~[0m


[31mX [41;31m[[41;97mERROR[41;31m][0m [1mTS2561: Object literal may only specify known properties, but 'videoQuery' does not exist in type 'LessonSeed'. Did you mean to write 'videoUrl'?[0m [1m[35m[plugin angular-compiler][0m

    src/app/services/curriculum.service.ts:869:8:
[37m      869 │         [32mvideoQuery[37m: 'GitHub Pages deploy uzbek',
          ╵         [32m~~~~~~~~~~[0m


[31mX [41;31m[[41;97mERROR[41;31m][0m [1mTS2561: Object literal may only specify known properties, but 'videoQuery' does not exist in type 'LessonSeed'. Did you mean to write 'videoUrl'?[0m [1m[35m[plugin angular-compiler][0m

    src/app/services/curriculum.service.ts:888:8:
[37m      888 │         [32mvideoQuery[37m: 'Junior frontend portfolio final project uzbek',
          ╵         [32m~~~~~~~~~~[0m

[39m[22m
[1m[31m[31mX [41;31m[[41;97mERROR[41;31m][0m [1mTS2561: Object literal may only specify known properties, but 'videoQuery' does not exist in type 'LessonSeed'. Did you mean to write 'videoUrl'?[0m [1m[35m[plugin angular-compiler][0m

    src/app/services/curriculum.service.ts:91:8:
[37m      91 │         [32mvideoQuery[37m: 'Chrome DevTools uzbek',
         ╵         [32m~~~~~~~~~~[0m


[31mX [41;31m[[41;97mERROR[41;31m][0m [1mTS2561: Object literal may only specify known properties, but 'videoQuery' does not exist in type 'LessonSeed'. Did you mean to write 'videoUrl'?[0m [1m[35m[plugin angular-compiler][0m

    src/app/services/curriculum.service.ts:111:8:
[37m      111 │         [32mvideoQuery[37m: 'frontend project folder structure uzbek',
          ╵         [32m~~~~~~~~~~[0m


[31mX [41;31m[[41;97mERROR[41;31m][0m [1mTS2561: Object literal may only specify known properties, but 'videoQuery' does not exist in type 'LessonSeed'. Did you mean to write 'videoUrl'?[0m [1m[35m[plugin angular-compiler][0m

    src/app/services/curriculum.service.ts:136:8:
[37m      136 │         [32mvideoQuery[37m: 'frontend backend API nima uzbek',
          ╵         [32m~~~~~~~~~~[0m


[31mX [41;31m[[41;97mERROR[41;31m][0m [1mTS2561: Object literal may only specify known properties, but 'videoQuery' does not exist in type 'LessonSeed'. Did you mean to write 'videoUrl'?[0m [1m[35m[plugin angular-compiler][0m

    src/app/services/curriculum.service.ts:160:8:
[37m      160 │         [32mvideoQuery[37m: 'HTML 0 dan',
          ╵         [32m~~~~~~~~~~[0m


[31mX [41;31m[[41;97mERROR[41;31m][0m [1mTS2561: Object literal may only specify known properties, but 'videoQuery' does not exist in type 'LessonSeed'. Did you mean to write 'videoUrl'?[0m [1m[35m[plugin angular-compiler][0m

    src/app/services/curriculum.service.ts:189:8:
[37m      189 │         [32mvideoQuery[37m: 'HTML h1 p ul ol li uzbek',
          ╵         [32m~~~~~~~~~~[0m


[31mX [41;31m[[41;97mERROR[41;31m][0m [1mTS2561: Object literal may only specify known properties, but 'videoQuery' does not exist in type 'LessonSeed'. Did you mean to write 'videoUrl'?[0m [1m[35m[plugin angular-compiler][0m

    src/app/services/curriculum.service.ts:216:8:
[37m      216 │         [32mvideoQuery[37m: 'HTML link image alt uzbek',
          ╵         [32m~~~~~~~~~~[0m


[31mX [41;31m[[41;97mERROR[41;31m][0m [1mTS2561: Object literal may only specify known properties, but 'videoQuery' does not exist in type 'LessonSeed'. Did you mean to write 'videoUrl'?[0m [1m[35m[plugin angular-compiler][0m

    src/app/services/curriculum.service.ts:240:8:
[37m      240 │         [32mvideoQuery[37m: 'HTML form input label uzbek',
          ╵         [32m~~~~~~~~~~[0m


[31mX [41;31m[[41;97mERROR[41;31m][0m [1mTS2561: Object literal may only specify known properties, but 'videoQuery' does not exist in type 'LessonSeed'. Did you mean to write 'videoUrl'?[0m [1m[35m[plugin angular-compiler][0m

    src/app/services/curriculum.service.ts:270:8:
[37m      270 │         [32mvideoQuery[37m: 'semantic HTML uzbek',
          ╵         [32m~~~~~~~~~~[0m


[31mX [41;31m[[41;97mERROR[41;31m][0m [1mTS2561: Object literal may only specify known properties, but 'videoQuery' does not exist in type 'LessonSeed'. Did you mean to write 'videoUrl'?[0m [1m[35m[plugin angular-compiler][0m

    src/app/services/curriculum.service.ts:304:8:
[37m      304 │         [32mvideoQuery[37m: 'HTML portfolio project uzbek',
          ╵         [32m~~~~~~~~~~[0m


[31mX [41;31m[[41;97mERROR[41;31m][0m [1mTS2561: Object literal may only specify known properties, but 'videoQuery' does not exist in type 'LessonSeed'. Did you mean to write 'videoUrl'?[0m [1m[35m[plugin angular-compiler][0m

    src/app/services/curriculum.service.ts:338:8:
[37m      338 │         [32mvideoQuery[37m: 'CSS 0 dan uzbek',
          ╵         [32m~~~~~~~~~~[0m


[31mX [41;31m[[41;97mERROR[41;31m][0m [1mTS2561: Object literal may only specify known properties, but 'videoQuery' does not exist in type 'LessonSeed'. Did you mean to write 'videoUrl'?[0m [1m[35m[plugin angular-compiler][0m

    src/app/services/curriculum.service.ts:367:8:
[37m      367 │         [32mvideoQuery[37m: 'CSS box model uzbek',
          ╵         [32m~~~~~~~~~~[0m


[31mX [41;31m[[41;97mERROR[41;31m][0m [1mTS2561: Object literal may only specify known properties, but 'videoQuery' does not exist in type 'LessonSeed'. Did you mean to write 'videoUrl'?[0m [1m[35m[plugin angular-compiler][0m

    src/app/services/curriculum.service.ts:395:8:
[37m      395 │         [32mvideoQuery[37m: 'CSS Flexbox uzbek',
          ╵         [32m~~~~~~~~~~[0m


[31mX [41;31m[[41;97mERROR[41;31m][0m [1mTS2561: Object literal may only specify known properties, but 'videoQuery' does not exist in type 'LessonSeed'. Did you mean to write 'videoUrl'?[0m [1m[35m[plugin angular-compiler][0m

    src/app/services/curriculum.service.ts:430:8:
[37m      430 │         [32mvideoQuery[37m: 'CSS Grid uzbek',
          ╵         [32m~~~~~~~~~~[0m


[31mX [41;31m[[41;97mERROR[41;31m][0m [1mTS2561: Object literal may only specify known properties, but 'videoQuery' does not exist in type 'LessonSeed'. Did you mean to write 'videoUrl'?[0m [1m[35m[plugin angular-compiler][0m

    src/app/services/curriculum.service.ts:447:8:
[37m      447 │         [32mvideoQuery[37m: 'responsive design media query uzbek',
          ╵         [32m~~~~~~~~~~[0m


[31mX [41;31m[[41;97mERROR[41;31m][0m [1mTS2561: Object literal may only specify known properties, but 'videoQuery' does not exist in type 'LessonSeed'. Did you mean to write 'videoUrl'?[0m [1m[35m[plugin angular-compiler][0m

    src/app/services/curriculum.service.ts:471:8:
[37m      471 │         [32mvideoQuery[37m: 'CSS portfolio design uzbek',
          ╵         [32m~~~~~~~~~~[0m


[31mX [41;31m[[41;97mERROR[41;31m][0m [1mTS2561: Object literal may only specify known properties, but 'videoQuery' does not exist in type 'LessonSeed'. Did you mean to write 'videoUrl'?[0m [1m[35m[plugin angular-compiler][0m

    src/app/services/curriculum.service.ts:500:8:
[37m      500 │         [32mvideoQuery[37m: 'JavaScript 0 dan uzbek',
          ╵         [32m~~~~~~~~~~[0m


[31mX [41;31m[[41;97mERROR[41;31m][0m [1mTS2561: Object literal may only specify known properties, but 'videoQuery' does not exist in type 'LessonSeed'. Did you mean to write 'videoUrl'?[0m [1m[35m[plugin angular-compiler][0m

    src/app/services/curriculum.service.ts:527:8:
[37m      527 │         [32mvideoQuery[37m: 'JavaScript if else for loop uzbek',
          ╵         [32m~~~~~~~~~~[0m


[31mX [41;31m[[41;97mERROR[41;31m][0m [1mTS2561: Object literal may only specify known properties, but 'videoQuery' does not exist in type 'LessonSeed'. Did you mean to write 'videoUrl'?[0m [1m[35m[plugin angular-compiler][0m

    src/app/services/curriculum.service.ts:552:8:
[37m      552 │         [32mvideoQuery[37m: 'JavaScript functions uzbek',
          ╵         [32m~~~~~~~~~~[0m


[31mX [41;31m[[41;97mERROR[41;31m][0m [1mTS2561: Object literal may only specify known properties, but 'videoQuery' does not exist in type 'LessonSeed'. Did you mean to write 'videoUrl'?[0m [1m[35m[plugin angular-compiler][0m

    src/app/services/curriculum.service.ts:575:8:
[37m      575 │         [32mvideoQuery[37m: 'JavaScript DOM querySelector uzbek',
          ╵         [32m~~~~~~~~~~[0m


[31mX [41;31m[[41;97mERROR[41;31m][0m [1mTS2561: Object literal may only specify known properties, but 'videoQuery' does not exist in type 'LessonSeed'. Did you mean to write 'videoUrl'?[0m [1m[35m[plugin angular-compiler][0m

    src/app/services/curriculum.service.ts:597:8:
[37m      597 │         [32mvideoQuery[37m: 'JavaScript addEventListener form validation ...
          ╵         [32m~~~~~~~~~~[0m


[31mX [41;31m[[41;97mERROR[41;31m][0m [1mTS2561: Object literal may only specify known properties, but 'videoQuery' does not exist in type 'LessonSeed'. Did you mean to write 'videoUrl'?[0m [1m[35m[plugin angular-compiler][0m

    src/app/services/curriculum.service.ts:623:8:
[37m      623 │         [32mvideoQuery[37m: 'JavaScript localStorage JSON uzbek',
          ╵         [32m~~~~~~~~~~[0m


[31mX [41;31m[[41;97mERROR[41;31m][0m [1mTS2561: Object literal may only specify known properties, but 'videoQuery' does not exist in type 'LessonSeed'. Did you mean to write 'videoUrl'?[0m [1m[35m[plugin angular-compiler][0m

    src/app/services/curriculum.service.ts:643:8:
[37m      643 │         [32mvideoQuery[37m: 'JavaScript fetch API async await uzbek',
          ╵         [32m~~~~~~~~~~[0m


[31mX [41;31m[[41;97mERROR[41;31m][0m [1mTS2561: Object literal may only specify known properties, but 'videoQuery' does not exist in type 'LessonSeed'. Did you mean to write 'videoUrl'?[0m [1m[35m[plugin angular-compiler][0m

    src/app/services/curriculum.service.ts:670:8:
[37m      670 │         [32mvideoQuery[37m: 'Node.js 0 dan uzbek',
          ╵         [32m~~~~~~~~~~[0m


[31mX [41;31m[[41;97mERROR[41;31m][0m [1mTS2561: Object literal may only specify known properties, but 'videoQuery' does not exist in type 'LessonSeed'. Did you mean to write 'videoUrl'?[0m [1m[35m[plugin angular-compiler][0m

    src/app/services/curriculum.service.ts:695:8:
[37m      695 │         [32mvideoQuery[37m: 'REST API Node.js uzbek',
          ╵         [32m~~~~~~~~~~[0m


[31mX [41;31m[[41;97mERROR[41;31m][0m [1mTS2561: Object literal may only specify known properties, but 'videoQuery' does not exist in type 'LessonSeed'. Did you mean to write 'videoUrl'?[0m [1m[35m[plugin angular-compiler][0m

    src/app/services/curriculum.service.ts:718:8:
[37m      718 │         [32mvideoQuery[37m: 'Node.js register auth uzbek',
          ╵         [32m~~~~~~~~~~[0m


[31mX [41;31m[[41;97mERROR[41;31m][0m [1mTS2561: Object literal may only specify known properties, but 'videoQuery' does not exist in type 'LessonSeed'. Did you mean to write 'videoUrl'?[0m [1m[35m[plugin angular-compiler][0m

    src/app/services/curriculum.service.ts:739:8:
[37m      739 │         [32mvideoQuery[37m: 'Angular fetch API service uzbek',
          ╵         [32m~~~~~~~~~~[0m


[31mX [41;31m[[41;97mERROR[41;31m][0m [1mTS2561: Object literal may only specify known properties, but 'videoQuery' does not exist in type 'LessonSeed'. Did you mean to write 'videoUrl'?[0m [1m[35m[plugin angular-compiler][0m

    src/app/services/curriculum.service.ts:760:8:
[37m      760 │         [32mvideoQuery[37m: 'Node.js clean code validation error handling...
          ╵         [32m~~~~~~~~~~[0m


[31mX [41;31m[[41;97mERROR[41;31m][0m [1mTS2561: Object literal may only specify known properties, but 'videoQuery' does not exist in type 'LessonSeed'. Did you mean to write 'videoUrl'?[0m [1m[35m[plugin angular-compiler][0m

    src/app/services/curriculum.service.ts:783:8:
[37m      783 │         [32mvideoQuery[37m: 'Git 0 dan uzbek',
          ╵         [32m~~~~~~~~~~[0m


[31mX [41;31m[[41;97mERROR[41;31m][0m [1mTS2561: Object literal may only specify known properties, but 'videoQuery' does not exist in type 'LessonSeed'. Did you mean to write 'videoUrl'?[0m [1m[35m[plugin angular-compiler][0m

    src/app/services/curriculum.service.ts:806:8:
[37m      806 │         [32mvideoQuery[37m: 'GitHub account repo push uzbek',
          ╵         [32m~~~~~~~~~~[0m


[31mX [41;31m[[41;97mERROR[41;31m][0m [1mTS2561: Object literal may only specify known properties, but 'videoQuery' does not exist in type 'LessonSeed'. Did you mean to write 'videoUrl'?[0m [1m[35m[plugin angular-compiler][0m

    src/app/services/curriculum.service.ts:824:8:
[37m      824 │         [32mvideoQuery[37m: 'Git branch merge conflict uzbek',
          ╵         [32m~~~~~~~~~~[0m


[31mX [41;31m[[41;97mERROR[41;31m][0m [1mTS2561: Object literal may only specify known properties, but 'videoQuery' does not exist in type 'LessonSeed'. Did you mean to write 'videoUrl'?[0m [1m[35m[plugin angular-compiler][0m

    src/app/services/curriculum.service.ts:847:8:
[37m      847 │         [32mvideoQuery[37m: 'GitHub pull request code review uzbek',
          ╵         [32m~~~~~~~~~~[0m


[31mX [41;31m[[41;97mERROR[41;31m][0m [1mTS2561: Object literal may only specify known properties, but 'videoQuery' does not exist in type 'LessonSeed'. Did you mean to write 'videoUrl'?[0m [1m[35m[plugin angular-compiler][0m

    src/app/services/curriculum.service.ts:869:8:
[37m      869 │         [32mvideoQuery[37m: 'GitHub Pages deploy uzbek',
          ╵         [32m~~~~~~~~~~[0m


[31mX [41;31m[[41;97mERROR[41;31m][0m [1mTS2561: Object literal may only specify known properties, but 'videoQuery' does not exist in type 'LessonSeed'. Did you mean to write 'videoUrl'?[0m [1m[35m[plugin angular-compiler][0m

    src/app/services/curriculum.service.ts:888:8:
[37m      888 │         [32mvideoQuery[37m: 'Junior frontend portfolio final project uzbek',
          ╵         [32m~~~~~~~~~~[0m

[39m[22m
[1m[31m[31mX [41;31m[[41;97mERROR[41;31m][0m [1mTS2561: Object literal may only specify known properties, but 'videoQuery' does not exist in type 'LessonSeed'. Did you mean to write 'videoUrl'?[0m [1m[35m[plugin angular-compiler][0m

    src/app/services/curriculum.service.ts:91:8:
[37m      91 │         [32mvideoQuery[37m: 'Chrome DevTools uzbek',
         ╵         [32m~~~~~~~~~~[0m


[31mX [41;31m[[41;97mERROR[41;31m][0m [1mTS2561: Object literal may only specify known properties, but 'videoQuery' does not exist in type 'LessonSeed'. Did you mean to write 'videoUrl'?[0m [1m[35m[plugin angular-compiler][0m

    src/app/services/curriculum.service.ts:111:8:
[37m      111 │         [32mvideoQuery[37m: 'frontend project folder structure uzbek',
          ╵         [32m~~~~~~~~~~[0m


[31mX [41;31m[[41;97mERROR[41;31m][0m [1mTS2561: Object literal may only specify known properties, but 'videoQuery' does not exist in type 'LessonSeed'. Did you mean to write 'videoUrl'?[0m [1m[35m[plugin angular-compiler][0m

    src/app/services/curriculum.service.ts:136:8:
[37m      136 │         [32mvideoQuery[37m: 'frontend backend API nima uzbek',
          ╵         [32m~~~~~~~~~~[0m


[31mX [41;31m[[41;97mERROR[41;31m][0m [1mTS2561: Object literal may only specify known properties, but 'videoQuery' does not exist in type 'LessonSeed'. Did you mean to write 'videoUrl'?[0m [1m[35m[plugin angular-compiler][0m

    src/app/services/curriculum.service.ts:160:8:
[37m      160 │         [32mvideoQuery[37m: 'HTML 0 dan',
          ╵         [32m~~~~~~~~~~[0m


[31mX [41;31m[[41;97mERROR[41;31m][0m [1mTS2561: Object literal may only specify known properties, but 'videoQuery' does not exist in type 'LessonSeed'. Did you mean to write 'videoUrl'?[0m [1m[35m[plugin angular-compiler][0m

    src/app/services/curriculum.service.ts:189:8:
[37m      189 │         [32mvideoQuery[37m: 'HTML h1 p ul ol li uzbek',
          ╵         [32m~~~~~~~~~~[0m


[31mX [41;31m[[41;97mERROR[41;31m][0m [1mTS2561: Object literal may only specify known properties, but 'videoQuery' does not exist in type 'LessonSeed'. Did you mean to write 'videoUrl'?[0m [1m[35m[plugin angular-compiler][0m

    src/app/services/curriculum.service.ts:216:8:
[37m      216 │         [32mvideoQuery[37m: 'HTML link image alt uzbek',
          ╵         [32m~~~~~~~~~~[0m


[31mX [41;31m[[41;97mERROR[41;31m][0m [1mTS2561: Object literal may only specify known properties, but 'videoQuery' does not exist in type 'LessonSeed'. Did you mean to write 'videoUrl'?[0m [1m[35m[plugin angular-compiler][0m

    src/app/services/curriculum.service.ts:240:8:
[37m      240 │         [32mvideoQuery[37m: 'HTML form input label uzbek',
          ╵         [32m~~~~~~~~~~[0m


[31mX [41;31m[[41;97mERROR[41;31m][0m [1mTS2561: Object literal may only specify known properties, but 'videoQuery' does not exist in type 'LessonSeed'. Did you mean to write 'videoUrl'?[0m [1m[35m[plugin angular-compiler][0m

    src/app/services/curriculum.service.ts:270:8:
[37m      270 │         [32mvideoQuery[37m: 'semantic HTML uzbek',
          ╵         [32m~~~~~~~~~~[0m


[31mX [41;31m[[41;97mERROR[41;31m][0m [1mTS2561: Object literal may only specify known properties, but 'videoQuery' does not exist in type 'LessonSeed'. Did you mean to write 'videoUrl'?[0m [1m[35m[plugin angular-compiler][0m

    src/app/services/curriculum.service.ts:304:8:
[37m      304 │         [32mvideoQuery[37m: 'HTML portfolio project uzbek',
          ╵         [32m~~~~~~~~~~[0m


[31mX [41;31m[[41;97mERROR[41;31m][0m [1mTS2561: Object literal may only specify known properties, but 'videoQuery' does not exist in type 'LessonSeed'. Did you mean to write 'videoUrl'?[0m [1m[35m[plugin angular-compiler][0m

    src/app/services/curriculum.service.ts:338:8:
[37m      338 │         [32mvideoQuery[37m: 'CSS 0 dan uzbek',
          ╵         [32m~~~~~~~~~~[0m


[31mX [41;31m[[41;97mERROR[41;31m][0m [1mTS2561: Object literal may only specify known properties, but 'videoQuery' does not exist in type 'LessonSeed'. Did you mean to write 'videoUrl'?[0m [1m[35m[plugin angular-compiler][0m

    src/app/services/curriculum.service.ts:367:8:
[37m      367 │         [32mvideoQuery[37m: 'CSS box model uzbek',
          ╵         [32m~~~~~~~~~~[0m


[31mX [41;31m[[41;97mERROR[41;31m][0m [1mTS2561: Object literal may only specify known properties, but 'videoQuery' does not exist in type 'LessonSeed'. Did you mean to write 'videoUrl'?[0m [1m[35m[plugin angular-compiler][0m

    src/app/services/curriculum.service.ts:395:8:
[37m      395 │         [32mvideoQuery[37m: 'CSS Flexbox uzbek',
          ╵         [32m~~~~~~~~~~[0m


[31mX [41;31m[[41;97mERROR[41;31m][0m [1mTS2561: Object literal may only specify known properties, but 'videoQuery' does not exist in type 'LessonSeed'. Did you mean to write 'videoUrl'?[0m [1m[35m[plugin angular-compiler][0m

    src/app/services/curriculum.service.ts:430:8:
[37m      430 │         [32mvideoQuery[37m: 'CSS Grid uzbek',
          ╵         [32m~~~~~~~~~~[0m


[31mX [41;31m[[41;97mERROR[41;31m][0m [1mTS2561: Object literal may only specify known properties, but 'videoQuery' does not exist in type 'LessonSeed'. Did you mean to write 'videoUrl'?[0m [1m[35m[plugin angular-compiler][0m

    src/app/services/curriculum.service.ts:447:8:
[37m      447 │         [32mvideoQuery[37m: 'responsive design media query uzbek',
          ╵         [32m~~~~~~~~~~[0m


[31mX [41;31m[[41;97mERROR[41;31m][0m [1mTS2561: Object literal may only specify known properties, but 'videoQuery' does not exist in type 'LessonSeed'. Did you mean to write 'videoUrl'?[0m [1m[35m[plugin angular-compiler][0m

    src/app/services/curriculum.service.ts:471:8:
[37m      471 │         [32mvideoQuery[37m: 'CSS portfolio design uzbek',
          ╵         [32m~~~~~~~~~~[0m


[31mX [41;31m[[41;97mERROR[41;31m][0m [1mTS2561: Object literal may only specify known properties, but 'videoQuery' does not exist in type 'LessonSeed'. Did you mean to write 'videoUrl'?[0m [1m[35m[plugin angular-compiler][0m

    src/app/services/curriculum.service.ts:500:8:
[37m      500 │         [32mvideoQuery[37m: 'JavaScript 0 dan uzbek',
          ╵         [32m~~~~~~~~~~[0m


[31mX [41;31m[[41;97mERROR[41;31m][0m [1mTS2561: Object literal may only specify known properties, but 'videoQuery' does not exist in type 'LessonSeed'. Did you mean to write 'videoUrl'?[0m [1m[35m[plugin angular-compiler][0m

    src/app/services/curriculum.service.ts:527:8:
[37m      527 │         [32mvideoQuery[37m: 'JavaScript if else for loop uzbek',
          ╵         [32m~~~~~~~~~~[0m


[31mX [41;31m[[41;97mERROR[41;31m][0m [1mTS2561: Object literal may only specify known properties, but 'videoQuery' does not exist in type 'LessonSeed'. Did you mean to write 'videoUrl'?[0m [1m[35m[plugin angular-compiler][0m

    src/app/services/curriculum.service.ts:552:8:
[37m      552 │         [32mvideoQuery[37m: 'JavaScript functions uzbek',
          ╵         [32m~~~~~~~~~~[0m


[31mX [41;31m[[41;97mERROR[41;31m][0m [1mTS2561: Object literal may only specify known properties, but 'videoQuery' does not exist in type 'LessonSeed'. Did you mean to write 'videoUrl'?[0m [1m[35m[plugin angular-compiler][0m

    src/app/services/curriculum.service.ts:575:8:
[37m      575 │         [32mvideoQuery[37m: 'JavaScript DOM querySelector uzbek',
          ╵         [32m~~~~~~~~~~[0m


[31mX [41;31m[[41;97mERROR[41;31m][0m [1mTS2561: Object literal may only specify known properties, but 'videoQuery' does not exist in type 'LessonSeed'. Did you mean to write 'videoUrl'?[0m [1m[35m[plugin angular-compiler][0m

    src/app/services/curriculum.service.ts:597:8:
[37m      597 │         [32mvideoQuery[37m: 'JavaScript addEventListener form validation ...
          ╵         [32m~~~~~~~~~~[0m


[31mX [41;31m[[41;97mERROR[41;31m][0m [1mTS2561: Object literal may only specify known properties, but 'videoQuery' does not exist in type 'LessonSeed'. Did you mean to write 'videoUrl'?[0m [1m[35m[plugin angular-compiler][0m

    src/app/services/curriculum.service.ts:623:8:
[37m      623 │         [32mvideoQuery[37m: 'JavaScript localStorage JSON uzbek',
          ╵         [32m~~~~~~~~~~[0m


[31mX [41;31m[[41;97mERROR[41;31m][0m [1mTS2561: Object literal may only specify known properties, but 'videoQuery' does not exist in type 'LessonSeed'. Did you mean to write 'videoUrl'?[0m [1m[35m[plugin angular-compiler][0m

    src/app/services/curriculum.service.ts:643:8:
[37m      643 │         [32mvideoQuery[37m: 'JavaScript fetch API async await uzbek',
          ╵         [32m~~~~~~~~~~[0m


[31mX [41;31m[[41;97mERROR[41;31m][0m [1mTS2561: Object literal may only specify known properties, but 'videoQuery' does not exist in type 'LessonSeed'. Did you mean to write 'videoUrl'?[0m [1m[35m[plugin angular-compiler][0m

    src/app/services/curriculum.service.ts:670:8:
[37m      670 │         [32mvideoQuery[37m: 'Node.js 0 dan uzbek',
          ╵         [32m~~~~~~~~~~[0m


[31mX [41;31m[[41;97mERROR[41;31m][0m [1mTS2561: Object literal may only specify known properties, but 'videoQuery' does not exist in type 'LessonSeed'. Did you mean to write 'videoUrl'?[0m [1m[35m[plugin angular-compiler][0m

    src/app/services/curriculum.service.ts:695:8:
[37m      695 │         [32mvideoQuery[37m: 'REST API Node.js uzbek',
          ╵         [32m~~~~~~~~~~[0m


[31mX [41;31m[[41;97mERROR[41;31m][0m [1mTS2561: Object literal may only specify known properties, but 'videoQuery' does not exist in type 'LessonSeed'. Did you mean to write 'videoUrl'?[0m [1m[35m[plugin angular-compiler][0m

    src/app/services/curriculum.service.ts:718:8:
[37m      718 │         [32mvideoQuery[37m: 'Node.js register auth uzbek',
          ╵         [32m~~~~~~~~~~[0m


[31mX [41;31m[[41;97mERROR[41;31m][0m [1mTS2561: Object literal may only specify known properties, but 'videoQuery' does not exist in type 'LessonSeed'. Did you mean to write 'videoUrl'?[0m [1m[35m[plugin angular-compiler][0m

    src/app/services/curriculum.service.ts:739:8:
[37m      739 │         [32mvideoQuery[37m: 'Angular fetch API service uzbek',
          ╵         [32m~~~~~~~~~~[0m


[31mX [41;31m[[41;97mERROR[41;31m][0m [1mTS2561: Object literal may only specify known properties, but 'videoQuery' does not exist in type 'LessonSeed'. Did you mean to write 'videoUrl'?[0m [1m[35m[plugin angular-compiler][0m

    src/app/services/curriculum.service.ts:760:8:
[37m      760 │         [32mvideoQuery[37m: 'Node.js clean code validation error handling...
          ╵         [32m~~~~~~~~~~[0m


[31mX [41;31m[[41;97mERROR[41;31m][0m [1mTS2561: Object literal may only specify known properties, but 'videoQuery' does not exist in type 'LessonSeed'. Did you mean to write 'videoUrl'?[0m [1m[35m[plugin angular-compiler][0m

    src/app/services/curriculum.service.ts:783:8:
[37m      783 │         [32mvideoQuery[37m: 'Git 0 dan uzbek',
          ╵         [32m~~~~~~~~~~[0m


[31mX [41;31m[[41;97mERROR[41;31m][0m [1mTS2561: Object literal may only specify known properties, but 'videoQuery' does not exist in type 'LessonSeed'. Did you mean to write 'videoUrl'?[0m [1m[35m[plugin angular-compiler][0m

    src/app/services/curriculum.service.ts:806:8:
[37m      806 │         [32mvideoQuery[37m: 'GitHub account repo push uzbek',
          ╵         [32m~~~~~~~~~~[0m


[31mX [41;31m[[41;97mERROR[41;31m][0m [1mTS2561: Object literal may only specify known properties, but 'videoQuery' does not exist in type 'LessonSeed'. Did you mean to write 'videoUrl'?[0m [1m[35m[plugin angular-compiler][0m

    src/app/services/curriculum.service.ts:824:8:
[37m      824 │         [32mvideoQuery[37m: 'Git branch merge conflict uzbek',
          ╵         [32m~~~~~~~~~~[0m


[31mX [41;31m[[41;97mERROR[41;31m][0m [1mTS2561: Object literal may only specify known properties, but 'videoQuery' does not exist in type 'LessonSeed'. Did you mean to write 'videoUrl'?[0m [1m[35m[plugin angular-compiler][0m

    src/app/services/curriculum.service.ts:847:8:
[37m      847 │         [32mvideoQuery[37m: 'GitHub pull request code review uzbek',
          ╵         [32m~~~~~~~~~~[0m


[31mX [41;31m[[41;97mERROR[41;31m][0m [1mTS2561: Object literal may only specify known properties, but 'videoQuery' does not exist in type 'LessonSeed'. Did you mean to write 'videoUrl'?[0m [1m[35m[plugin angular-compiler][0m

    src/app/services/curriculum.service.ts:869:8:
[37m      869 │         [32mvideoQuery[37m: 'GitHub Pages deploy uzbek',
          ╵         [32m~~~~~~~~~~[0m


[31mX [41;31m[[41;97mERROR[41;31m][0m [1mTS2561: Object literal may only specify known properties, but 'videoQuery' does not exist in type 'LessonSeed'. Did you mean to write 'videoUrl'?[0m [1m[35m[plugin angular-compiler][0m

    src/app/services/curriculum.service.ts:888:8:
[37m      888 │         [32mvideoQuery[37m: 'Junior frontend portfolio final project uzbek',
          ╵         [32m~~~~~~~~~~[0m

[39m[22m
[1m[31m[31mX [41;31m[[41;97mERROR[41;31m][0m [1mTS2561: Object literal may only specify known properties, but 'videoQuery' does not exist in type 'LessonSeed'. Did you mean to write 'videoUrl'?[0m [1m[35m[plugin angular-compiler][0m

    src/app/services/curriculum.service.ts:91:8:
[37m      91 │         [32mvideoQuery[37m: 'Chrome DevTools uzbek',
         ╵         [32m~~~~~~~~~~[0m


[31mX [41;31m[[41;97mERROR[41;31m][0m [1mTS2561: Object literal may only specify known properties, but 'videoQuery' does not exist in type 'LessonSeed'. Did you mean to write 'videoUrl'?[0m [1m[35m[plugin angular-compiler][0m

    src/app/services/curriculum.service.ts:111:8:
[37m      111 │         [32mvideoQuery[37m: 'frontend project folder structure uzbek',
          ╵         [32m~~~~~~~~~~[0m


[31mX [41;31m[[41;97mERROR[41;31m][0m [1mTS2561: Object literal may only specify known properties, but 'videoQuery' does not exist in type 'LessonSeed'. Did you mean to write 'videoUrl'?[0m [1m[35m[plugin angular-compiler][0m

    src/app/services/curriculum.service.ts:136:8:
[37m      136 │         [32mvideoQuery[37m: 'frontend backend API nima uzbek',
          ╵         [32m~~~~~~~~~~[0m


[31mX [41;31m[[41;97mERROR[41;31m][0m [1mTS2561: Object literal may only specify known properties, but 'videoQuery' does not exist in type 'LessonSeed'. Did you mean to write 'videoUrl'?[0m [1m[35m[plugin angular-compiler][0m

    src/app/services/curriculum.service.ts:160:8:
[37m      160 │         [32mvideoQuery[37m: 'HTML 0 dan',
          ╵         [32m~~~~~~~~~~[0m


[31mX [41;31m[[41;97mERROR[41;31m][0m [1mTS2561: Object literal may only specify known properties, but 'videoQuery' does not exist in type 'LessonSeed'. Did you mean to write 'videoUrl'?[0m [1m[35m[plugin angular-compiler][0m

    src/app/services/curriculum.service.ts:189:8:
[37m      189 │         [32mvideoQuery[37m: 'HTML h1 p ul ol li uzbek',
          ╵         [32m~~~~~~~~~~[0m


[31mX [41;31m[[41;97mERROR[41;31m][0m [1mTS2561: Object literal may only specify known properties, but 'videoQuery' does not exist in type 'LessonSeed'. Did you mean to write 'videoUrl'?[0m [1m[35m[plugin angular-compiler][0m

    src/app/services/curriculum.service.ts:216:8:
[37m      216 │         [32mvideoQuery[37m: 'HTML link image alt uzbek',
          ╵         [32m~~~~~~~~~~[0m


[31mX [41;31m[[41;97mERROR[41;31m][0m [1mTS2561: Object literal may only specify known properties, but 'videoQuery' does not exist in type 'LessonSeed'. Did you mean to write 'videoUrl'?[0m [1m[35m[plugin angular-compiler][0m

    src/app/services/curriculum.service.ts:240:8:
[37m      240 │         [32mvideoQuery[37m: 'HTML form input label uzbek',
          ╵         [32m~~~~~~~~~~[0m


[31mX [41;31m[[41;97mERROR[41;31m][0m [1mTS2561: Object literal may only specify known properties, but 'videoQuery' does not exist in type 'LessonSeed'. Did you mean to write 'videoUrl'?[0m [1m[35m[plugin angular-compiler][0m

    src/app/services/curriculum.service.ts:270:8:
[37m      270 │         [32mvideoQuery[37m: 'semantic HTML uzbek',
          ╵         [32m~~~~~~~~~~[0m


[31mX [41;31m[[41;97mERROR[41;31m][0m [1mTS2561: Object literal may only specify known properties, but 'videoQuery' does not exist in type 'LessonSeed'. Did you mean to write 'videoUrl'?[0m [1m[35m[plugin angular-compiler][0m

    src/app/services/curriculum.service.ts:304:8:
[37m      304 │         [32mvideoQuery[37m: 'HTML portfolio project uzbek',
          ╵         [32m~~~~~~~~~~[0m


[31mX [41;31m[[41;97mERROR[41;31m][0m [1mTS2561: Object literal may only specify known properties, but 'videoQuery' does not exist in type 'LessonSeed'. Did you mean to write 'videoUrl'?[0m [1m[35m[plugin angular-compiler][0m

    src/app/services/curriculum.service.ts:338:8:
[37m      338 │         [32mvideoQuery[37m: 'CSS 0 dan uzbek',
          ╵         [32m~~~~~~~~~~[0m


[31mX [41;31m[[41;97mERROR[41;31m][0m [1mTS2561: Object literal may only specify known properties, but 'videoQuery' does not exist in type 'LessonSeed'. Did you mean to write 'videoUrl'?[0m [1m[35m[plugin angular-compiler][0m

    src/app/services/curriculum.service.ts:367:8:
[37m      367 │         [32mvideoQuery[37m: 'CSS box model uzbek',
          ╵         [32m~~~~~~~~~~[0m


[31mX [41;31m[[41;97mERROR[41;31m][0m [1mTS2561: Object literal may only specify known properties, but 'videoQuery' does not exist in type 'LessonSeed'. Did you mean to write 'videoUrl'?[0m [1m[35m[plugin angular-compiler][0m

    src/app/services/curriculum.service.ts:395:8:
[37m      395 │         [32mvideoQuery[37m: 'CSS Flexbox uzbek',
          ╵         [32m~~~~~~~~~~[0m


[31mX [41;31m[[41;97mERROR[41;31m][0m [1mTS2561: Object literal may only specify known properties, but 'videoQuery' does not exist in type 'LessonSeed'. Did you mean to write 'videoUrl'?[0m [1m[35m[plugin angular-compiler][0m

    src/app/services/curriculum.service.ts:430:8:
[37m      430 │         [32mvideoQuery[37m: 'CSS Grid uzbek',
          ╵         [32m~~~~~~~~~~[0m


[31mX [41;31m[[41;97mERROR[41;31m][0m [1mTS2561: Object literal may only specify known properties, but 'videoQuery' does not exist in type 'LessonSeed'. Did you mean to write 'videoUrl'?[0m [1m[35m[plugin angular-compiler][0m

    src/app/services/curriculum.service.ts:447:8:
[37m      447 │         [32mvideoQuery[37m: 'responsive design media query uzbek',
          ╵         [32m~~~~~~~~~~[0m


[31mX [41;31m[[41;97mERROR[41;31m][0m [1mTS2561: Object literal may only specify known properties, but 'videoQuery' does not exist in type 'LessonSeed'. Did you mean to write 'videoUrl'?[0m [1m[35m[plugin angular-compiler][0m

    src/app/services/curriculum.service.ts:471:8:
[37m      471 │         [32mvideoQuery[37m: 'CSS portfolio design uzbek',
          ╵         [32m~~~~~~~~~~[0m


[31mX [41;31m[[41;97mERROR[41;31m][0m [1mTS2561: Object literal may only specify known properties, but 'videoQuery' does not exist in type 'LessonSeed'. Did you mean to write 'videoUrl'?[0m [1m[35m[plugin angular-compiler][0m

    src/app/services/curriculum.service.ts:500:8:
[37m      500 │         [32mvideoQuery[37m: 'JavaScript 0 dan uzbek',
          ╵         [32m~~~~~~~~~~[0m


[31mX [41;31m[[41;97mERROR[41;31m][0m [1mTS2561: Object literal may only specify known properties, but 'videoQuery' does not exist in type 'LessonSeed'. Did you mean to write 'videoUrl'?[0m [1m[35m[plugin angular-compiler][0m

    src/app/services/curriculum.service.ts:527:8:
[37m      527 │         [32mvideoQuery[37m: 'JavaScript if else for loop uzbek',
          ╵         [32m~~~~~~~~~~[0m


[31mX [41;31m[[41;97mERROR[41;31m][0m [1mTS2561: Object literal may only specify known properties, but 'videoQuery' does not exist in type 'LessonSeed'. Did you mean to write 'videoUrl'?[0m [1m[35m[plugin angular-compiler][0m

    src/app/services/curriculum.service.ts:552:8:
[37m      552 │         [32mvideoQuery[37m: 'JavaScript functions uzbek',
          ╵         [32m~~~~~~~~~~[0m


[31mX [41;31m[[41;97mERROR[41;31m][0m [1mTS2561: Object literal may only specify known properties, but 'videoQuery' does not exist in type 'LessonSeed'. Did you mean to write 'videoUrl'?[0m [1m[35m[plugin angular-compiler][0m

    src/app/services/curriculum.service.ts:575:8:
[37m      575 │         [32mvideoQuery[37m: 'JavaScript DOM querySelector uzbek',
          ╵         [32m~~~~~~~~~~[0m


[31mX [41;31m[[41;97mERROR[41;31m][0m [1mTS2561: Object literal may only specify known properties, but 'videoQuery' does not exist in type 'LessonSeed'. Did you mean to write 'videoUrl'?[0m [1m[35m[plugin angular-compiler][0m

    src/app/services/curriculum.service.ts:597:8:
[37m      597 │         [32mvideoQuery[37m: 'JavaScript addEventListener form validation ...
          ╵         [32m~~~~~~~~~~[0m


[31mX [41;31m[[41;97mERROR[41;31m][0m [1mTS2561: Object literal may only specify known properties, but 'videoQuery' does not exist in type 'LessonSeed'. Did you mean to write 'videoUrl'?[0m [1m[35m[plugin angular-compiler][0m

    src/app/services/curriculum.service.ts:623:8:
[37m      623 │         [32mvideoQuery[37m: 'JavaScript localStorage JSON uzbek',
          ╵         [32m~~~~~~~~~~[0m


[31mX [41;31m[[41;97mERROR[41;31m][0m [1mTS2561: Object literal may only specify known properties, but 'videoQuery' does not exist in type 'LessonSeed'. Did you mean to write 'videoUrl'?[0m [1m[35m[plugin angular-compiler][0m

    src/app/services/curriculum.service.ts:643:8:
[37m      643 │         [32mvideoQuery[37m: 'JavaScript fetch API async await uzbek',
          ╵         [32m~~~~~~~~~~[0m


[31mX [41;31m[[41;97mERROR[41;31m][0m [1mTS2561: Object literal may only specify known properties, but 'videoQuery' does not exist in type 'LessonSeed'. Did you mean to write 'videoUrl'?[0m [1m[35m[plugin angular-compiler][0m

    src/app/services/curriculum.service.ts:670:8:
[37m      670 │         [32mvideoQuery[37m: 'Node.js 0 dan uzbek',
          ╵         [32m~~~~~~~~~~[0m


[31mX [41;31m[[41;97mERROR[41;31m][0m [1mTS2561: Object literal may only specify known properties, but 'videoQuery' does not exist in type 'LessonSeed'. Did you mean to write 'videoUrl'?[0m [1m[35m[plugin angular-compiler][0m

    src/app/services/curriculum.service.ts:695:8:
[37m      695 │         [32mvideoQuery[37m: 'REST API Node.js uzbek',
          ╵         [32m~~~~~~~~~~[0m


[31mX [41;31m[[41;97mERROR[41;31m][0m [1mTS2561: Object literal may only specify known properties, but 'videoQuery' does not exist in type 'LessonSeed'. Did you mean to write 'videoUrl'?[0m [1m[35m[plugin angular-compiler][0m

    src/app/services/curriculum.service.ts:718:8:
[37m      718 │         [32mvideoQuery[37m: 'Node.js register auth uzbek',
          ╵         [32m~~~~~~~~~~[0m


[31mX [41;31m[[41;97mERROR[41;31m][0m [1mTS2561: Object literal may only specify known properties, but 'videoQuery' does not exist in type 'LessonSeed'. Did you mean to write 'videoUrl'?[0m [1m[35m[plugin angular-compiler][0m

    src/app/services/curriculum.service.ts:739:8:
[37m      739 │         [32mvideoQuery[37m: 'Angular fetch API service uzbek',
          ╵         [32m~~~~~~~~~~[0m


[31mX [41;31m[[41;97mERROR[41;31m][0m [1mTS2561: Object literal may only specify known properties, but 'videoQuery' does not exist in type 'LessonSeed'. Did you mean to write 'videoUrl'?[0m [1m[35m[plugin angular-compiler][0m

    src/app/services/curriculum.service.ts:760:8:
[37m      760 │         [32mvideoQuery[37m: 'Node.js clean code validation error handling...
          ╵         [32m~~~~~~~~~~[0m


[31mX [41;31m[[41;97mERROR[41;31m][0m [1mTS2561: Object literal may only specify known properties, but 'videoQuery' does not exist in type 'LessonSeed'. Did you mean to write 'videoUrl'?[0m [1m[35m[plugin angular-compiler][0m

    src/app/services/curriculum.service.ts:783:8:
[37m      783 │         [32mvideoQuery[37m: 'Git 0 dan uzbek',
          ╵         [32m~~~~~~~~~~[0m


[31mX [41;31m[[41;97mERROR[41;31m][0m [1mTS2561: Object literal may only specify known properties, but 'videoQuery' does not exist in type 'LessonSeed'. Did you mean to write 'videoUrl'?[0m [1m[35m[plugin angular-compiler][0m

    src/app/services/curriculum.service.ts:806:8:
[37m      806 │         [32mvideoQuery[37m: 'GitHub account repo push uzbek',
          ╵         [32m~~~~~~~~~~[0m


[31mX [41;31m[[41;97mERROR[41;31m][0m [1mTS2561: Object literal may only specify known properties, but 'videoQuery' does not exist in type 'LessonSeed'. Did you mean to write 'videoUrl'?[0m [1m[35m[plugin angular-compiler][0m

    src/app/services/curriculum.service.ts:824:8:
[37m      824 │         [32mvideoQuery[37m: 'Git branch merge conflict uzbek',
          ╵         [32m~~~~~~~~~~[0m


[31mX [41;31m[[41;97mERROR[41;31m][0m [1mTS2561: Object literal may only specify known properties, but 'videoQuery' does not exist in type 'LessonSeed'. Did you mean to write 'videoUrl'?[0m [1m[35m[plugin angular-compiler][0m

    src/app/services/curriculum.service.ts:847:8:
[37m      847 │         [32mvideoQuery[37m: 'GitHub pull request code review uzbek',
          ╵         [32m~~~~~~~~~~[0m


[31mX [41;31m[[41;97mERROR[41;31m][0m [1mTS2561: Object literal may only specify known properties, but 'videoQuery' does not exist in type 'LessonSeed'. Did you mean to write 'videoUrl'?[0m [1m[35m[plugin angular-compiler][0m

    src/app/services/curriculum.service.ts:869:8:
[37m      869 │         [32mvideoQuery[37m: 'GitHub Pages deploy uzbek',
          ╵         [32m~~~~~~~~~~[0m


[31mX [41;31m[[41;97mERROR[41;31m][0m [1mTS2561: Object literal may only specify known properties, but 'videoQuery' does not exist in type 'LessonSeed'. Did you mean to write 'videoUrl'?[0m [1m[35m[plugin angular-compiler][0m

    src/app/services/curriculum.service.ts:888:8:
[37m      888 │         [32mvideoQuery[37m: 'Junior frontend portfolio final project uzbek',
          ╵         [32m~~~~~~~~~~[0m

[39m[22m
[1m[31m[31mX [41;31m[[41;97mERROR[41;31m][0m [1mTS2561: Object literal may only specify known properties, but 'videoQuery' does not exist in type 'LessonSeed'. Did you mean to write 'videoUrl'?[0m [1m[35m[plugin angular-compiler][0m

    src/app/services/curriculum.service.ts:91:8:
[37m      91 │         [32mvideoQuery[37m: 'Chrome DevTools uzbek',
         ╵         [32m~~~~~~~~~~[0m


[31mX [41;31m[[41;97mERROR[41;31m][0m [1mTS2561: Object literal may only specify known properties, but 'videoQuery' does not exist in type 'LessonSeed'. Did you mean to write 'videoUrl'?[0m [1m[35m[plugin angular-compiler][0m

    src/app/services/curriculum.service.ts:111:8:
[37m      111 │         [32mvideoQuery[37m: 'frontend project folder structure uzbek',
          ╵         [32m~~~~~~~~~~[0m


[31mX [41;31m[[41;97mERROR[41;31m][0m [1mTS2561: Object literal may only specify known properties, but 'videoQuery' does not exist in type 'LessonSeed'. Did you mean to write 'videoUrl'?[0m [1m[35m[plugin angular-compiler][0m

    src/app/services/curriculum.service.ts:136:8:
[37m      136 │         [32mvideoQuery[37m: 'frontend backend API nima uzbek',
          ╵         [32m~~~~~~~~~~[0m


[31mX [41;31m[[41;97mERROR[41;31m][0m [1mTS2561: Object literal may only specify known properties, but 'videoQuery' does not exist in type 'LessonSeed'. Did you mean to write 'videoUrl'?[0m [1m[35m[plugin angular-compiler][0m

    src/app/services/curriculum.service.ts:160:8:
[37m      160 │         [32mvideoQuery[37m: 'HTML 0 dan',
          ╵         [32m~~~~~~~~~~[0m


[31mX [41;31m[[41;97mERROR[41;31m][0m [1mTS2561: Object literal may only specify known properties, but 'videoQuery' does not exist in type 'LessonSeed'. Did you mean to write 'videoUrl'?[0m [1m[35m[plugin angular-compiler][0m

    src/app/services/curriculum.service.ts:189:8:
[37m      189 │         [32mvideoQuery[37m: 'HTML h1 p ul ol li uzbek',
          ╵         [32m~~~~~~~~~~[0m


[31mX [41;31m[[41;97mERROR[41;31m][0m [1mTS2561: Object literal may only specify known properties, but 'videoQuery' does not exist in type 'LessonSeed'. Did you mean to write 'videoUrl'?[0m [1m[35m[plugin angular-compiler][0m

    src/app/services/curriculum.service.ts:216:8:
[37m      216 │         [32mvideoQuery[37m: 'HTML link image alt uzbek',
          ╵         [32m~~~~~~~~~~[0m


[31mX [41;31m[[41;97mERROR[41;31m][0m [1mTS2561: Object literal may only specify known properties, but 'videoQuery' does not exist in type 'LessonSeed'. Did you mean to write 'videoUrl'?[0m [1m[35m[plugin angular-compiler][0m

    src/app/services/curriculum.service.ts:240:8:
[37m      240 │         [32mvideoQuery[37m: 'HTML form input label uzbek',
          ╵         [32m~~~~~~~~~~[0m


[31mX [41;31m[[41;97mERROR[41;31m][0m [1mTS2561: Object literal may only specify known properties, but 'videoQuery' does not exist in type 'LessonSeed'. Did you mean to write 'videoUrl'?[0m [1m[35m[plugin angular-compiler][0m

    src/app/services/curriculum.service.ts:270:8:
[37m      270 │         [32mvideoQuery[37m: 'semantic HTML uzbek',
          ╵         [32m~~~~~~~~~~[0m


[31mX [41;31m[[41;97mERROR[41;31m][0m [1mTS2561: Object literal may only specify known properties, but 'videoQuery' does not exist in type 'LessonSeed'. Did you mean to write 'videoUrl'?[0m [1m[35m[plugin angular-compiler][0m

    src/app/services/curriculum.service.ts:304:8:
[37m      304 │         [32mvideoQuery[37m: 'HTML portfolio project uzbek',
          ╵         [32m~~~~~~~~~~[0m


[31mX [41;31m[[41;97mERROR[41;31m][0m [1mTS2561: Object literal may only specify known properties, but 'videoQuery' does not exist in type 'LessonSeed'. Did you mean to write 'videoUrl'?[0m [1m[35m[plugin angular-compiler][0m

    src/app/services/curriculum.service.ts:338:8:
[37m      338 │         [32mvideoQuery[37m: 'CSS 0 dan uzbek',
          ╵         [32m~~~~~~~~~~[0m


[31mX [41;31m[[41;97mERROR[41;31m][0m [1mTS2561: Object literal may only specify known properties, but 'videoQuery' does not exist in type 'LessonSeed'. Did you mean to write 'videoUrl'?[0m [1m[35m[plugin angular-compiler][0m

    src/app/services/curriculum.service.ts:367:8:
[37m      367 │         [32mvideoQuery[37m: 'CSS box model uzbek',
          ╵         [32m~~~~~~~~~~[0m


[31mX [41;31m[[41;97mERROR[41;31m][0m [1mTS2561: Object literal may only specify known properties, but 'videoQuery' does not exist in type 'LessonSeed'. Did you mean to write 'videoUrl'?[0m [1m[35m[plugin angular-compiler][0m

    src/app/services/curriculum.service.ts:395:8:
[37m      395 │         [32mvideoQuery[37m: 'CSS Flexbox uzbek',
          ╵         [32m~~~~~~~~~~[0m


[31mX [41;31m[[41;97mERROR[41;31m][0m [1mTS2561: Object literal may only specify known properties, but 'videoQuery' does not exist in type 'LessonSeed'. Did you mean to write 'videoUrl'?[0m [1m[35m[plugin angular-compiler][0m

    src/app/services/curriculum.service.ts:430:8:
[37m      430 │         [32mvideoQuery[37m: 'CSS Grid uzbek',
          ╵         [32m~~~~~~~~~~[0m


[31mX [41;31m[[41;97mERROR[41;31m][0m [1mTS2561: Object literal may only specify known properties, but 'videoQuery' does not exist in type 'LessonSeed'. Did you mean to write 'videoUrl'?[0m [1m[35m[plugin angular-compiler][0m

    src/app/services/curriculum.service.ts:447:8:
[37m      447 │         [32mvideoQuery[37m: 'responsive design media query uzbek',
          ╵         [32m~~~~~~~~~~[0m


[31mX [41;31m[[41;97mERROR[41;31m][0m [1mTS2561: Object literal may only specify known properties, but 'videoQuery' does not exist in type 'LessonSeed'. Did you mean to write 'videoUrl'?[0m [1m[35m[plugin angular-compiler][0m

    src/app/services/curriculum.service.ts:471:8:
[37m      471 │         [32mvideoQuery[37m: 'CSS portfolio design uzbek',
          ╵         [32m~~~~~~~~~~[0m


[31mX [41;31m[[41;97mERROR[41;31m][0m [1mTS2561: Object literal may only specify known properties, but 'videoQuery' does not exist in type 'LessonSeed'. Did you mean to write 'videoUrl'?[0m [1m[35m[plugin angular-compiler][0m

    src/app/services/curriculum.service.ts:500:8:
[37m      500 │         [32mvideoQuery[37m: 'JavaScript 0 dan uzbek',
          ╵         [32m~~~~~~~~~~[0m


[31mX [41;31m[[41;97mERROR[41;31m][0m [1mTS2561: Object literal may only specify known properties, but 'videoQuery' does not exist in type 'LessonSeed'. Did you mean to write 'videoUrl'?[0m [1m[35m[plugin angular-compiler][0m

    src/app/services/curriculum.service.ts:527:8:
[37m      527 │         [32mvideoQuery[37m: 'JavaScript if else for loop uzbek',
          ╵         [32m~~~~~~~~~~[0m


[31mX [41;31m[[41;97mERROR[41;31m][0m [1mTS2561: Object literal may only specify known properties, but 'videoQuery' does not exist in type 'LessonSeed'. Did you mean to write 'videoUrl'?[0m [1m[35m[plugin angular-compiler][0m

    src/app/services/curriculum.service.ts:552:8:
[37m      552 │         [32mvideoQuery[37m: 'JavaScript functions uzbek',
          ╵         [32m~~~~~~~~~~[0m


[31mX [41;31m[[41;97mERROR[41;31m][0m [1mTS2561: Object literal may only specify known properties, but 'videoQuery' does not exist in type 'LessonSeed'. Did you mean to write 'videoUrl'?[0m [1m[35m[plugin angular-compiler][0m

    src/app/services/curriculum.service.ts:575:8:
[37m      575 │         [32mvideoQuery[37m: 'JavaScript DOM querySelector uzbek',
          ╵         [32m~~~~~~~~~~[0m


[31mX [41;31m[[41;97mERROR[41;31m][0m [1mTS2561: Object literal may only specify known properties, but 'videoQuery' does not exist in type 'LessonSeed'. Did you mean to write 'videoUrl'?[0m [1m[35m[plugin angular-compiler][0m

    src/app/services/curriculum.service.ts:597:8:
[37m      597 │         [32mvideoQuery[37m: 'JavaScript addEventListener form validation ...
          ╵         [32m~~~~~~~~~~[0m


[31mX [41;31m[[41;97mERROR[41;31m][0m [1mTS2561: Object literal may only specify known properties, but 'videoQuery' does not exist in type 'LessonSeed'. Did you mean to write 'videoUrl'?[0m [1m[35m[plugin angular-compiler][0m

    src/app/services/curriculum.service.ts:623:8:
[37m      623 │         [32mvideoQuery[37m: 'JavaScript localStorage JSON uzbek',
          ╵         [32m~~~~~~~~~~[0m


[31mX [41;31m[[41;97mERROR[41;31m][0m [1mTS2561: Object literal may only specify known properties, but 'videoQuery' does not exist in type 'LessonSeed'. Did you mean to write 'videoUrl'?[0m [1m[35m[plugin angular-compiler][0m

    src/app/services/curriculum.service.ts:643:8:
[37m      643 │         [32mvideoQuery[37m: 'JavaScript fetch API async await uzbek',
          ╵         [32m~~~~~~~~~~[0m


[31mX [41;31m[[41;97mERROR[41;31m][0m [1mTS2561: Object literal may only specify known properties, but 'videoQuery' does not exist in type 'LessonSeed'. Did you mean to write 'videoUrl'?[0m [1m[35m[plugin angular-compiler][0m

    src/app/services/curriculum.service.ts:670:8:
[37m      670 │         [32mvideoQuery[37m: 'Node.js 0 dan uzbek',
          ╵         [32m~~~~~~~~~~[0m


[31mX [41;31m[[41;97mERROR[41;31m][0m [1mTS2561: Object literal may only specify known properties, but 'videoQuery' does not exist in type 'LessonSeed'. Did you mean to write 'videoUrl'?[0m [1m[35m[plugin angular-compiler][0m

    src/app/services/curriculum.service.ts:695:8:
[37m      695 │         [32mvideoQuery[37m: 'REST API Node.js uzbek',
          ╵         [32m~~~~~~~~~~[0m


[31mX [41;31m[[41;97mERROR[41;31m][0m [1mTS2561: Object literal may only specify known properties, but 'videoQuery' does not exist in type 'LessonSeed'. Did you mean to write 'videoUrl'?[0m [1m[35m[plugin angular-compiler][0m

    src/app/services/curriculum.service.ts:718:8:
[37m      718 │         [32mvideoQuery[37m: 'Node.js register auth uzbek',
          ╵         [32m~~~~~~~~~~[0m


[31mX [41;31m[[41;97mERROR[41;31m][0m [1mTS2561: Object literal may only specify known properties, but 'videoQuery' does not exist in type 'LessonSeed'. Did you mean to write 'videoUrl'?[0m [1m[35m[plugin angular-compiler][0m

    src/app/services/curriculum.service.ts:739:8:
[37m      739 │         [32mvideoQuery[37m: 'Angular fetch API service uzbek',
          ╵         [32m~~~~~~~~~~[0m


[31mX [41;31m[[41;97mERROR[41;31m][0m [1mTS2561: Object literal may only specify known properties, but 'videoQuery' does not exist in type 'LessonSeed'. Did you mean to write 'videoUrl'?[0m [1m[35m[plugin angular-compiler][0m

    src/app/services/curriculum.service.ts:760:8:
[37m      760 │         [32mvideoQuery[37m: 'Node.js clean code validation error handling...
          ╵         [32m~~~~~~~~~~[0m


[31mX [41;31m[[41;97mERROR[41;31m][0m [1mTS2561: Object literal may only specify known properties, but 'videoQuery' does not exist in type 'LessonSeed'. Did you mean to write 'videoUrl'?[0m [1m[35m[plugin angular-compiler][0m

    src/app/services/curriculum.service.ts:783:8:
[37m      783 │         [32mvideoQuery[37m: 'Git 0 dan uzbek',
          ╵         [32m~~~~~~~~~~[0m


[31mX [41;31m[[41;97mERROR[41;31m][0m [1mTS2561: Object literal may only specify known properties, but 'videoQuery' does not exist in type 'LessonSeed'. Did you mean to write 'videoUrl'?[0m [1m[35m[plugin angular-compiler][0m

    src/app/services/curriculum.service.ts:806:8:
[37m      806 │         [32mvideoQuery[37m: 'GitHub account repo push uzbek',
          ╵         [32m~~~~~~~~~~[0m


[31mX [41;31m[[41;97mERROR[41;31m][0m [1mTS2561: Object literal may only specify known properties, but 'videoQuery' does not exist in type 'LessonSeed'. Did you mean to write 'videoUrl'?[0m [1m[35m[plugin angular-compiler][0m

    src/app/services/curriculum.service.ts:824:8:
[37m      824 │         [32mvideoQuery[37m: 'Git branch merge conflict uzbek',
          ╵         [32m~~~~~~~~~~[0m


[31mX [41;31m[[41;97mERROR[41;31m][0m [1mTS2561: Object literal may only specify known properties, but 'videoQuery' does not exist in type 'LessonSeed'. Did you mean to write 'videoUrl'?[0m [1m[35m[plugin angular-compiler][0m

    src/app/services/curriculum.service.ts:847:8:
[37m      847 │         [32mvideoQuery[37m: 'GitHub pull request code review uzbek',
          ╵         [32m~~~~~~~~~~[0m


[31mX [41;31m[[41;97mERROR[41;31m][0m [1mTS2561: Object literal may only specify known properties, but 'videoQuery' does not exist in type 'LessonSeed'. Did you mean to write 'videoUrl'?[0m [1m[35m[plugin angular-compiler][0m

    src/app/services/curriculum.service.ts:869:8:
[37m      869 │         [32mvideoQuery[37m: 'GitHub Pages deploy uzbek',
          ╵         [32m~~~~~~~~~~[0m


[31mX [41;31m[[41;97mERROR[41;31m][0m [1mTS2561: Object literal may only specify known properties, but 'videoQuery' does not exist in type 'LessonSeed'. Did you mean to write 'videoUrl'?[0m [1m[35m[plugin angular-compiler][0m

    src/app/services/curriculum.service.ts:888:8:
[37m      888 │         [32mvideoQuery[37m: 'Junior frontend portfolio final project uzbek',
          ╵         [32m~~~~~~~~~~[0m

[39m[22m
[1m[31m[31mX [41;31m[[41;97mERROR[41;31m][0m [1mTS2561: Object literal may only specify known properties, but 'videoQuery' does not exist in type 'LessonSeed'. Did you mean to write 'videoUrl'?[0m [1m[35m[plugin angular-compiler][0m

    src/app/services/curriculum.service.ts:91:8:
[37m      91 │         [32mvideoQuery[37m: 'Chrome DevTools uzbek',
         ╵         [32m~~~~~~~~~~[0m


[31mX [41;31m[[41;97mERROR[41;31m][0m [1mTS2561: Object literal may only specify known properties, but 'videoQuery' does not exist in type 'LessonSeed'. Did you mean to write 'videoUrl'?[0m [1m[35m[plugin angular-compiler][0m

    src/app/services/curriculum.service.ts:111:8:
[37m      111 │         [32mvideoQuery[37m: 'frontend project folder structure uzbek',
          ╵         [32m~~~~~~~~~~[0m


[31mX [41;31m[[41;97mERROR[41;31m][0m [1mTS2561: Object literal may only specify known properties, but 'videoQuery' does not exist in type 'LessonSeed'. Did you mean to write 'videoUrl'?[0m [1m[35m[plugin angular-compiler][0m

    src/app/services/curriculum.service.ts:136:8:
[37m      136 │         [32mvideoQuery[37m: 'frontend backend API nima uzbek',
          ╵         [32m~~~~~~~~~~[0m


[31mX [41;31m[[41;97mERROR[41;31m][0m [1mTS2561: Object literal may only specify known properties, but 'videoQuery' does not exist in type 'LessonSeed'. Did you mean to write 'videoUrl'?[0m [1m[35m[plugin angular-compiler][0m

    src/app/services/curriculum.service.ts:160:8:
[37m      160 │         [32mvideoQuery[37m: 'HTML 0 dan',
          ╵         [32m~~~~~~~~~~[0m


[31mX [41;31m[[41;97mERROR[41;31m][0m [1mTS2561: Object literal may only specify known properties, but 'videoQuery' does not exist in type 'LessonSeed'. Did you mean to write 'videoUrl'?[0m [1m[35m[plugin angular-compiler][0m

    src/app/services/curriculum.service.ts:189:8:
[37m      189 │         [32mvideoQuery[37m: 'HTML h1 p ul ol li uzbek',
          ╵         [32m~~~~~~~~~~[0m


[31mX [41;31m[[41;97mERROR[41;31m][0m [1mTS2561: Object literal may only specify known properties, but 'videoQuery' does not exist in type 'LessonSeed'. Did you mean to write 'videoUrl'?[0m [1m[35m[plugin angular-compiler][0m

    src/app/services/curriculum.service.ts:216:8:
[37m      216 │         [32mvideoQuery[37m: 'HTML link image alt uzbek',
          ╵         [32m~~~~~~~~~~[0m


[31mX [41;31m[[41;97mERROR[41;31m][0m [1mTS2561: Object literal may only specify known properties, but 'videoQuery' does not exist in type 'LessonSeed'. Did you mean to write 'videoUrl'?[0m [1m[35m[plugin angular-compiler][0m

    src/app/services/curriculum.service.ts:240:8:
[37m      240 │         [32mvideoQuery[37m: 'HTML form input label uzbek',
          ╵         [32m~~~~~~~~~~[0m


[31mX [41;31m[[41;97mERROR[41;31m][0m [1mTS2561: Object literal may only specify known properties, but 'videoQuery' does not exist in type 'LessonSeed'. Did you mean to write 'videoUrl'?[0m [1m[35m[plugin angular-compiler][0m

    src/app/services/curriculum.service.ts:270:8:
[37m      270 │         [32mvideoQuery[37m: 'semantic HTML uzbek',
          ╵         [32m~~~~~~~~~~[0m


[31mX [41;31m[[41;97mERROR[41;31m][0m [1mTS2561: Object literal may only specify known properties, but 'videoQuery' does not exist in type 'LessonSeed'. Did you mean to write 'videoUrl'?[0m [1m[35m[plugin angular-compiler][0m

    src/app/services/curriculum.service.ts:304:8:
[37m      304 │         [32mvideoQuery[37m: 'HTML portfolio project uzbek',
          ╵         [32m~~~~~~~~~~[0m


[31mX [41;31m[[41;97mERROR[41;31m][0m [1mTS2561: Object literal may only specify known properties, but 'videoQuery' does not exist in type 'LessonSeed'. Did you mean to write 'videoUrl'?[0m [1m[35m[plugin angular-compiler][0m

    src/app/services/curriculum.service.ts:338:8:
[37m      338 │         [32mvideoQuery[37m: 'CSS 0 dan uzbek',
          ╵         [32m~~~~~~~~~~[0m


[31mX [41;31m[[41;97mERROR[41;31m][0m [1mTS2561: Object literal may only specify known properties, but 'videoQuery' does not exist in type 'LessonSeed'. Did you mean to write 'videoUrl'?[0m [1m[35m[plugin angular-compiler][0m

    src/app/services/curriculum.service.ts:367:8:
[37m      367 │         [32mvideoQuery[37m: 'CSS box model uzbek',
          ╵         [32m~~~~~~~~~~[0m


[31mX [41;31m[[41;97mERROR[41;31m][0m [1mTS2561: Object literal may only specify known properties, but 'videoQuery' does not exist in type 'LessonSeed'. Did you mean to write 'videoUrl'?[0m [1m[35m[plugin angular-compiler][0m

    src/app/services/curriculum.service.ts:395:8:
[37m      395 │         [32mvideoQuery[37m: 'CSS Flexbox uzbek',
          ╵         [32m~~~~~~~~~~[0m


[31mX [41;31m[[41;97mERROR[41;31m][0m [1mTS2561: Object literal may only specify known properties, but 'videoQuery' does not exist in type 'LessonSeed'. Did you mean to write 'videoUrl'?[0m [1m[35m[plugin angular-compiler][0m

    src/app/services/curriculum.service.ts:430:8:
[37m      430 │         [32mvideoQuery[37m: 'CSS Grid uzbek',
          ╵         [32m~~~~~~~~~~[0m


[31mX [41;31m[[41;97mERROR[41;31m][0m [1mTS2561: Object literal may only specify known properties, but 'videoQuery' does not exist in type 'LessonSeed'. Did you mean to write 'videoUrl'?[0m [1m[35m[plugin angular-compiler][0m

    src/app/services/curriculum.service.ts:447:8:
[37m      447 │         [32mvideoQuery[37m: 'responsive design media query uzbek',
          ╵         [32m~~~~~~~~~~[0m


[31mX [41;31m[[41;97mERROR[41;31m][0m [1mTS2561: Object literal may only specify known properties, but 'videoQuery' does not exist in type 'LessonSeed'. Did you mean to write 'videoUrl'?[0m [1m[35m[plugin angular-compiler][0m

    src/app/services/curriculum.service.ts:471:8:
[37m      471 │         [32mvideoQuery[37m: 'CSS portfolio design uzbek',
          ╵         [32m~~~~~~~~~~[0m


[31mX [41;31m[[41;97mERROR[41;31m][0m [1mTS2561: Object literal may only specify known properties, but 'videoQuery' does not exist in type 'LessonSeed'. Did you mean to write 'videoUrl'?[0m [1m[35m[plugin angular-compiler][0m

    src/app/services/curriculum.service.ts:500:8:
[37m      500 │         [32mvideoQuery[37m: 'JavaScript 0 dan uzbek',
          ╵         [32m~~~~~~~~~~[0m


[31mX [41;31m[[41;97mERROR[41;31m][0m [1mTS2561: Object literal may only specify known properties, but 'videoQuery' does not exist in type 'LessonSeed'. Did you mean to write 'videoUrl'?[0m [1m[35m[plugin angular-compiler][0m

    src/app/services/curriculum.service.ts:527:8:
[37m      527 │         [32mvideoQuery[37m: 'JavaScript if else for loop uzbek',
          ╵         [32m~~~~~~~~~~[0m


[31mX [41;31m[[41;97mERROR[41;31m][0m [1mTS2561: Object literal may only specify known properties, but 'videoQuery' does not exist in type 'LessonSeed'. Did you mean to write 'videoUrl'?[0m [1m[35m[plugin angular-compiler][0m

    src/app/services/curriculum.service.ts:552:8:
[37m      552 │         [32mvideoQuery[37m: 'JavaScript functions uzbek',
          ╵         [32m~~~~~~~~~~[0m


[31mX [41;31m[[41;97mERROR[41;31m][0m [1mTS2561: Object literal may only specify known properties, but 'videoQuery' does not exist in type 'LessonSeed'. Did you mean to write 'videoUrl'?[0m [1m[35m[plugin angular-compiler][0m

    src/app/services/curriculum.service.ts:575:8:
[37m      575 │         [32mvideoQuery[37m: 'JavaScript DOM querySelector uzbek',
          ╵         [32m~~~~~~~~~~[0m


[31mX [41;31m[[41;97mERROR[41;31m][0m [1mTS2561: Object literal may only specify known properties, but 'videoQuery' does not exist in type 'LessonSeed'. Did you mean to write 'videoUrl'?[0m [1m[35m[plugin angular-compiler][0m

    src/app/services/curriculum.service.ts:597:8:
[37m      597 │         [32mvideoQuery[37m: 'JavaScript addEventListener form validation ...
          ╵         [32m~~~~~~~~~~[0m


[31mX [41;31m[[41;97mERROR[41;31m][0m [1mTS2561: Object literal may only specify known properties, but 'videoQuery' does not exist in type 'LessonSeed'. Did you mean to write 'videoUrl'?[0m [1m[35m[plugin angular-compiler][0m

    src/app/services/curriculum.service.ts:623:8:
[37m      623 │         [32mvideoQuery[37m: 'JavaScript localStorage JSON uzbek',
          ╵         [32m~~~~~~~~~~[0m


[31mX [41;31m[[41;97mERROR[41;31m][0m [1mTS2561: Object literal may only specify known properties, but 'videoQuery' does not exist in type 'LessonSeed'. Did you mean to write 'videoUrl'?[0m [1m[35m[plugin angular-compiler][0m

    src/app/services/curriculum.service.ts:643:8:
[37m      643 │         [32mvideoQuery[37m: 'JavaScript fetch API async await uzbek',
          ╵         [32m~~~~~~~~~~[0m


[31mX [41;31m[[41;97mERROR[41;31m][0m [1mTS2561: Object literal may only specify known properties, but 'videoQuery' does not exist in type 'LessonSeed'. Did you mean to write 'videoUrl'?[0m [1m[35m[plugin angular-compiler][0m

    src/app/services/curriculum.service.ts:670:8:
[37m      670 │         [32mvideoQuery[37m: 'Node.js 0 dan uzbek',
          ╵         [32m~~~~~~~~~~[0m


[31mX [41;31m[[41;97mERROR[41;31m][0m [1mTS2561: Object literal may only specify known properties, but 'videoQuery' does not exist in type 'LessonSeed'. Did you mean to write 'videoUrl'?[0m [1m[35m[plugin angular-compiler][0m

    src/app/services/curriculum.service.ts:695:8:
[37m      695 │         [32mvideoQuery[37m: 'REST API Node.js uzbek',
          ╵         [32m~~~~~~~~~~[0m


[31mX [41;31m[[41;97mERROR[41;31m][0m [1mTS2561: Object literal may only specify known properties, but 'videoQuery' does not exist in type 'LessonSeed'. Did you mean to write 'videoUrl'?[0m [1m[35m[plugin angular-compiler][0m

    src/app/services/curriculum.service.ts:718:8:
[37m      718 │         [32mvideoQuery[37m: 'Node.js register auth uzbek',
          ╵         [32m~~~~~~~~~~[0m


[31mX [41;31m[[41;97mERROR[41;31m][0m [1mTS2561: Object literal may only specify known properties, but 'videoQuery' does not exist in type 'LessonSeed'. Did you mean to write 'videoUrl'?[0m [1m[35m[plugin angular-compiler][0m

    src/app/services/curriculum.service.ts:739:8:
[37m      739 │         [32mvideoQuery[37m: 'Angular fetch API service uzbek',
          ╵         [32m~~~~~~~~~~[0m


[31mX [41;31m[[41;97mERROR[41;31m][0m [1mTS2561: Object literal may only specify known properties, but 'videoQuery' does not exist in type 'LessonSeed'. Did you mean to write 'videoUrl'?[0m [1m[35m[plugin angular-compiler][0m

    src/app/services/curriculum.service.ts:760:8:
[37m      760 │         [32mvideoQuery[37m: 'Node.js clean code validation error handling...
          ╵         [32m~~~~~~~~~~[0m


[31mX [41;31m[[41;97mERROR[41;31m][0m [1mTS2561: Object literal may only specify known properties, but 'videoQuery' does not exist in type 'LessonSeed'. Did you mean to write 'videoUrl'?[0m [1m[35m[plugin angular-compiler][0m

    src/app/services/curriculum.service.ts:783:8:
[37m      783 │         [32mvideoQuery[37m: 'Git 0 dan uzbek',
          ╵         [32m~~~~~~~~~~[0m


[31mX [41;31m[[41;97mERROR[41;31m][0m [1mTS2561: Object literal may only specify known properties, but 'videoQuery' does not exist in type 'LessonSeed'. Did you mean to write 'videoUrl'?[0m [1m[35m[plugin angular-compiler][0m

    src/app/services/curriculum.service.ts:806:8:
[37m      806 │         [32mvideoQuery[37m: 'GitHub account repo push uzbek',
          ╵         [32m~~~~~~~~~~[0m


[31mX [41;31m[[41;97mERROR[41;31m][0m [1mTS2561: Object literal may only specify known properties, but 'videoQuery' does not exist in type 'LessonSeed'. Did you mean to write 'videoUrl'?[0m [1m[35m[plugin angular-compiler][0m

    src/app/services/curriculum.service.ts:824:8:
[37m      824 │         [32mvideoQuery[37m: 'Git branch merge conflict uzbek',
          ╵         [32m~~~~~~~~~~[0m


[31mX [41;31m[[41;97mERROR[41;31m][0m [1mTS2561: Object literal may only specify known properties, but 'videoQuery' does not exist in type 'LessonSeed'. Did you mean to write 'videoUrl'?[0m [1m[35m[plugin angular-compiler][0m

    src/app/services/curriculum.service.ts:847:8:
[37m      847 │         [32mvideoQuery[37m: 'GitHub pull request code review uzbek',
          ╵         [32m~~~~~~~~~~[0m


[31mX [41;31m[[41;97mERROR[41;31m][0m [1mTS2561: Object literal may only specify known properties, but 'videoQuery' does not exist in type 'LessonSeed'. Did you mean to write 'videoUrl'?[0m [1m[35m[plugin angular-compiler][0m

    src/app/services/curriculum.service.ts:869:8:
[37m      869 │         [32mvideoQuery[37m: 'GitHub Pages deploy uzbek',
          ╵         [32m~~~~~~~~~~[0m


[31mX [41;31m[[41;97mERROR[41;31m][0m [1mTS2561: Object literal may only specify known properties, but 'videoQuery' does not exist in type 'LessonSeed'. Did you mean to write 'videoUrl'?[0m [1m[35m[plugin angular-compiler][0m

    src/app/services/curriculum.service.ts:888:8:
[37m      888 │         [32mvideoQuery[37m: 'Junior frontend portfolio final project uzbek',
          ╵         [32m~~~~~~~~~~[0m

[39m[22m
[1m[31m[31mX [41;31m[[41;97mERROR[41;31m][0m [1mTS2561: Object literal may only specify known properties, but 'videoQuery' does not exist in type 'LessonSeed'. Did you mean to write 'videoUrl'?[0m [1m[35m[plugin angular-compiler][0m

    src/app/services/curriculum.service.ts:91:8:
[37m      91 │         [32mvideoQuery[37m: 'Chrome DevTools uzbek',
         ╵         [32m~~~~~~~~~~[0m


[31mX [41;31m[[41;97mERROR[41;31m][0m [1mTS2561: Object literal may only specify known properties, but 'videoQuery' does not exist in type 'LessonSeed'. Did you mean to write 'videoUrl'?[0m [1m[35m[plugin angular-compiler][0m

    src/app/services/curriculum.service.ts:111:8:
[37m      111 │         [32mvideoQuery[37m: 'frontend project folder structure uzbek',
          ╵         [32m~~~~~~~~~~[0m


[31mX [41;31m[[41;97mERROR[41;31m][0m [1mTS2561: Object literal may only specify known properties, but 'videoQuery' does not exist in type 'LessonSeed'. Did you mean to write 'videoUrl'?[0m [1m[35m[plugin angular-compiler][0m

    src/app/services/curriculum.service.ts:136:8:
[37m      136 │         [32mvideoQuery[37m: 'frontend backend API nima uzbek',
          ╵         [32m~~~~~~~~~~[0m


[31mX [41;31m[[41;97mERROR[41;31m][0m [1mTS2561: Object literal may only specify known properties, but 'videoQuery' does not exist in type 'LessonSeed'. Did you mean to write 'videoUrl'?[0m [1m[35m[plugin angular-compiler][0m

    src/app/services/curriculum.service.ts:160:8:
[37m      160 │         [32mvideoQuery[37m: 'HTML 0 dan',
          ╵         [32m~~~~~~~~~~[0m


[31mX [41;31m[[41;97mERROR[41;31m][0m [1mTS2561: Object literal may only specify known properties, but 'videoQuery' does not exist in type 'LessonSeed'. Did you mean to write 'videoUrl'?[0m [1m[35m[plugin angular-compiler][0m

    src/app/services/curriculum.service.ts:189:8:
[37m      189 │         [32mvideoQuery[37m: 'HTML h1 p ul ol li uzbek',
          ╵         [32m~~~~~~~~~~[0m


[31mX [41;31m[[41;97mERROR[41;31m][0m [1mTS2561: Object literal may only specify known properties, but 'videoQuery' does not exist in type 'LessonSeed'. Did you mean to write 'videoUrl'?[0m [1m[35m[plugin angular-compiler][0m

    src/app/services/curriculum.service.ts:216:8:
[37m      216 │         [32mvideoQuery[37m: 'HTML link image alt uzbek',
          ╵         [32m~~~~~~~~~~[0m


[31mX [41;31m[[41;97mERROR[41;31m][0m [1mTS2561: Object literal may only specify known properties, but 'videoQuery' does not exist in type 'LessonSeed'. Did you mean to write 'videoUrl'?[0m [1m[35m[plugin angular-compiler][0m

    src/app/services/curriculum.service.ts:240:8:
[37m      240 │         [32mvideoQuery[37m: 'HTML form input label uzbek',
          ╵         [32m~~~~~~~~~~[0m


[31mX [41;31m[[41;97mERROR[41;31m][0m [1mTS2561: Object literal may only specify known properties, but 'videoQuery' does not exist in type 'LessonSeed'. Did you mean to write 'videoUrl'?[0m [1m[35m[plugin angular-compiler][0m

    src/app/services/curriculum.service.ts:270:8:
[37m      270 │         [32mvideoQuery[37m: 'semantic HTML uzbek',
          ╵         [32m~~~~~~~~~~[0m


[31mX [41;31m[[41;97mERROR[41;31m][0m [1mTS2561: Object literal may only specify known properties, but 'videoQuery' does not exist in type 'LessonSeed'. Did you mean to write 'videoUrl'?[0m [1m[35m[plugin angular-compiler][0m

    src/app/services/curriculum.service.ts:304:8:
[37m      304 │         [32mvideoQuery[37m: 'HTML portfolio project uzbek',
          ╵         [32m~~~~~~~~~~[0m


[31mX [41;31m[[41;97mERROR[41;31m][0m [1mTS2561: Object literal may only specify known properties, but 'videoQuery' does not exist in type 'LessonSeed'. Did you mean to write 'videoUrl'?[0m [1m[35m[plugin angular-compiler][0m

    src/app/services/curriculum.service.ts:338:8:
[37m      338 │         [32mvideoQuery[37m: 'CSS 0 dan uzbek',
          ╵         [32m~~~~~~~~~~[0m


[31mX [41;31m[[41;97mERROR[41;31m][0m [1mTS2561: Object literal may only specify known properties, but 'videoQuery' does not exist in type 'LessonSeed'. Did you mean to write 'videoUrl'?[0m [1m[35m[plugin angular-compiler][0m

    src/app/services/curriculum.service.ts:367:8:
[37m      367 │         [32mvideoQuery[37m: 'CSS box model uzbek',
          ╵         [32m~~~~~~~~~~[0m


[31mX [41;31m[[41;97mERROR[41;31m][0m [1mTS2561: Object literal may only specify known properties, but 'videoQuery' does not exist in type 'LessonSeed'. Did you mean to write 'videoUrl'?[0m [1m[35m[plugin angular-compiler][0m

    src/app/services/curriculum.service.ts:395:8:
[37m      395 │         [32mvideoQuery[37m: 'CSS Flexbox uzbek',
          ╵         [32m~~~~~~~~~~[0m


[31mX [41;31m[[41;97mERROR[41;31m][0m [1mTS2561: Object literal may only specify known properties, but 'videoQuery' does not exist in type 'LessonSeed'. Did you mean to write 'videoUrl'?[0m [1m[35m[plugin angular-compiler][0m

    src/app/services/curriculum.service.ts:430:8:
[37m      430 │         [32mvideoQuery[37m: 'CSS Grid uzbek',
          ╵         [32m~~~~~~~~~~[0m


[31mX [41;31m[[41;97mERROR[41;31m][0m [1mTS2561: Object literal may only specify known properties, but 'videoQuery' does not exist in type 'LessonSeed'. Did you mean to write 'videoUrl'?[0m [1m[35m[plugin angular-compiler][0m

    src/app/services/curriculum.service.ts:447:8:
[37m      447 │         [32mvideoQuery[37m: 'responsive design media query uzbek',
          ╵         [32m~~~~~~~~~~[0m


[31mX [41;31m[[41;97mERROR[41;31m][0m [1mTS2561: Object literal may only specify known properties, but 'videoQuery' does not exist in type 'LessonSeed'. Did you mean to write 'videoUrl'?[0m [1m[35m[plugin angular-compiler][0m

    src/app/services/curriculum.service.ts:471:8:
[37m      471 │         [32mvideoQuery[37m: 'CSS portfolio design uzbek',
          ╵         [32m~~~~~~~~~~[0m


[31mX [41;31m[[41;97mERROR[41;31m][0m [1mTS2561: Object literal may only specify known properties, but 'videoQuery' does not exist in type 'LessonSeed'. Did you mean to write 'videoUrl'?[0m [1m[35m[plugin angular-compiler][0m

    src/app/services/curriculum.service.ts:500:8:
[37m      500 │         [32mvideoQuery[37m: 'JavaScript 0 dan uzbek',
          ╵         [32m~~~~~~~~~~[0m


[31mX [41;31m[[41;97mERROR[41;31m][0m [1mTS2561: Object literal may only specify known properties, but 'videoQuery' does not exist in type 'LessonSeed'. Did you mean to write 'videoUrl'?[0m [1m[35m[plugin angular-compiler][0m

    src/app/services/curriculum.service.ts:527:8:
[37m      527 │         [32mvideoQuery[37m: 'JavaScript if else for loop uzbek',
          ╵         [32m~~~~~~~~~~[0m


[31mX [41;31m[[41;97mERROR[41;31m][0m [1mTS2561: Object literal may only specify known properties, but 'videoQuery' does not exist in type 'LessonSeed'. Did you mean to write 'videoUrl'?[0m [1m[35m[plugin angular-compiler][0m

    src/app/services/curriculum.service.ts:552:8:
[37m      552 │         [32mvideoQuery[37m: 'JavaScript functions uzbek',
          ╵         [32m~~~~~~~~~~[0m


[31mX [41;31m[[41;97mERROR[41;31m][0m [1mTS2561: Object literal may only specify known properties, but 'videoQuery' does not exist in type 'LessonSeed'. Did you mean to write 'videoUrl'?[0m [1m[35m[plugin angular-compiler][0m

    src/app/services/curriculum.service.ts:575:8:
[37m      575 │         [32mvideoQuery[37m: 'JavaScript DOM querySelector uzbek',
          ╵         [32m~~~~~~~~~~[0m


[31mX [41;31m[[41;97mERROR[41;31m][0m [1mTS2561: Object literal may only specify known properties, but 'videoQuery' does not exist in type 'LessonSeed'. Did you mean to write 'videoUrl'?[0m [1m[35m[plugin angular-compiler][0m

    src/app/services/curriculum.service.ts:597:8:
[37m      597 │         [32mvideoQuery[37m: 'JavaScript addEventListener form validation ...
          ╵         [32m~~~~~~~~~~[0m


[31mX [41;31m[[41;97mERROR[41;31m][0m [1mTS2561: Object literal may only specify known properties, but 'videoQuery' does not exist in type 'LessonSeed'. Did you mean to write 'videoUrl'?[0m [1m[35m[plugin angular-compiler][0m

    src/app/services/curriculum.service.ts:623:8:
[37m      623 │         [32mvideoQuery[37m: 'JavaScript localStorage JSON uzbek',
          ╵         [32m~~~~~~~~~~[0m


[31mX [41;31m[[41;97mERROR[41;31m][0m [1mTS2561: Object literal may only specify known properties, but 'videoQuery' does not exist in type 'LessonSeed'. Did you mean to write 'videoUrl'?[0m [1m[35m[plugin angular-compiler][0m

    src/app/services/curriculum.service.ts:643:8:
[37m      643 │         [32mvideoQuery[37m: 'JavaScript fetch API async await uzbek',
          ╵         [32m~~~~~~~~~~[0m


[31mX [41;31m[[41;97mERROR[41;31m][0m [1mTS2561: Object literal may only specify known properties, but 'videoQuery' does not exist in type 'LessonSeed'. Did you mean to write 'videoUrl'?[0m [1m[35m[plugin angular-compiler][0m

    src/app/services/curriculum.service.ts:670:8:
[37m      670 │         [32mvideoQuery[37m: 'Node.js 0 dan uzbek',
          ╵         [32m~~~~~~~~~~[0m


[31mX [41;31m[[41;97mERROR[41;31m][0m [1mTS2561: Object literal may only specify known properties, but 'videoQuery' does not exist in type 'LessonSeed'. Did you mean to write 'videoUrl'?[0m [1m[35m[plugin angular-compiler][0m

    src/app/services/curriculum.service.ts:695:8:
[37m      695 │         [32mvideoQuery[37m: 'REST API Node.js uzbek',
          ╵         [32m~~~~~~~~~~[0m


[31mX [41;31m[[41;97mERROR[41;31m][0m [1mTS2561: Object literal may only specify known properties, but 'videoQuery' does not exist in type 'LessonSeed'. Did you mean to write 'videoUrl'?[0m [1m[35m[plugin angular-compiler][0m

    src/app/services/curriculum.service.ts:718:8:
[37m      718 │         [32mvideoQuery[37m: 'Node.js register auth uzbek',
          ╵         [32m~~~~~~~~~~[0m


[31mX [41;31m[[41;97mERROR[41;31m][0m [1mTS2561: Object literal may only specify known properties, but 'videoQuery' does not exist in type 'LessonSeed'. Did you mean to write 'videoUrl'?[0m [1m[35m[plugin angular-compiler][0m

    src/app/services/curriculum.service.ts:739:8:
[37m      739 │         [32mvideoQuery[37m: 'Angular fetch API service uzbek',
          ╵         [32m~~~~~~~~~~[0m


[31mX [41;31m[[41;97mERROR[41;31m][0m [1mTS2561: Object literal may only specify known properties, but 'videoQuery' does not exist in type 'LessonSeed'. Did you mean to write 'videoUrl'?[0m [1m[35m[plugin angular-compiler][0m

    src/app/services/curriculum.service.ts:760:8:
[37m      760 │         [32mvideoQuery[37m: 'Node.js clean code validation error handling...
          ╵         [32m~~~~~~~~~~[0m


[31mX [41;31m[[41;97mERROR[41;31m][0m [1mTS2561: Object literal may only specify known properties, but 'videoQuery' does not exist in type 'LessonSeed'. Did you mean to write 'videoUrl'?[0m [1m[35m[plugin angular-compiler][0m

    src/app/services/curriculum.service.ts:783:8:
[37m      783 │         [32mvideoQuery[37m: 'Git 0 dan uzbek',
          ╵         [32m~~~~~~~~~~[0m


[31mX [41;31m[[41;97mERROR[41;31m][0m [1mTS2561: Object literal may only specify known properties, but 'videoQuery' does not exist in type 'LessonSeed'. Did you mean to write 'videoUrl'?[0m [1m[35m[plugin angular-compiler][0m

    src/app/services/curriculum.service.ts:806:8:
[37m      806 │         [32mvideoQuery[37m: 'GitHub account repo push uzbek',
          ╵         [32m~~~~~~~~~~[0m


[31mX [41;31m[[41;97mERROR[41;31m][0m [1mTS2561: Object literal may only specify known properties, but 'videoQuery' does not exist in type 'LessonSeed'. Did you mean to write 'videoUrl'?[0m [1m[35m[plugin angular-compiler][0m

    src/app/services/curriculum.service.ts:824:8:
[37m      824 │         [32mvideoQuery[37m: 'Git branch merge conflict uzbek',
          ╵         [32m~~~~~~~~~~[0m


[31mX [41;31m[[41;97mERROR[41;31m][0m [1mTS2561: Object literal may only specify known properties, but 'videoQuery' does not exist in type 'LessonSeed'. Did you mean to write 'videoUrl'?[0m [1m[35m[plugin angular-compiler][0m

    src/app/services/curriculum.service.ts:847:8:
[37m      847 │         [32mvideoQuery[37m: 'GitHub pull request code review uzbek',
          ╵         [32m~~~~~~~~~~[0m


[31mX [41;31m[[41;97mERROR[41;31m][0m [1mTS2561: Object literal may only specify known properties, but 'videoQuery' does not exist in type 'LessonSeed'. Did you mean to write 'videoUrl'?[0m [1m[35m[plugin angular-compiler][0m

    src/app/services/curriculum.service.ts:869:8:
[37m      869 │         [32mvideoQuery[37m: 'GitHub Pages deploy uzbek',
          ╵         [32m~~~~~~~~~~[0m


[31mX [41;31m[[41;97mERROR[41;31m][0m [1mTS2561: Object literal may only specify known properties, but 'videoQuery' does not exist in type 'LessonSeed'. Did you mean to write 'videoUrl'?[0m [1m[35m[plugin angular-compiler][0m

    src/app/services/curriculum.service.ts:888:8:
[37m      888 │         [32mvideoQuery[37m: 'Junior frontend portfolio final project uzbek',
          ╵         [32m~~~~~~~~~~[0m

[39m[22m
[1m[31m[31mX [41;31m[[41;97mERROR[41;31m][0m [1mTS2561: Object literal may only specify known properties, but 'videoQuery' does not exist in type 'LessonSeed'. Did you mean to write 'videoUrl'?[0m [1m[35m[plugin angular-compiler][0m

    src/app/services/curriculum.service.ts:91:8:
[37m      91 │         [32mvideoQuery[37m: 'Chrome DevTools uzbek',
         ╵         [32m~~~~~~~~~~[0m


[31mX [41;31m[[41;97mERROR[41;31m][0m [1mTS2561: Object literal may only specify known properties, but 'videoQuery' does not exist in type 'LessonSeed'. Did you mean to write 'videoUrl'?[0m [1m[35m[plugin angular-compiler][0m

    src/app/services/curriculum.service.ts:111:8:
[37m      111 │         [32mvideoQuery[37m: 'frontend project folder structure uzbek',
          ╵         [32m~~~~~~~~~~[0m


[31mX [41;31m[[41;97mERROR[41;31m][0m [1mTS2561: Object literal may only specify known properties, but 'videoQuery' does not exist in type 'LessonSeed'. Did you mean to write 'videoUrl'?[0m [1m[35m[plugin angular-compiler][0m

    src/app/services/curriculum.service.ts:136:8:
[37m      136 │         [32mvideoQuery[37m: 'frontend backend API nima uzbek',
          ╵         [32m~~~~~~~~~~[0m


[31mX [41;31m[[41;97mERROR[41;31m][0m [1mTS2561: Object literal may only specify known properties, but 'videoQuery' does not exist in type 'LessonSeed'. Did you mean to write 'videoUrl'?[0m [1m[35m[plugin angular-compiler][0m

    src/app/services/curriculum.service.ts:160:8:
[37m      160 │         [32mvideoQuery[37m: 'HTML 0 dan',
          ╵         [32m~~~~~~~~~~[0m


[31mX [41;31m[[41;97mERROR[41;31m][0m [1mTS2561: Object literal may only specify known properties, but 'videoQuery' does not exist in type 'LessonSeed'. Did you mean to write 'videoUrl'?[0m [1m[35m[plugin angular-compiler][0m

    src/app/services/curriculum.service.ts:189:8:
[37m      189 │         [32mvideoQuery[37m: 'HTML h1 p ul ol li uzbek',
          ╵         [32m~~~~~~~~~~[0m


[31mX [41;31m[[41;97mERROR[41;31m][0m [1mTS2561: Object literal may only specify known properties, but 'videoQuery' does not exist in type 'LessonSeed'. Did you mean to write 'videoUrl'?[0m [1m[35m[plugin angular-compiler][0m

    src/app/services/curriculum.service.ts:216:8:
[37m      216 │         [32mvideoQuery[37m: 'HTML link image alt uzbek',
          ╵         [32m~~~~~~~~~~[0m


[31mX [41;31m[[41;97mERROR[41;31m][0m [1mTS2561: Object literal may only specify known properties, but 'videoQuery' does not exist in type 'LessonSeed'. Did you mean to write 'videoUrl'?[0m [1m[35m[plugin angular-compiler][0m

    src/app/services/curriculum.service.ts:240:8:
[37m      240 │         [32mvideoQuery[37m: 'HTML form input label uzbek',
          ╵         [32m~~~~~~~~~~[0m


[31mX [41;31m[[41;97mERROR[41;31m][0m [1mTS2561: Object literal may only specify known properties, but 'videoQuery' does not exist in type 'LessonSeed'. Did you mean to write 'videoUrl'?[0m [1m[35m[plugin angular-compiler][0m

    src/app/services/curriculum.service.ts:270:8:
[37m      270 │         [32mvideoQuery[37m: 'semantic HTML uzbek',
          ╵         [32m~~~~~~~~~~[0m


[31mX [41;31m[[41;97mERROR[41;31m][0m [1mTS2561: Object literal may only specify known properties, but 'videoQuery' does not exist in type 'LessonSeed'. Did you mean to write 'videoUrl'?[0m [1m[35m[plugin angular-compiler][0m

    src/app/services/curriculum.service.ts:304:8:
[37m      304 │         [32mvideoQuery[37m: 'HTML portfolio project uzbek',
          ╵         [32m~~~~~~~~~~[0m


[31mX [41;31m[[41;97mERROR[41;31m][0m [1mTS2561: Object literal may only specify known properties, but 'videoQuery' does not exist in type 'LessonSeed'. Did you mean to write 'videoUrl'?[0m [1m[35m[plugin angular-compiler][0m

    src/app/services/curriculum.service.ts:338:8:
[37m      338 │         [32mvideoQuery[37m: 'CSS 0 dan uzbek',
          ╵         [32m~~~~~~~~~~[0m


[31mX [41;31m[[41;97mERROR[41;31m][0m [1mTS2561: Object literal may only specify known properties, but 'videoQuery' does not exist in type 'LessonSeed'. Did you mean to write 'videoUrl'?[0m [1m[35m[plugin angular-compiler][0m

    src/app/services/curriculum.service.ts:367:8:
[37m      367 │         [32mvideoQuery[37m: 'CSS box model uzbek',
          ╵         [32m~~~~~~~~~~[0m


[31mX [41;31m[[41;97mERROR[41;31m][0m [1mTS2561: Object literal may only specify known properties, but 'videoQuery' does not exist in type 'LessonSeed'. Did you mean to write 'videoUrl'?[0m [1m[35m[plugin angular-compiler][0m

    src/app/services/curriculum.service.ts:395:8:
[37m      395 │         [32mvideoQuery[37m: 'CSS Flexbox uzbek',
          ╵         [32m~~~~~~~~~~[0m


[31mX [41;31m[[41;97mERROR[41;31m][0m [1mTS2561: Object literal may only specify known properties, but 'videoQuery' does not exist in type 'LessonSeed'. Did you mean to write 'videoUrl'?[0m [1m[35m[plugin angular-compiler][0m

    src/app/services/curriculum.service.ts:430:8:
[37m      430 │         [32mvideoQuery[37m: 'CSS Grid uzbek',
          ╵         [32m~~~~~~~~~~[0m


[31mX [41;31m[[41;97mERROR[41;31m][0m [1mTS2561: Object literal may only specify known properties, but 'videoQuery' does not exist in type 'LessonSeed'. Did you mean to write 'videoUrl'?[0m [1m[35m[plugin angular-compiler][0m

    src/app/services/curriculum.service.ts:447:8:
[37m      447 │         [32mvideoQuery[37m: 'responsive design media query uzbek',
          ╵         [32m~~~~~~~~~~[0m


[31mX [41;31m[[41;97mERROR[41;31m][0m [1mTS2561: Object literal may only specify known properties, but 'videoQuery' does not exist in type 'LessonSeed'. Did you mean to write 'videoUrl'?[0m [1m[35m[plugin angular-compiler][0m

    src/app/services/curriculum.service.ts:471:8:
[37m      471 │         [32mvideoQuery[37m: 'CSS portfolio design uzbek',
          ╵         [32m~~~~~~~~~~[0m


[31mX [41;31m[[41;97mERROR[41;31m][0m [1mTS2561: Object literal may only specify known properties, but 'videoQuery' does not exist in type 'LessonSeed'. Did you mean to write 'videoUrl'?[0m [1m[35m[plugin angular-compiler][0m

    src/app/services/curriculum.service.ts:500:8:
[37m      500 │         [32mvideoQuery[37m: 'JavaScript 0 dan uzbek',
          ╵         [32m~~~~~~~~~~[0m


[31mX [41;31m[[41;97mERROR[41;31m][0m [1mTS2561: Object literal may only specify known properties, but 'videoQuery' does not exist in type 'LessonSeed'. Did you mean to write 'videoUrl'?[0m [1m[35m[plugin angular-compiler][0m

    src/app/services/curriculum.service.ts:527:8:
[37m      527 │         [32mvideoQuery[37m: 'JavaScript if else for loop uzbek',
          ╵         [32m~~~~~~~~~~[0m


[31mX [41;31m[[41;97mERROR[41;31m][0m [1mTS2561: Object literal may only specify known properties, but 'videoQuery' does not exist in type 'LessonSeed'. Did you mean to write 'videoUrl'?[0m [1m[35m[plugin angular-compiler][0m

    src/app/services/curriculum.service.ts:552:8:
[37m      552 │         [32mvideoQuery[37m: 'JavaScript functions uzbek',
          ╵         [32m~~~~~~~~~~[0m


[31mX [41;31m[[41;97mERROR[41;31m][0m [1mTS2561: Object literal may only specify known properties, but 'videoQuery' does not exist in type 'LessonSeed'. Did you mean to write 'videoUrl'?[0m [1m[35m[plugin angular-compiler][0m

    src/app/services/curriculum.service.ts:575:8:
[37m      575 │         [32mvideoQuery[37m: 'JavaScript DOM querySelector uzbek',
          ╵         [32m~~~~~~~~~~[0m


[31mX [41;31m[[41;97mERROR[41;31m][0m [1mTS2561: Object literal may only specify known properties, but 'videoQuery' does not exist in type 'LessonSeed'. Did you mean to write 'videoUrl'?[0m [1m[35m[plugin angular-compiler][0m

    src/app/services/curriculum.service.ts:597:8:
[37m      597 │         [32mvideoQuery[37m: 'JavaScript addEventListener form validation ...
          ╵         [32m~~~~~~~~~~[0m


[31mX [41;31m[[41;97mERROR[41;31m][0m [1mTS2561: Object literal may only specify known properties, but 'videoQuery' does not exist in type 'LessonSeed'. Did you mean to write 'videoUrl'?[0m [1m[35m[plugin angular-compiler][0m

    src/app/services/curriculum.service.ts:623:8:
[37m      623 │         [32mvideoQuery[37m: 'JavaScript localStorage JSON uzbek',
          ╵         [32m~~~~~~~~~~[0m


[31mX [41;31m[[41;97mERROR[41;31m][0m [1mTS2561: Object literal may only specify known properties, but 'videoQuery' does not exist in type 'LessonSeed'. Did you mean to write 'videoUrl'?[0m [1m[35m[plugin angular-compiler][0m

    src/app/services/curriculum.service.ts:643:8:
[37m      643 │         [32mvideoQuery[37m: 'JavaScript fetch API async await uzbek',
          ╵         [32m~~~~~~~~~~[0m


[31mX [41;31m[[41;97mERROR[41;31m][0m [1mTS2561: Object literal may only specify known properties, but 'videoQuery' does not exist in type 'LessonSeed'. Did you mean to write 'videoUrl'?[0m [1m[35m[plugin angular-compiler][0m

    src/app/services/curriculum.service.ts:670:8:
[37m      670 │         [32mvideoQuery[37m: 'Node.js 0 dan uzbek',
          ╵         [32m~~~~~~~~~~[0m


[31mX [41;31m[[41;97mERROR[41;31m][0m [1mTS2561: Object literal may only specify known properties, but 'videoQuery' does not exist in type 'LessonSeed'. Did you mean to write 'videoUrl'?[0m [1m[35m[plugin angular-compiler][0m

    src/app/services/curriculum.service.ts:695:8:
[37m      695 │         [32mvideoQuery[37m: 'REST API Node.js uzbek',
          ╵         [32m~~~~~~~~~~[0m


[31mX [41;31m[[41;97mERROR[41;31m][0m [1mTS2561: Object literal may only specify known properties, but 'videoQuery' does not exist in type 'LessonSeed'. Did you mean to write 'videoUrl'?[0m [1m[35m[plugin angular-compiler][0m

    src/app/services/curriculum.service.ts:718:8:
[37m      718 │         [32mvideoQuery[37m: 'Node.js register auth uzbek',
          ╵         [32m~~~~~~~~~~[0m


[31mX [41;31m[[41;97mERROR[41;31m][0m [1mTS2561: Object literal may only specify known properties, but 'videoQuery' does not exist in type 'LessonSeed'. Did you mean to write 'videoUrl'?[0m [1m[35m[plugin angular-compiler][0m

    src/app/services/curriculum.service.ts:739:8:
[37m      739 │         [32mvideoQuery[37m: 'Angular fetch API service uzbek',
          ╵         [32m~~~~~~~~~~[0m


[31mX [41;31m[[41;97mERROR[41;31m][0m [1mTS2561: Object literal may only specify known properties, but 'videoQuery' does not exist in type 'LessonSeed'. Did you mean to write 'videoUrl'?[0m [1m[35m[plugin angular-compiler][0m

    src/app/services/curriculum.service.ts:760:8:
[37m      760 │         [32mvideoQuery[37m: 'Node.js clean code validation error handling...
          ╵         [32m~~~~~~~~~~[0m


[31mX [41;31m[[41;97mERROR[41;31m][0m [1mTS2561: Object literal may only specify known properties, but 'videoQuery' does not exist in type 'LessonSeed'. Did you mean to write 'videoUrl'?[0m [1m[35m[plugin angular-compiler][0m

    src/app/services/curriculum.service.ts:783:8:
[37m      783 │         [32mvideoQuery[37m: 'Git 0 dan uzbek',
          ╵         [32m~~~~~~~~~~[0m


[31mX [41;31m[[41;97mERROR[41;31m][0m [1mTS2561: Object literal may only specify known properties, but 'videoQuery' does not exist in type 'LessonSeed'. Did you mean to write 'videoUrl'?[0m [1m[35m[plugin angular-compiler][0m

    src/app/services/curriculum.service.ts:806:8:
[37m      806 │         [32mvideoQuery[37m: 'GitHub account repo push uzbek',
          ╵         [32m~~~~~~~~~~[0m


[31mX [41;31m[[41;97mERROR[41;31m][0m [1mTS2561: Object literal may only specify known properties, but 'videoQuery' does not exist in type 'LessonSeed'. Did you mean to write 'videoUrl'?[0m [1m[35m[plugin angular-compiler][0m

    src/app/services/curriculum.service.ts:824:8:
[37m      824 │         [32mvideoQuery[37m: 'Git branch merge conflict uzbek',
          ╵         [32m~~~~~~~~~~[0m


[31mX [41;31m[[41;97mERROR[41;31m][0m [1mTS2561: Object literal may only specify known properties, but 'videoQuery' does not exist in type 'LessonSeed'. Did you mean to write 'videoUrl'?[0m [1m[35m[plugin angular-compiler][0m

    src/app/services/curriculum.service.ts:847:8:
[37m      847 │         [32mvideoQuery[37m: 'GitHub pull request code review uzbek',
          ╵         [32m~~~~~~~~~~[0m


[31mX [41;31m[[41;97mERROR[41;31m][0m [1mTS2561: Object literal may only specify known properties, but 'videoQuery' does not exist in type 'LessonSeed'. Did you mean to write 'videoUrl'?[0m [1m[35m[plugin angular-compiler][0m

    src/app/services/curriculum.service.ts:869:8:
[37m      869 │         [32mvideoQuery[37m: 'GitHub Pages deploy uzbek',
          ╵         [32m~~~~~~~~~~[0m


[31mX [41;31m[[41;97mERROR[41;31m][0m [1mTS2561: Object literal may only specify known properties, but 'videoQuery' does not exist in type 'LessonSeed'. Did you mean to write 'videoUrl'?[0m [1m[35m[plugin angular-compiler][0m

    src/app/services/curriculum.service.ts:888:8:
[37m      888 │         [32mvideoQuery[37m: 'Junior frontend portfolio final project uzbek',
          ╵         [32m~~~~~~~~~~[0m

[39m[22m
[1m[31m[31mX [41;31m[[41;97mERROR[41;31m][0m [1mTS2561: Object literal may only specify known properties, but 'videoQuery' does not exist in type 'LessonSeed'. Did you mean to write 'videoUrl'?[0m [1m[35m[plugin angular-compiler][0m

    src/app/services/curriculum.service.ts:91:8:
[37m      91 │         [32mvideoQuery[37m: 'Chrome DevTools uzbek',
         ╵         [32m~~~~~~~~~~[0m


[31mX [41;31m[[41;97mERROR[41;31m][0m [1mTS2561: Object literal may only specify known properties, but 'videoQuery' does not exist in type 'LessonSeed'. Did you mean to write 'videoUrl'?[0m [1m[35m[plugin angular-compiler][0m

    src/app/services/curriculum.service.ts:111:8:
[37m      111 │         [32mvideoQuery[37m: 'frontend project folder structure uzbek',
          ╵         [32m~~~~~~~~~~[0m


[31mX [41;31m[[41;97mERROR[41;31m][0m [1mTS2561: Object literal may only specify known properties, but 'videoQuery' does not exist in type 'LessonSeed'. Did you mean to write 'videoUrl'?[0m [1m[35m[plugin angular-compiler][0m

    src/app/services/curriculum.service.ts:136:8:
[37m      136 │         [32mvideoQuery[37m: 'frontend backend API nima uzbek',
          ╵         [32m~~~~~~~~~~[0m


[31mX [41;31m[[41;97mERROR[41;31m][0m [1mTS2561: Object literal may only specify known properties, but 'videoQuery' does not exist in type 'LessonSeed'. Did you mean to write 'videoUrl'?[0m [1m[35m[plugin angular-compiler][0m

    src/app/services/curriculum.service.ts:160:8:
[37m      160 │         [32mvideoQuery[37m: 'HTML 0 dan',
          ╵         [32m~~~~~~~~~~[0m


[31mX [41;31m[[41;97mERROR[41;31m][0m [1mTS2561: Object literal may only specify known properties, but 'videoQuery' does not exist in type 'LessonSeed'. Did you mean to write 'videoUrl'?[0m [1m[35m[plugin angular-compiler][0m

    src/app/services/curriculum.service.ts:189:8:
[37m      189 │         [32mvideoQuery[37m: 'HTML h1 p ul ol li uzbek',
          ╵         [32m~~~~~~~~~~[0m


[31mX [41;31m[[41;97mERROR[41;31m][0m [1mTS2561: Object literal may only specify known properties, but 'videoQuery' does not exist in type 'LessonSeed'. Did you mean to write 'videoUrl'?[0m [1m[35m[plugin angular-compiler][0m

    src/app/services/curriculum.service.ts:216:8:
[37m      216 │         [32mvideoQuery[37m: 'HTML link image alt uzbek',
          ╵         [32m~~~~~~~~~~[0m


[31mX [41;31m[[41;97mERROR[41;31m][0m [1mTS2561: Object literal may only specify known properties, but 'videoQuery' does not exist in type 'LessonSeed'. Did you mean to write 'videoUrl'?[0m [1m[35m[plugin angular-compiler][0m

    src/app/services/curriculum.service.ts:240:8:
[37m      240 │         [32mvideoQuery[37m: 'HTML form input label uzbek',
          ╵         [32m~~~~~~~~~~[0m


[31mX [41;31m[[41;97mERROR[41;31m][0m [1mTS2561: Object literal may only specify known properties, but 'videoQuery' does not exist in type 'LessonSeed'. Did you mean to write 'videoUrl'?[0m [1m[35m[plugin angular-compiler][0m

    src/app/services/curriculum.service.ts:270:8:
[37m      270 │         [32mvideoQuery[37m: 'semantic HTML uzbek',
          ╵         [32m~~~~~~~~~~[0m


[31mX [41;31m[[41;97mERROR[41;31m][0m [1mTS2561: Object literal may only specify known properties, but 'videoQuery' does not exist in type 'LessonSeed'. Did you mean to write 'videoUrl'?[0m [1m[35m[plugin angular-compiler][0m

    src/app/services/curriculum.service.ts:304:8:
[37m      304 │         [32mvideoQuery[37m: 'HTML portfolio project uzbek',
          ╵         [32m~~~~~~~~~~[0m


[31mX [41;31m[[41;97mERROR[41;31m][0m [1mTS2561: Object literal may only specify known properties, but 'videoQuery' does not exist in type 'LessonSeed'. Did you mean to write 'videoUrl'?[0m [1m[35m[plugin angular-compiler][0m

    src/app/services/curriculum.service.ts:338:8:
[37m      338 │         [32mvideoQuery[37m: 'CSS 0 dan uzbek',
          ╵         [32m~~~~~~~~~~[0m


[31mX [41;31m[[41;97mERROR[41;31m][0m [1mTS2561: Object literal may only specify known properties, but 'videoQuery' does not exist in type 'LessonSeed'. Did you mean to write 'videoUrl'?[0m [1m[35m[plugin angular-compiler][0m

    src/app/services/curriculum.service.ts:367:8:
[37m      367 │         [32mvideoQuery[37m: 'CSS box model uzbek',
          ╵         [32m~~~~~~~~~~[0m


[31mX [41;31m[[41;97mERROR[41;31m][0m [1mTS2561: Object literal may only specify known properties, but 'videoQuery' does not exist in type 'LessonSeed'. Did you mean to write 'videoUrl'?[0m [1m[35m[plugin angular-compiler][0m

    src/app/services/curriculum.service.ts:395:8:
[37m      395 │         [32mvideoQuery[37m: 'CSS Flexbox uzbek',
          ╵         [32m~~~~~~~~~~[0m


[31mX [41;31m[[41;97mERROR[41;31m][0m [1mTS2561: Object literal may only specify known properties, but 'videoQuery' does not exist in type 'LessonSeed'. Did you mean to write 'videoUrl'?[0m [1m[35m[plugin angular-compiler][0m

    src/app/services/curriculum.service.ts:430:8:
[37m      430 │         [32mvideoQuery[37m: 'CSS Grid uzbek',
          ╵         [32m~~~~~~~~~~[0m


[31mX [41;31m[[41;97mERROR[41;31m][0m [1mTS2561: Object literal may only specify known properties, but 'videoQuery' does not exist in type 'LessonSeed'. Did you mean to write 'videoUrl'?[0m [1m[35m[plugin angular-compiler][0m

    src/app/services/curriculum.service.ts:447:8:
[37m      447 │         [32mvideoQuery[37m: 'responsive design media query uzbek',
          ╵         [32m~~~~~~~~~~[0m


[31mX [41;31m[[41;97mERROR[41;31m][0m [1mTS2561: Object literal may only specify known properties, but 'videoQuery' does not exist in type 'LessonSeed'. Did you mean to write 'videoUrl'?[0m [1m[35m[plugin angular-compiler][0m

    src/app/services/curriculum.service.ts:471:8:
[37m      471 │         [32mvideoQuery[37m: 'CSS portfolio design uzbek',
          ╵         [32m~~~~~~~~~~[0m


[31mX [41;31m[[41;97mERROR[41;31m][0m [1mTS2561: Object literal may only specify known properties, but 'videoQuery' does not exist in type 'LessonSeed'. Did you mean to write 'videoUrl'?[0m [1m[35m[plugin angular-compiler][0m

    src/app/services/curriculum.service.ts:500:8:
[37m      500 │         [32mvideoQuery[37m: 'JavaScript 0 dan uzbek',
          ╵         [32m~~~~~~~~~~[0m


[31mX [41;31m[[41;97mERROR[41;31m][0m [1mTS2561: Object literal may only specify known properties, but 'videoQuery' does not exist in type 'LessonSeed'. Did you mean to write 'videoUrl'?[0m [1m[35m[plugin angular-compiler][0m

    src/app/services/curriculum.service.ts:527:8:
[37m      527 │         [32mvideoQuery[37m: 'JavaScript if else for loop uzbek',
          ╵         [32m~~~~~~~~~~[0m


[31mX [41;31m[[41;97mERROR[41;31m][0m [1mTS2561: Object literal may only specify known properties, but 'videoQuery' does not exist in type 'LessonSeed'. Did you mean to write 'videoUrl'?[0m [1m[35m[plugin angular-compiler][0m

    src/app/services/curriculum.service.ts:552:8:
[37m      552 │         [32mvideoQuery[37m: 'JavaScript functions uzbek',
          ╵         [32m~~~~~~~~~~[0m


[31mX [41;31m[[41;97mERROR[41;31m][0m [1mTS2561: Object literal may only specify known properties, but 'videoQuery' does not exist in type 'LessonSeed'. Did you mean to write 'videoUrl'?[0m [1m[35m[plugin angular-compiler][0m

    src/app/services/curriculum.service.ts:575:8:
[37m      575 │         [32mvideoQuery[37m: 'JavaScript DOM querySelector uzbek',
          ╵         [32m~~~~~~~~~~[0m


[31mX [41;31m[[41;97mERROR[41;31m][0m [1mTS2561: Object literal may only specify known properties, but 'videoQuery' does not exist in type 'LessonSeed'. Did you mean to write 'videoUrl'?[0m [1m[35m[plugin angular-compiler][0m

    src/app/services/curriculum.service.ts:597:8:
[37m      597 │         [32mvideoQuery[37m: 'JavaScript addEventListener form validation ...
          ╵         [32m~~~~~~~~~~[0m


[31mX [41;31m[[41;97mERROR[41;31m][0m [1mTS2561: Object literal may only specify known properties, but 'videoQuery' does not exist in type 'LessonSeed'. Did you mean to write 'videoUrl'?[0m [1m[35m[plugin angular-compiler][0m

    src/app/services/curriculum.service.ts:623:8:
[37m      623 │         [32mvideoQuery[37m: 'JavaScript localStorage JSON uzbek',
          ╵         [32m~~~~~~~~~~[0m


[31mX [41;31m[[41;97mERROR[41;31m][0m [1mTS2561: Object literal may only specify known properties, but 'videoQuery' does not exist in type 'LessonSeed'. Did you mean to write 'videoUrl'?[0m [1m[35m[plugin angular-compiler][0m

    src/app/services/curriculum.service.ts:643:8:
[37m      643 │         [32mvideoQuery[37m: 'JavaScript fetch API async await uzbek',
          ╵         [32m~~~~~~~~~~[0m


[31mX [41;31m[[41;97mERROR[41;31m][0m [1mTS2561: Object literal may only specify known properties, but 'videoQuery' does not exist in type 'LessonSeed'. Did you mean to write 'videoUrl'?[0m [1m[35m[plugin angular-compiler][0m

    src/app/services/curriculum.service.ts:698:8:
[37m      698 │         [32mvideoQuery[37m: 'Node.js 0 dan uzbek',
          ╵         [32m~~~~~~~~~~[0m


[31mX [41;31m[[41;97mERROR[41;31m][0m [1mTS2561: Object literal may only specify known properties, but 'videoQuery' does not exist in type 'LessonSeed'. Did you mean to write 'videoUrl'?[0m [1m[35m[plugin angular-compiler][0m

    src/app/services/curriculum.service.ts:723:8:
[37m      723 │         [32mvideoQuery[37m: 'REST API Node.js uzbek',
          ╵         [32m~~~~~~~~~~[0m


[31mX [41;31m[[41;97mERROR[41;31m][0m [1mTS2561: Object literal may only specify known properties, but 'videoQuery' does not exist in type 'LessonSeed'. Did you mean to write 'videoUrl'?[0m [1m[35m[plugin angular-compiler][0m

    src/app/services/curriculum.service.ts:746:8:
[37m      746 │         [32mvideoQuery[37m: 'Node.js register auth uzbek',
          ╵         [32m~~~~~~~~~~[0m


[31mX [41;31m[[41;97mERROR[41;31m][0m [1mTS2561: Object literal may only specify known properties, but 'videoQuery' does not exist in type 'LessonSeed'. Did you mean to write 'videoUrl'?[0m [1m[35m[plugin angular-compiler][0m

    src/app/services/curriculum.service.ts:767:8:
[37m      767 │         [32mvideoQuery[37m: 'Angular fetch API service uzbek',
          ╵         [32m~~~~~~~~~~[0m


[31mX [41;31m[[41;97mERROR[41;31m][0m [1mTS2561: Object literal may only specify known properties, but 'videoQuery' does not exist in type 'LessonSeed'. Did you mean to write 'videoUrl'?[0m [1m[35m[plugin angular-compiler][0m

    src/app/services/curriculum.service.ts:788:8:
[37m      788 │         [32mvideoQuery[37m: 'Node.js clean code validation error handling...
          ╵         [32m~~~~~~~~~~[0m


[31mX [41;31m[[41;97mERROR[41;31m][0m [1mTS2561: Object literal may only specify known properties, but 'videoQuery' does not exist in type 'LessonSeed'. Did you mean to write 'videoUrl'?[0m [1m[35m[plugin angular-compiler][0m

    src/app/services/curriculum.service.ts:811:8:
[37m      811 │         [32mvideoQuery[37m: 'Git 0 dan uzbek',
          ╵         [32m~~~~~~~~~~[0m


[31mX [41;31m[[41;97mERROR[41;31m][0m [1mTS2561: Object literal may only specify known properties, but 'videoQuery' does not exist in type 'LessonSeed'. Did you mean to write 'videoUrl'?[0m [1m[35m[plugin angular-compiler][0m

    src/app/services/curriculum.service.ts:834:8:
[37m      834 │         [32mvideoQuery[37m: 'GitHub account repo push uzbek',
          ╵         [32m~~~~~~~~~~[0m


[31mX [41;31m[[41;97mERROR[41;31m][0m [1mTS2561: Object literal may only specify known properties, but 'videoQuery' does not exist in type 'LessonSeed'. Did you mean to write 'videoUrl'?[0m [1m[35m[plugin angular-compiler][0m

    src/app/services/curriculum.service.ts:852:8:
[37m      852 │         [32mvideoQuery[37m: 'Git branch merge conflict uzbek',
          ╵         [32m~~~~~~~~~~[0m


[31mX [41;31m[[41;97mERROR[41;31m][0m [1mTS2561: Object literal may only specify known properties, but 'videoQuery' does not exist in type 'LessonSeed'. Did you mean to write 'videoUrl'?[0m [1m[35m[plugin angular-compiler][0m

    src/app/services/curriculum.service.ts:875:8:
[37m      875 │         [32mvideoQuery[37m: 'GitHub pull request code review uzbek',
          ╵         [32m~~~~~~~~~~[0m


[31mX [41;31m[[41;97mERROR[41;31m][0m [1mTS2561: Object literal may only specify known properties, but 'videoQuery' does not exist in type 'LessonSeed'. Did you mean to write 'videoUrl'?[0m [1m[35m[plugin angular-compiler][0m

    src/app/services/curriculum.service.ts:897:8:
[37m      897 │         [32mvideoQuery[37m: 'GitHub Pages deploy uzbek',
          ╵         [32m~~~~~~~~~~[0m


[31mX [41;31m[[41;97mERROR[41;31m][0m [1mTS2561: Object literal may only specify known properties, but 'videoQuery' does not exist in type 'LessonSeed'. Did you mean to write 'videoUrl'?[0m [1m[35m[plugin angular-compiler][0m

    src/app/services/curriculum.service.ts:916:8:
[37m      916 │         [32mvideoQuery[37m: 'Junior frontend portfolio final project uzbek',
          ╵         [32m~~~~~~~~~~[0m

[39m[22m
[1m[31m[31mX [41;31m[[41;97mERROR[41;31m][0m [1mTS2561: Object literal may only specify known properties, but 'videoQuery' does not exist in type 'LessonSeed'. Did you mean to write 'videoUrl'?[0m [1m[35m[plugin angular-compiler][0m

    src/app/services/curriculum.service.ts:91:8:
[37m      91 │         [32mvideoQuery[37m: 'Chrome DevTools uzbek',
         ╵         [32m~~~~~~~~~~[0m


[31mX [41;31m[[41;97mERROR[41;31m][0m [1mTS2561: Object literal may only specify known properties, but 'videoQuery' does not exist in type 'LessonSeed'. Did you mean to write 'videoUrl'?[0m [1m[35m[plugin angular-compiler][0m

    src/app/services/curriculum.service.ts:111:8:
[37m      111 │         [32mvideoQuery[37m: 'frontend project folder structure uzbek',
          ╵         [32m~~~~~~~~~~[0m


[31mX [41;31m[[41;97mERROR[41;31m][0m [1mTS2561: Object literal may only specify known properties, but 'videoQuery' does not exist in type 'LessonSeed'. Did you mean to write 'videoUrl'?[0m [1m[35m[plugin angular-compiler][0m

    src/app/services/curriculum.service.ts:136:8:
[37m      136 │         [32mvideoQuery[37m: 'frontend backend API nima uzbek',
          ╵         [32m~~~~~~~~~~[0m


[31mX [41;31m[[41;97mERROR[41;31m][0m [1mTS2561: Object literal may only specify known properties, but 'videoQuery' does not exist in type 'LessonSeed'. Did you mean to write 'videoUrl'?[0m [1m[35m[plugin angular-compiler][0m

    src/app/services/curriculum.service.ts:160:8:
[37m      160 │         [32mvideoQuery[37m: 'HTML 0 dan',
          ╵         [32m~~~~~~~~~~[0m


[31mX [41;31m[[41;97mERROR[41;31m][0m [1mTS2561: Object literal may only specify known properties, but 'videoQuery' does not exist in type 'LessonSeed'. Did you mean to write 'videoUrl'?[0m [1m[35m[plugin angular-compiler][0m

    src/app/services/curriculum.service.ts:189:8:
[37m      189 │         [32mvideoQuery[37m: 'HTML h1 p ul ol li uzbek',
          ╵         [32m~~~~~~~~~~[0m


[31mX [41;31m[[41;97mERROR[41;31m][0m [1mTS2561: Object literal may only specify known properties, but 'videoQuery' does not exist in type 'LessonSeed'. Did you mean to write 'videoUrl'?[0m [1m[35m[plugin angular-compiler][0m

    src/app/services/curriculum.service.ts:216:8:
[37m      216 │         [32mvideoQuery[37m: 'HTML link image alt uzbek',
          ╵         [32m~~~~~~~~~~[0m


[31mX [41;31m[[41;97mERROR[41;31m][0m [1mTS2561: Object literal may only specify known properties, but 'videoQuery' does not exist in type 'LessonSeed'. Did you mean to write 'videoUrl'?[0m [1m[35m[plugin angular-compiler][0m

    src/app/services/curriculum.service.ts:240:8:
[37m      240 │         [32mvideoQuery[37m: 'HTML form input label uzbek',
          ╵         [32m~~~~~~~~~~[0m


[31mX [41;31m[[41;97mERROR[41;31m][0m [1mTS2561: Object literal may only specify known properties, but 'videoQuery' does not exist in type 'LessonSeed'. Did you mean to write 'videoUrl'?[0m [1m[35m[plugin angular-compiler][0m

    src/app/services/curriculum.service.ts:270:8:
[37m      270 │         [32mvideoQuery[37m: 'semantic HTML uzbek',
          ╵         [32m~~~~~~~~~~[0m


[31mX [41;31m[[41;97mERROR[41;31m][0m [1mTS2561: Object literal may only specify known properties, but 'videoQuery' does not exist in type 'LessonSeed'. Did you mean to write 'videoUrl'?[0m [1m[35m[plugin angular-compiler][0m

    src/app/services/curriculum.service.ts:304:8:
[37m      304 │         [32mvideoQuery[37m: 'HTML portfolio project uzbek',
          ╵         [32m~~~~~~~~~~[0m


[31mX [41;31m[[41;97mERROR[41;31m][0m [1mTS2561: Object literal may only specify known properties, but 'videoQuery' does not exist in type 'LessonSeed'. Did you mean to write 'videoUrl'?[0m [1m[35m[plugin angular-compiler][0m

    src/app/services/curriculum.service.ts:338:8:
[37m      338 │         [32mvideoQuery[37m: 'CSS 0 dan uzbek',
          ╵         [32m~~~~~~~~~~[0m


[31mX [41;31m[[41;97mERROR[41;31m][0m [1mTS2561: Object literal may only specify known properties, but 'videoQuery' does not exist in type 'LessonSeed'. Did you mean to write 'videoUrl'?[0m [1m[35m[plugin angular-compiler][0m

    src/app/services/curriculum.service.ts:367:8:
[37m      367 │         [32mvideoQuery[37m: 'CSS box model uzbek',
          ╵         [32m~~~~~~~~~~[0m


[31mX [41;31m[[41;97mERROR[41;31m][0m [1mTS2561: Object literal may only specify known properties, but 'videoQuery' does not exist in type 'LessonSeed'. Did you mean to write 'videoUrl'?[0m [1m[35m[plugin angular-compiler][0m

    src/app/services/curriculum.service.ts:395:8:
[37m      395 │         [32mvideoQuery[37m: 'CSS Flexbox uzbek',
          ╵         [32m~~~~~~~~~~[0m


[31mX [41;31m[[41;97mERROR[41;31m][0m [1mTS2561: Object literal may only specify known properties, but 'videoQuery' does not exist in type 'LessonSeed'. Did you mean to write 'videoUrl'?[0m [1m[35m[plugin angular-compiler][0m

    src/app/services/curriculum.service.ts:430:8:
[37m      430 │         [32mvideoQuery[37m: 'CSS Grid uzbek',
          ╵         [32m~~~~~~~~~~[0m


[31mX [41;31m[[41;97mERROR[41;31m][0m [1mTS2561: Object literal may only specify known properties, but 'videoQuery' does not exist in type 'LessonSeed'. Did you mean to write 'videoUrl'?[0m [1m[35m[plugin angular-compiler][0m

    src/app/services/curriculum.service.ts:447:8:
[37m      447 │         [32mvideoQuery[37m: 'responsive design media query uzbek',
          ╵         [32m~~~~~~~~~~[0m


[31mX [41;31m[[41;97mERROR[41;31m][0m [1mTS2561: Object literal may only specify known properties, but 'videoQuery' does not exist in type 'LessonSeed'. Did you mean to write 'videoUrl'?[0m [1m[35m[plugin angular-compiler][0m

    src/app/services/curriculum.service.ts:471:8:
[37m      471 │         [32mvideoQuery[37m: 'CSS portfolio design uzbek',
          ╵         [32m~~~~~~~~~~[0m


[31mX [41;31m[[41;97mERROR[41;31m][0m [1mTS2561: Object literal may only specify known properties, but 'videoQuery' does not exist in type 'LessonSeed'. Did you mean to write 'videoUrl'?[0m [1m[35m[plugin angular-compiler][0m

    src/app/services/curriculum.service.ts:500:8:
[37m      500 │         [32mvideoQuery[37m: 'JavaScript 0 dan uzbek',
          ╵         [32m~~~~~~~~~~[0m


[31mX [41;31m[[41;97mERROR[41;31m][0m [1mTS2561: Object literal may only specify known properties, but 'videoQuery' does not exist in type 'LessonSeed'. Did you mean to write 'videoUrl'?[0m [1m[35m[plugin angular-compiler][0m

    src/app/services/curriculum.service.ts:527:8:
[37m      527 │         [32mvideoQuery[37m: 'JavaScript if else for loop uzbek',
          ╵         [32m~~~~~~~~~~[0m


[31mX [41;31m[[41;97mERROR[41;31m][0m [1mTS2561: Object literal may only specify known properties, but 'videoQuery' does not exist in type 'LessonSeed'. Did you mean to write 'videoUrl'?[0m [1m[35m[plugin angular-compiler][0m

    src/app/services/curriculum.service.ts:552:8:
[37m      552 │         [32mvideoQuery[37m: 'JavaScript functions uzbek',
          ╵         [32m~~~~~~~~~~[0m


[31mX [41;31m[[41;97mERROR[41;31m][0m [1mTS2561: Object literal may only specify known properties, but 'videoQuery' does not exist in type 'LessonSeed'. Did you mean to write 'videoUrl'?[0m [1m[35m[plugin angular-compiler][0m

    src/app/services/curriculum.service.ts:575:8:
[37m      575 │         [32mvideoQuery[37m: 'JavaScript DOM querySelector uzbek',
          ╵         [32m~~~~~~~~~~[0m


[31mX [41;31m[[41;97mERROR[41;31m][0m [1mTS2561: Object literal may only specify known properties, but 'videoQuery' does not exist in type 'LessonSeed'. Did you mean to write 'videoUrl'?[0m [1m[35m[plugin angular-compiler][0m

    src/app/services/curriculum.service.ts:597:8:
[37m      597 │         [32mvideoQuery[37m: 'JavaScript addEventListener form validation ...
          ╵         [32m~~~~~~~~~~[0m


[31mX [41;31m[[41;97mERROR[41;31m][0m [1mTS2561: Object literal may only specify known properties, but 'videoQuery' does not exist in type 'LessonSeed'. Did you mean to write 'videoUrl'?[0m [1m[35m[plugin angular-compiler][0m

    src/app/services/curriculum.service.ts:623:8:
[37m      623 │         [32mvideoQuery[37m: 'JavaScript localStorage JSON uzbek',
          ╵         [32m~~~~~~~~~~[0m


[31mX [41;31m[[41;97mERROR[41;31m][0m [1mTS2561: Object literal may only specify known properties, but 'videoQuery' does not exist in type 'LessonSeed'. Did you mean to write 'videoUrl'?[0m [1m[35m[plugin angular-compiler][0m

    src/app/services/curriculum.service.ts:643:8:
[37m      643 │         [32mvideoQuery[37m: 'JavaScript fetch API async await uzbek',
          ╵         [32m~~~~~~~~~~[0m


[31mX [41;31m[[41;97mERROR[41;31m][0m [1mTS2561: Object literal may only specify known properties, but 'videoQuery' does not exist in type 'LessonSeed'. Did you mean to write 'videoUrl'?[0m [1m[35m[plugin angular-compiler][0m

    src/app/services/curriculum.service.ts:698:8:
[37m      698 │         [32mvideoQuery[37m: 'Node.js 0 dan uzbek',
          ╵         [32m~~~~~~~~~~[0m


[31mX [41;31m[[41;97mERROR[41;31m][0m [1mTS2561: Object literal may only specify known properties, but 'videoQuery' does not exist in type 'LessonSeed'. Did you mean to write 'videoUrl'?[0m [1m[35m[plugin angular-compiler][0m

    src/app/services/curriculum.service.ts:723:8:
[37m      723 │         [32mvideoQuery[37m: 'REST API Node.js uzbek',
          ╵         [32m~~~~~~~~~~[0m


[31mX [41;31m[[41;97mERROR[41;31m][0m [1mTS2561: Object literal may only specify known properties, but 'videoQuery' does not exist in type 'LessonSeed'. Did you mean to write 'videoUrl'?[0m [1m[35m[plugin angular-compiler][0m

    src/app/services/curriculum.service.ts:746:8:
[37m      746 │         [32mvideoQuery[37m: 'Node.js register auth uzbek',
          ╵         [32m~~~~~~~~~~[0m


[31mX [41;31m[[41;97mERROR[41;31m][0m [1mTS2561: Object literal may only specify known properties, but 'videoQuery' does not exist in type 'LessonSeed'. Did you mean to write 'videoUrl'?[0m [1m[35m[plugin angular-compiler][0m

    src/app/services/curriculum.service.ts:767:8:
[37m      767 │         [32mvideoQuery[37m: 'Angular fetch API service uzbek',
          ╵         [32m~~~~~~~~~~[0m


[31mX [41;31m[[41;97mERROR[41;31m][0m [1mTS2561: Object literal may only specify known properties, but 'videoQuery' does not exist in type 'LessonSeed'. Did you mean to write 'videoUrl'?[0m [1m[35m[plugin angular-compiler][0m

    src/app/services/curriculum.service.ts:788:8:
[37m      788 │         [32mvideoQuery[37m: 'Node.js clean code validation error handling...
          ╵         [32m~~~~~~~~~~[0m


[31mX [41;31m[[41;97mERROR[41;31m][0m [1mTS2561: Object literal may only specify known properties, but 'videoQuery' does not exist in type 'LessonSeed'. Did you mean to write 'videoUrl'?[0m [1m[35m[plugin angular-compiler][0m

    src/app/services/curriculum.service.ts:811:8:
[37m      811 │         [32mvideoQuery[37m: 'Git 0 dan uzbek',
          ╵         [32m~~~~~~~~~~[0m


[31mX [41;31m[[41;97mERROR[41;31m][0m [1mTS2561: Object literal may only specify known properties, but 'videoQuery' does not exist in type 'LessonSeed'. Did you mean to write 'videoUrl'?[0m [1m[35m[plugin angular-compiler][0m

    src/app/services/curriculum.service.ts:834:8:
[37m      834 │         [32mvideoQuery[37m: 'GitHub account repo push uzbek',
          ╵         [32m~~~~~~~~~~[0m


[31mX [41;31m[[41;97mERROR[41;31m][0m [1mTS2561: Object literal may only specify known properties, but 'videoQuery' does not exist in type 'LessonSeed'. Did you mean to write 'videoUrl'?[0m [1m[35m[plugin angular-compiler][0m

    src/app/services/curriculum.service.ts:852:8:
[37m      852 │         [32mvideoQuery[37m: 'Git branch merge conflict uzbek',
          ╵         [32m~~~~~~~~~~[0m


[31mX [41;31m[[41;97mERROR[41;31m][0m [1mTS2561: Object literal may only specify known properties, but 'videoQuery' does not exist in type 'LessonSeed'. Did you mean to write 'videoUrl'?[0m [1m[35m[plugin angular-compiler][0m

    src/app/services/curriculum.service.ts:875:8:
[37m      875 │         [32mvideoQuery[37m: 'GitHub pull request code review uzbek',
          ╵         [32m~~~~~~~~~~[0m


[31mX [41;31m[[41;97mERROR[41;31m][0m [1mTS2561: Object literal may only specify known properties, but 'videoQuery' does not exist in type 'LessonSeed'. Did you mean to write 'videoUrl'?[0m [1m[35m[plugin angular-compiler][0m

    src/app/services/curriculum.service.ts:897:8:
[37m      897 │         [32mvideoQuery[37m: 'GitHub Pages deploy uzbek',
          ╵         [32m~~~~~~~~~~[0m


[31mX [41;31m[[41;97mERROR[41;31m][0m [1mTS2561: Object literal may only specify known properties, but 'videoQuery' does not exist in type 'LessonSeed'. Did you mean to write 'videoUrl'?[0m [1m[35m[plugin angular-compiler][0m

    src/app/services/curriculum.service.ts:916:8:
[37m      916 │         [32mvideoQuery[37m: 'Junior frontend portfolio final project uzbek',
          ╵         [32m~~~~~~~~~~[0m

[39m[22m
[1m[31m[31mX [41;31m[[41;97mERROR[41;31m][0m [1mTS2307: Cannot find module './pages/certificate/certificate' or its corresponding type declarations.[0m [1m[35m[plugin angular-compiler][0m

    src/app/app.routes.ts:6:37:
[37m      6 │ ...rt { CertificateComponent } from [32m'./pages/certificate/certificate'[37m;
        ╵                                     [32m~~~~~~~~~~~~~~~~~~~~~~~~~~~~~~~~~[0m


[31mX [41;31m[[41;97mERROR[41;31m][0m [1mTS2561: Object literal may only specify known properties, but 'videoQuery' does not exist in type 'LessonSeed'. Did you mean to write 'videoUrl'?[0m [1m[35m[plugin angular-compiler][0m

    src/app/services/curriculum.service.ts:91:8:
[37m      91 │         [32mvideoQuery[37m: 'Chrome DevTools uzbek',
         ╵         [32m~~~~~~~~~~[0m


[31mX [41;31m[[41;97mERROR[41;31m][0m [1mTS2561: Object literal may only specify known properties, but 'videoQuery' does not exist in type 'LessonSeed'. Did you mean to write 'videoUrl'?[0m [1m[35m[plugin angular-compiler][0m

    src/app/services/curriculum.service.ts:111:8:
[37m      111 │         [32mvideoQuery[37m: 'frontend project folder structure uzbek',
          ╵         [32m~~~~~~~~~~[0m


[31mX [41;31m[[41;97mERROR[41;31m][0m [1mTS2561: Object literal may only specify known properties, but 'videoQuery' does not exist in type 'LessonSeed'. Did you mean to write 'videoUrl'?[0m [1m[35m[plugin angular-compiler][0m

    src/app/services/curriculum.service.ts:136:8:
[37m      136 │         [32mvideoQuery[37m: 'frontend backend API nima uzbek',
          ╵         [32m~~~~~~~~~~[0m


[31mX [41;31m[[41;97mERROR[41;31m][0m [1mTS2561: Object literal may only specify known properties, but 'videoQuery' does not exist in type 'LessonSeed'. Did you mean to write 'videoUrl'?[0m [1m[35m[plugin angular-compiler][0m

    src/app/services/curriculum.service.ts:160:8:
[37m      160 │         [32mvideoQuery[37m: 'HTML 0 dan',
          ╵         [32m~~~~~~~~~~[0m


[31mX [41;31m[[41;97mERROR[41;31m][0m [1mTS2561: Object literal may only specify known properties, but 'videoQuery' does not exist in type 'LessonSeed'. Did you mean to write 'videoUrl'?[0m [1m[35m[plugin angular-compiler][0m

    src/app/services/curriculum.service.ts:189:8:
[37m      189 │         [32mvideoQuery[37m: 'HTML h1 p ul ol li uzbek',
          ╵         [32m~~~~~~~~~~[0m


[31mX [41;31m[[41;97mERROR[41;31m][0m [1mTS2561: Object literal may only specify known properties, but 'videoQuery' does not exist in type 'LessonSeed'. Did you mean to write 'videoUrl'?[0m [1m[35m[plugin angular-compiler][0m

    src/app/services/curriculum.service.ts:216:8:
[37m      216 │         [32mvideoQuery[37m: 'HTML link image alt uzbek',
          ╵         [32m~~~~~~~~~~[0m


[31mX [41;31m[[41;97mERROR[41;31m][0m [1mTS2561: Object literal may only specify known properties, but 'videoQuery' does not exist in type 'LessonSeed'. Did you mean to write 'videoUrl'?[0m [1m[35m[plugin angular-compiler][0m

    src/app/services/curriculum.service.ts:240:8:
[37m      240 │         [32mvideoQuery[37m: 'HTML form input label uzbek',
          ╵         [32m~~~~~~~~~~[0m


[31mX [41;31m[[41;97mERROR[41;31m][0m [1mTS2561: Object literal may only specify known properties, but 'videoQuery' does not exist in type 'LessonSeed'. Did you mean to write 'videoUrl'?[0m [1m[35m[plugin angular-compiler][0m

    src/app/services/curriculum.service.ts:270:8:
[37m      270 │         [32mvideoQuery[37m: 'semantic HTML uzbek',
          ╵         [32m~~~~~~~~~~[0m


[31mX [41;31m[[41;97mERROR[41;31m][0m [1mTS2561: Object literal may only specify known properties, but 'videoQuery' does not exist in type 'LessonSeed'. Did you mean to write 'videoUrl'?[0m [1m[35m[plugin angular-compiler][0m

    src/app/services/curriculum.service.ts:304:8:
[37m      304 │         [32mvideoQuery[37m: 'HTML portfolio project uzbek',
          ╵         [32m~~~~~~~~~~[0m


[31mX [41;31m[[41;97mERROR[41;31m][0m [1mTS2561: Object literal may only specify known properties, but 'videoQuery' does not exist in type 'LessonSeed'. Did you mean to write 'videoUrl'?[0m [1m[35m[plugin angular-compiler][0m

    src/app/services/curriculum.service.ts:338:8:
[37m      338 │         [32mvideoQuery[37m: 'CSS 0 dan uzbek',
          ╵         [32m~~~~~~~~~~[0m


[31mX [41;31m[[41;97mERROR[41;31m][0m [1mTS2561: Object literal may only specify known properties, but 'videoQuery' does not exist in type 'LessonSeed'. Did you mean to write 'videoUrl'?[0m [1m[35m[plugin angular-compiler][0m

    src/app/services/curriculum.service.ts:367:8:
[37m      367 │         [32mvideoQuery[37m: 'CSS box model uzbek',
          ╵         [32m~~~~~~~~~~[0m


[31mX [41;31m[[41;97mERROR[41;31m][0m [1mTS2561: Object literal may only specify known properties, but 'videoQuery' does not exist in type 'LessonSeed'. Did you mean to write 'videoUrl'?[0m [1m[35m[plugin angular-compiler][0m

    src/app/services/curriculum.service.ts:395:8:
[37m      395 │         [32mvideoQuery[37m: 'CSS Flexbox uzbek',
          ╵         [32m~~~~~~~~~~[0m


[31mX [41;31m[[41;97mERROR[41;31m][0m [1mTS2561: Object literal may only specify known properties, but 'videoQuery' does not exist in type 'LessonSeed'. Did you mean to write 'videoUrl'?[0m [1m[35m[plugin angular-compiler][0m

    src/app/services/curriculum.service.ts:430:8:
[37m      430 │         [32mvideoQuery[37m: 'CSS Grid uzbek',
          ╵         [32m~~~~~~~~~~[0m


[31mX [41;31m[[41;97mERROR[41;31m][0m [1mTS2561: Object literal may only specify known properties, but 'videoQuery' does not exist in type 'LessonSeed'. Did you mean to write 'videoUrl'?[0m [1m[35m[plugin angular-compiler][0m

    src/app/services/curriculum.service.ts:447:8:
[37m      447 │         [32mvideoQuery[37m: 'responsive design media query uzbek',
          ╵         [32m~~~~~~~~~~[0m


[31mX [41;31m[[41;97mERROR[41;31m][0m [1mTS2561: Object literal may only specify known properties, but 'videoQuery' does not exist in type 'LessonSeed'. Did you mean to write 'videoUrl'?[0m [1m[35m[plugin angular-compiler][0m

    src/app/services/curriculum.service.ts:471:8:
[37m      471 │         [32mvideoQuery[37m: 'CSS portfolio design uzbek',
          ╵         [32m~~~~~~~~~~[0m


[31mX [41;31m[[41;97mERROR[41;31m][0m [1mTS2561: Object literal may only specify known properties, but 'videoQuery' does not exist in type 'LessonSeed'. Did you mean to write 'videoUrl'?[0m [1m[35m[plugin angular-compiler][0m

    src/app/services/curriculum.service.ts:500:8:
[37m      500 │         [32mvideoQuery[37m: 'JavaScript 0 dan uzbek',
          ╵         [32m~~~~~~~~~~[0m


[31mX [41;31m[[41;97mERROR[41;31m][0m [1mTS2561: Object literal may only specify known properties, but 'videoQuery' does not exist in type 'LessonSeed'. Did you mean to write 'videoUrl'?[0m [1m[35m[plugin angular-compiler][0m

    src/app/services/curriculum.service.ts:527:8:
[37m      527 │         [32mvideoQuery[37m: 'JavaScript if else for loop uzbek',
          ╵         [32m~~~~~~~~~~[0m


[31mX [41;31m[[41;97mERROR[41;31m][0m [1mTS2561: Object literal may only specify known properties, but 'videoQuery' does not exist in type 'LessonSeed'. Did you mean to write 'videoUrl'?[0m [1m[35m[plugin angular-compiler][0m

    src/app/services/curriculum.service.ts:552:8:
[37m      552 │         [32mvideoQuery[37m: 'JavaScript functions uzbek',
          ╵         [32m~~~~~~~~~~[0m


[31mX [41;31m[[41;97mERROR[41;31m][0m [1mTS2561: Object literal may only specify known properties, but 'videoQuery' does not exist in type 'LessonSeed'. Did you mean to write 'videoUrl'?[0m [1m[35m[plugin angular-compiler][0m

    src/app/services/curriculum.service.ts:575:8:
[37m      575 │         [32mvideoQuery[37m: 'JavaScript DOM querySelector uzbek',
          ╵         [32m~~~~~~~~~~[0m


[31mX [41;31m[[41;97mERROR[41;31m][0m [1mTS2561: Object literal may only specify known properties, but 'videoQuery' does not exist in type 'LessonSeed'. Did you mean to write 'videoUrl'?[0m [1m[35m[plugin angular-compiler][0m

    src/app/services/curriculum.service.ts:597:8:
[37m      597 │         [32mvideoQuery[37m: 'JavaScript addEventListener form validation ...
          ╵         [32m~~~~~~~~~~[0m


[31mX [41;31m[[41;97mERROR[41;31m][0m [1mTS2561: Object literal may only specify known properties, but 'videoQuery' does not exist in type 'LessonSeed'. Did you mean to write 'videoUrl'?[0m [1m[35m[plugin angular-compiler][0m

    src/app/services/curriculum.service.ts:623:8:
[37m      623 │         [32mvideoQuery[37m: 'JavaScript localStorage JSON uzbek',
          ╵         [32m~~~~~~~~~~[0m


[31mX [41;31m[[41;97mERROR[41;31m][0m [1mTS2561: Object literal may only specify known properties, but 'videoQuery' does not exist in type 'LessonSeed'. Did you mean to write 'videoUrl'?[0m [1m[35m[plugin angular-compiler][0m

    src/app/services/curriculum.service.ts:643:8:
[37m      643 │         [32mvideoQuery[37m: 'JavaScript fetch API async await uzbek',
          ╵         [32m~~~~~~~~~~[0m


[31mX [41;31m[[41;97mERROR[41;31m][0m [1mTS2561: Object literal may only specify known properties, but 'videoQuery' does not exist in type 'LessonSeed'. Did you mean to write 'videoUrl'?[0m [1m[35m[plugin angular-compiler][0m

    src/app/services/curriculum.service.ts:698:8:
[37m      698 │         [32mvideoQuery[37m: 'Node.js 0 dan uzbek',
          ╵         [32m~~~~~~~~~~[0m


[31mX [41;31m[[41;97mERROR[41;31m][0m [1mTS2561: Object literal may only specify known properties, but 'videoQuery' does not exist in type 'LessonSeed'. Did you mean to write 'videoUrl'?[0m [1m[35m[plugin angular-compiler][0m

    src/app/services/curriculum.service.ts:723:8:
[37m      723 │         [32mvideoQuery[37m: 'REST API Node.js uzbek',
          ╵         [32m~~~~~~~~~~[0m


[31mX [41;31m[[41;97mERROR[41;31m][0m [1mTS2561: Object literal may only specify known properties, but 'videoQuery' does not exist in type 'LessonSeed'. Did you mean to write 'videoUrl'?[0m [1m[35m[plugin angular-compiler][0m

    src/app/services/curriculum.service.ts:746:8:
[37m      746 │         [32mvideoQuery[37m: 'Node.js register auth uzbek',
          ╵         [32m~~~~~~~~~~[0m


[31mX [41;31m[[41;97mERROR[41;31m][0m [1mTS2561: Object literal may only specify known properties, but 'videoQuery' does not exist in type 'LessonSeed'. Did you mean to write 'videoUrl'?[0m [1m[35m[plugin angular-compiler][0m

    src/app/services/curriculum.service.ts:767:8:
[37m      767 │         [32mvideoQuery[37m: 'Angular fetch API service uzbek',
          ╵         [32m~~~~~~~~~~[0m


[31mX [41;31m[[41;97mERROR[41;31m][0m [1mTS2561: Object literal may only specify known properties, but 'videoQuery' does not exist in type 'LessonSeed'. Did you mean to write 'videoUrl'?[0m [1m[35m[plugin angular-compiler][0m

    src/app/services/curriculum.service.ts:788:8:
[37m      788 │         [32mvideoQuery[37m: 'Node.js clean code validation error handling...
          ╵         [32m~~~~~~~~~~[0m


[31mX [41;31m[[41;97mERROR[41;31m][0m [1mTS2561: Object literal may only specify known properties, but 'videoQuery' does not exist in type 'LessonSeed'. Did you mean to write 'videoUrl'?[0m [1m[35m[plugin angular-compiler][0m

    src/app/services/curriculum.service.ts:811:8:
[37m      811 │         [32mvideoQuery[37m: 'Git 0 dan uzbek',
          ╵         [32m~~~~~~~~~~[0m


[31mX [41;31m[[41;97mERROR[41;31m][0m [1mTS2561: Object literal may only specify known properties, but 'videoQuery' does not exist in type 'LessonSeed'. Did you mean to write 'videoUrl'?[0m [1m[35m[plugin angular-compiler][0m

    src/app/services/curriculum.service.ts:834:8:
[37m      834 │         [32mvideoQuery[37m: 'GitHub account repo push uzbek',
          ╵         [32m~~~~~~~~~~[0m


[31mX [41;31m[[41;97mERROR[41;31m][0m [1mTS2561: Object literal may only specify known properties, but 'videoQuery' does not exist in type 'LessonSeed'. Did you mean to write 'videoUrl'?[0m [1m[35m[plugin angular-compiler][0m

    src/app/services/curriculum.service.ts:852:8:
[37m      852 │         [32mvideoQuery[37m: 'Git branch merge conflict uzbek',
          ╵         [32m~~~~~~~~~~[0m


[31mX [41;31m[[41;97mERROR[41;31m][0m [1mTS2561: Object literal may only specify known properties, but 'videoQuery' does not exist in type 'LessonSeed'. Did you mean to write 'videoUrl'?[0m [1m[35m[plugin angular-compiler][0m

    src/app/services/curriculum.service.ts:875:8:
[37m      875 │         [32mvideoQuery[37m: 'GitHub pull request code review uzbek',
          ╵         [32m~~~~~~~~~~[0m


[31mX [41;31m[[41;97mERROR[41;31m][0m [1mTS2561: Object literal may only specify known properties, but 'videoQuery' does not exist in type 'LessonSeed'. Did you mean to write 'videoUrl'?[0m [1m[35m[plugin angular-compiler][0m

    src/app/services/curriculum.service.ts:897:8:
[37m      897 │         [32mvideoQuery[37m: 'GitHub Pages deploy uzbek',
          ╵         [32m~~~~~~~~~~[0m


[31mX [41;31m[[41;97mERROR[41;31m][0m [1mTS2561: Object literal may only specify known properties, but 'videoQuery' does not exist in type 'LessonSeed'. Did you mean to write 'videoUrl'?[0m [1m[35m[plugin angular-compiler][0m

    src/app/services/curriculum.service.ts:916:8:
[37m      916 │         [32mvideoQuery[37m: 'Junior frontend portfolio final project uzbek',
          ╵         [32m~~~~~~~~~~[0m

[39m[22m
[1m[31m[31mX [41;31m[[41;97mERROR[41;31m][0m [1mTS2307: Cannot find module './pages/certificate/certificate' or its corresponding type declarations.[0m [1m[35m[plugin angular-compiler][0m

    src/app/app.routes.ts:6:37:
[37m      6 │ ...rt { CertificateComponent } from [32m'./pages/certificate/certificate'[37m;
        ╵                                     [32m~~~~~~~~~~~~~~~~~~~~~~~~~~~~~~~~~[0m


[31mX [41;31m[[41;97mERROR[41;31m][0m [1mTS2561: Object literal may only specify known properties, but 'videoQuery' does not exist in type 'LessonSeed'. Did you mean to write 'videoUrl'?[0m [1m[35m[plugin angular-compiler][0m

    src/app/services/curriculum.service.ts:91:8:
[37m      91 │         [32mvideoQuery[37m: 'Chrome DevTools uzbek',
         ╵         [32m~~~~~~~~~~[0m


[31mX [41;31m[[41;97mERROR[41;31m][0m [1mTS2561: Object literal may only specify known properties, but 'videoQuery' does not exist in type 'LessonSeed'. Did you mean to write 'videoUrl'?[0m [1m[35m[plugin angular-compiler][0m

    src/app/services/curriculum.service.ts:111:8:
[37m      111 │         [32mvideoQuery[37m: 'frontend project folder structure uzbek',
          ╵         [32m~~~~~~~~~~[0m


[31mX [41;31m[[41;97mERROR[41;31m][0m [1mTS2561: Object literal may only specify known properties, but 'videoQuery' does not exist in type 'LessonSeed'. Did you mean to write 'videoUrl'?[0m [1m[35m[plugin angular-compiler][0m

    src/app/services/curriculum.service.ts:136:8:
[37m      136 │         [32mvideoQuery[37m: 'frontend backend API nima uzbek',
          ╵         [32m~~~~~~~~~~[0m


[31mX [41;31m[[41;97mERROR[41;31m][0m [1mTS2561: Object literal may only specify known properties, but 'videoQuery' does not exist in type 'LessonSeed'. Did you mean to write 'videoUrl'?[0m [1m[35m[plugin angular-compiler][0m

    src/app/services/curriculum.service.ts:160:8:
[37m      160 │         [32mvideoQuery[37m: 'HTML 0 dan',
          ╵         [32m~~~~~~~~~~[0m


[31mX [41;31m[[41;97mERROR[41;31m][0m [1mTS2561: Object literal may only specify known properties, but 'videoQuery' does not exist in type 'LessonSeed'. Did you mean to write 'videoUrl'?[0m [1m[35m[plugin angular-compiler][0m

    src/app/services/curriculum.service.ts:189:8:
[37m      189 │         [32mvideoQuery[37m: 'HTML h1 p ul ol li uzbek',
          ╵         [32m~~~~~~~~~~[0m


[31mX [41;31m[[41;97mERROR[41;31m][0m [1mTS2561: Object literal may only specify known properties, but 'videoQuery' does not exist in type 'LessonSeed'. Did you mean to write 'videoUrl'?[0m [1m[35m[plugin angular-compiler][0m

    src/app/services/curriculum.service.ts:216:8:
[37m      216 │         [32mvideoQuery[37m: 'HTML link image alt uzbek',
          ╵         [32m~~~~~~~~~~[0m


[31mX [41;31m[[41;97mERROR[41;31m][0m [1mTS2561: Object literal may only specify known properties, but 'videoQuery' does not exist in type 'LessonSeed'. Did you mean to write 'videoUrl'?[0m [1m[35m[plugin angular-compiler][0m

    src/app/services/curriculum.service.ts:240:8:
[37m      240 │         [32mvideoQuery[37m: 'HTML form input label uzbek',
          ╵         [32m~~~~~~~~~~[0m


[31mX [41;31m[[41;97mERROR[41;31m][0m [1mTS2561: Object literal may only specify known properties, but 'videoQuery' does not exist in type 'LessonSeed'. Did you mean to write 'videoUrl'?[0m [1m[35m[plugin angular-compiler][0m

    src/app/services/curriculum.service.ts:270:8:
[37m      270 │         [32mvideoQuery[37m: 'semantic HTML uzbek',
          ╵         [32m~~~~~~~~~~[0m


[31mX [41;31m[[41;97mERROR[41;31m][0m [1mTS2561: Object literal may only specify known properties, but 'videoQuery' does not exist in type 'LessonSeed'. Did you mean to write 'videoUrl'?[0m [1m[35m[plugin angular-compiler][0m

    src/app/services/curriculum.service.ts:304:8:
[37m      304 │         [32mvideoQuery[37m: 'HTML portfolio project uzbek',
          ╵         [32m~~~~~~~~~~[0m


[31mX [41;31m[[41;97mERROR[41;31m][0m [1mTS2561: Object literal may only specify known properties, but 'videoQuery' does not exist in type 'LessonSeed'. Did you mean to write 'videoUrl'?[0m [1m[35m[plugin angular-compiler][0m

    src/app/services/curriculum.service.ts:338:8:
[37m      338 │         [32mvideoQuery[37m: 'CSS 0 dan uzbek',
          ╵         [32m~~~~~~~~~~[0m


[31mX [41;31m[[41;97mERROR[41;31m][0m [1mTS2561: Object literal may only specify known properties, but 'videoQuery' does not exist in type 'LessonSeed'. Did you mean to write 'videoUrl'?[0m [1m[35m[plugin angular-compiler][0m

    src/app/services/curriculum.service.ts:367:8:
[37m      367 │         [32mvideoQuery[37m: 'CSS box model uzbek',
          ╵         [32m~~~~~~~~~~[0m


[31mX [41;31m[[41;97mERROR[41;31m][0m [1mTS2561: Object literal may only specify known properties, but 'videoQuery' does not exist in type 'LessonSeed'. Did you mean to write 'videoUrl'?[0m [1m[35m[plugin angular-compiler][0m

    src/app/services/curriculum.service.ts:395:8:
[37m      395 │         [32mvideoQuery[37m: 'CSS Flexbox uzbek',
          ╵         [32m~~~~~~~~~~[0m


[31mX [41;31m[[41;97mERROR[41;31m][0m [1mTS2561: Object literal may only specify known properties, but 'videoQuery' does not exist in type 'LessonSeed'. Did you mean to write 'videoUrl'?[0m [1m[35m[plugin angular-compiler][0m

    src/app/services/curriculum.service.ts:430:8:
[37m      430 │         [32mvideoQuery[37m: 'CSS Grid uzbek',
          ╵         [32m~~~~~~~~~~[0m


[31mX [41;31m[[41;97mERROR[41;31m][0m [1mTS2561: Object literal may only specify known properties, but 'videoQuery' does not exist in type 'LessonSeed'. Did you mean to write 'videoUrl'?[0m [1m[35m[plugin angular-compiler][0m

    src/app/services/curriculum.service.ts:447:8:
[37m      447 │         [32mvideoQuery[37m: 'responsive design media query uzbek',
          ╵         [32m~~~~~~~~~~[0m


[31mX [41;31m[[41;97mERROR[41;31m][0m [1mTS2561: Object literal may only specify known properties, but 'videoQuery' does not exist in type 'LessonSeed'. Did you mean to write 'videoUrl'?[0m [1m[35m[plugin angular-compiler][0m

    src/app/services/curriculum.service.ts:471:8:
[37m      471 │         [32mvideoQuery[37m: 'CSS portfolio design uzbek',
          ╵         [32m~~~~~~~~~~[0m


[31mX [41;31m[[41;97mERROR[41;31m][0m [1mTS2561: Object literal may only specify known properties, but 'videoQuery' does not exist in type 'LessonSeed'. Did you mean to write 'videoUrl'?[0m [1m[35m[plugin angular-compiler][0m

    src/app/services/curriculum.service.ts:500:8:
[37m      500 │         [32mvideoQuery[37m: 'JavaScript 0 dan uzbek',
          ╵         [32m~~~~~~~~~~[0m


[31mX [41;31m[[41;97mERROR[41;31m][0m [1mTS2561: Object literal may only specify known properties, but 'videoQuery' does not exist in type 'LessonSeed'. Did you mean to write 'videoUrl'?[0m [1m[35m[plugin angular-compiler][0m

    src/app/services/curriculum.service.ts:527:8:
[37m      527 │         [32mvideoQuery[37m: 'JavaScript if else for loop uzbek',
          ╵         [32m~~~~~~~~~~[0m


[31mX [41;31m[[41;97mERROR[41;31m][0m [1mTS2561: Object literal may only specify known properties, but 'videoQuery' does not exist in type 'LessonSeed'. Did you mean to write 'videoUrl'?[0m [1m[35m[plugin angular-compiler][0m

    src/app/services/curriculum.service.ts:552:8:
[37m      552 │         [32mvideoQuery[37m: 'JavaScript functions uzbek',
          ╵         [32m~~~~~~~~~~[0m


[31mX [41;31m[[41;97mERROR[41;31m][0m [1mTS2561: Object literal may only specify known properties, but 'videoQuery' does not exist in type 'LessonSeed'. Did you mean to write 'videoUrl'?[0m [1m[35m[plugin angular-compiler][0m

    src/app/services/curriculum.service.ts:575:8:
[37m      575 │         [32mvideoQuery[37m: 'JavaScript DOM querySelector uzbek',
          ╵         [32m~~~~~~~~~~[0m


[31mX [41;31m[[41;97mERROR[41;31m][0m [1mTS2561: Object literal may only specify known properties, but 'videoQuery' does not exist in type 'LessonSeed'. Did you mean to write 'videoUrl'?[0m [1m[35m[plugin angular-compiler][0m

    src/app/services/curriculum.service.ts:597:8:
[37m      597 │         [32mvideoQuery[37m: 'JavaScript addEventListener form validation ...
          ╵         [32m~~~~~~~~~~[0m


[31mX [41;31m[[41;97mERROR[41;31m][0m [1mTS2561: Object literal may only specify known properties, but 'videoQuery' does not exist in type 'LessonSeed'. Did you mean to write 'videoUrl'?[0m [1m[35m[plugin angular-compiler][0m

    src/app/services/curriculum.service.ts:623:8:
[37m      623 │         [32mvideoQuery[37m: 'JavaScript localStorage JSON uzbek',
          ╵         [32m~~~~~~~~~~[0m


[31mX [41;31m[[41;97mERROR[41;31m][0m [1mTS2561: Object literal may only specify known properties, but 'videoQuery' does not exist in type 'LessonSeed'. Did you mean to write 'videoUrl'?[0m [1m[35m[plugin angular-compiler][0m

    src/app/services/curriculum.service.ts:643:8:
[37m      643 │         [32mvideoQuery[37m: 'JavaScript fetch API async await uzbek',
          ╵         [32m~~~~~~~~~~[0m


[31mX [41;31m[[41;97mERROR[41;31m][0m [1mTS2561: Object literal may only specify known properties, but 'videoQuery' does not exist in type 'LessonSeed'. Did you mean to write 'videoUrl'?[0m [1m[35m[plugin angular-compiler][0m

    src/app/services/curriculum.service.ts:698:8:
[37m      698 │         [32mvideoQuery[37m: 'Node.js 0 dan uzbek',
          ╵         [32m~~~~~~~~~~[0m


[31mX [41;31m[[41;97mERROR[41;31m][0m [1mTS2561: Object literal may only specify known properties, but 'videoQuery' does not exist in type 'LessonSeed'. Did you mean to write 'videoUrl'?[0m [1m[35m[plugin angular-compiler][0m

    src/app/services/curriculum.service.ts:723:8:
[37m      723 │         [32mvideoQuery[37m: 'REST API Node.js uzbek',
          ╵         [32m~~~~~~~~~~[0m


[31mX [41;31m[[41;97mERROR[41;31m][0m [1mTS2561: Object literal may only specify known properties, but 'videoQuery' does not exist in type 'LessonSeed'. Did you mean to write 'videoUrl'?[0m [1m[35m[plugin angular-compiler][0m

    src/app/services/curriculum.service.ts:746:8:
[37m      746 │         [32mvideoQuery[37m: 'Node.js register auth uzbek',
          ╵         [32m~~~~~~~~~~[0m


[31mX [41;31m[[41;97mERROR[41;31m][0m [1mTS2561: Object literal may only specify known properties, but 'videoQuery' does not exist in type 'LessonSeed'. Did you mean to write 'videoUrl'?[0m [1m[35m[plugin angular-compiler][0m

    src/app/services/curriculum.service.ts:767:8:
[37m      767 │         [32mvideoQuery[37m: 'Angular fetch API service uzbek',
          ╵         [32m~~~~~~~~~~[0m


[31mX [41;31m[[41;97mERROR[41;31m][0m [1mTS2561: Object literal may only specify known properties, but 'videoQuery' does not exist in type 'LessonSeed'. Did you mean to write 'videoUrl'?[0m [1m[35m[plugin angular-compiler][0m

    src/app/services/curriculum.service.ts:788:8:
[37m      788 │         [32mvideoQuery[37m: 'Node.js clean code validation error handling...
          ╵         [32m~~~~~~~~~~[0m


[31mX [41;31m[[41;97mERROR[41;31m][0m [1mTS2561: Object literal may only specify known properties, but 'videoQuery' does not exist in type 'LessonSeed'. Did you mean to write 'videoUrl'?[0m [1m[35m[plugin angular-compiler][0m

    src/app/services/curriculum.service.ts:811:8:
[37m      811 │         [32mvideoQuery[37m: 'Git 0 dan uzbek',
          ╵         [32m~~~~~~~~~~[0m


[31mX [41;31m[[41;97mERROR[41;31m][0m [1mTS2561: Object literal may only specify known properties, but 'videoQuery' does not exist in type 'LessonSeed'. Did you mean to write 'videoUrl'?[0m [1m[35m[plugin angular-compiler][0m

    src/app/services/curriculum.service.ts:834:8:
[37m      834 │         [32mvideoQuery[37m: 'GitHub account repo push uzbek',
          ╵         [32m~~~~~~~~~~[0m


[31mX [41;31m[[41;97mERROR[41;31m][0m [1mTS2561: Object literal may only specify known properties, but 'videoQuery' does not exist in type 'LessonSeed'. Did you mean to write 'videoUrl'?[0m [1m[35m[plugin angular-compiler][0m

    src/app/services/curriculum.service.ts:852:8:
[37m      852 │         [32mvideoQuery[37m: 'Git branch merge conflict uzbek',
          ╵         [32m~~~~~~~~~~[0m


[31mX [41;31m[[41;97mERROR[41;31m][0m [1mTS2561: Object literal may only specify known properties, but 'videoQuery' does not exist in type 'LessonSeed'. Did you mean to write 'videoUrl'?[0m [1m[35m[plugin angular-compiler][0m

    src/app/services/curriculum.service.ts:875:8:
[37m      875 │         [32mvideoQuery[37m: 'GitHub pull request code review uzbek',
          ╵         [32m~~~~~~~~~~[0m


[31mX [41;31m[[41;97mERROR[41;31m][0m [1mTS2561: Object literal may only specify known properties, but 'videoQuery' does not exist in type 'LessonSeed'. Did you mean to write 'videoUrl'?[0m [1m[35m[plugin angular-compiler][0m

    src/app/services/curriculum.service.ts:897:8:
[37m      897 │         [32mvideoQuery[37m: 'GitHub Pages deploy uzbek',
          ╵         [32m~~~~~~~~~~[0m


[31mX [41;31m[[41;97mERROR[41;31m][0m [1mTS2561: Object literal may only specify known properties, but 'videoQuery' does not exist in type 'LessonSeed'. Did you mean to write 'videoUrl'?[0m [1m[35m[plugin angular-compiler][0m

    src/app/services/curriculum.service.ts:916:8:
[37m      916 │         [32mvideoQuery[37m: 'Junior frontend portfolio final project uzbek',
          ╵         [32m~~~~~~~~~~[0m


[31mX [41;31m[[41;97mERROR[41;31m][0m [1mCould not resolve "./pages/certificate/certificate"[0m

    src/app/app.routes.ts:5:37:
[37m      5 │ ...rt { CertificateComponent } from [32m'./pages/certificate/certificate'[37m;
        ╵                                     [32m~~~~~~~~~~~~~~~~~~~~~~~~~~~~~~~~~[0m

[39m[22m
[1m[31m[31mX [41;31m[[41;97mERROR[41;31m][0m [1mTS2307: Cannot find module './pages/certificate/certificate' or its corresponding type declarations.[0m [1m[35m[plugin angular-compiler][0m

    src/app/app.routes.ts:6:37:
[37m      6 │ ...rt { CertificateComponent } from [32m'./pages/certificate/certificate'[37m;
        ╵                                     [32m~~~~~~~~~~~~~~~~~~~~~~~~~~~~~~~~~[0m


[31mX [41;31m[[41;97mERROR[41;31m][0m [1mTS2561: Object literal may only specify known properties, but 'videoQuery' does not exist in type 'LessonSeed'. Did you mean to write 'videoUrl'?[0m [1m[35m[plugin angular-compiler][0m

    src/app/services/curriculum.service.ts:91:8:
[37m      91 │         [32mvideoQuery[37m: 'Chrome DevTools uzbek',
         ╵         [32m~~~~~~~~~~[0m


[31mX [41;31m[[41;97mERROR[41;31m][0m [1mTS2561: Object literal may only specify known properties, but 'videoQuery' does not exist in type 'LessonSeed'. Did you mean to write 'videoUrl'?[0m [1m[35m[plugin angular-compiler][0m

    src/app/services/curriculum.service.ts:111:8:
[37m      111 │         [32mvideoQuery[37m: 'frontend project folder structure uzbek',
          ╵         [32m~~~~~~~~~~[0m


[31mX [41;31m[[41;97mERROR[41;31m][0m [1mTS2561: Object literal may only specify known properties, but 'videoQuery' does not exist in type 'LessonSeed'. Did you mean to write 'videoUrl'?[0m [1m[35m[plugin angular-compiler][0m

    src/app/services/curriculum.service.ts:136:8:
[37m      136 │         [32mvideoQuery[37m: 'frontend backend API nima uzbek',
          ╵         [32m~~~~~~~~~~[0m


[31mX [41;31m[[41;97mERROR[41;31m][0m [1mTS2561: Object literal may only specify known properties, but 'videoQuery' does not exist in type 'LessonSeed'. Did you mean to write 'videoUrl'?[0m [1m[35m[plugin angular-compiler][0m

    src/app/services/curriculum.service.ts:160:8:
[37m      160 │         [32mvideoQuery[37m: 'HTML 0 dan',
          ╵         [32m~~~~~~~~~~[0m


[31mX [41;31m[[41;97mERROR[41;31m][0m [1mTS2561: Object literal may only specify known properties, but 'videoQuery' does not exist in type 'LessonSeed'. Did you mean to write 'videoUrl'?[0m [1m[35m[plugin angular-compiler][0m

    src/app/services/curriculum.service.ts:189:8:
[37m      189 │         [32mvideoQuery[37m: 'HTML h1 p ul ol li uzbek',
          ╵         [32m~~~~~~~~~~[0m


[31mX [41;31m[[41;97mERROR[41;31m][0m [1mTS2561: Object literal may only specify known properties, but 'videoQuery' does not exist in type 'LessonSeed'. Did you mean to write 'videoUrl'?[0m [1m[35m[plugin angular-compiler][0m

    src/app/services/curriculum.service.ts:216:8:
[37m      216 │         [32mvideoQuery[37m: 'HTML link image alt uzbek',
          ╵         [32m~~~~~~~~~~[0m


[31mX [41;31m[[41;97mERROR[41;31m][0m [1mTS2561: Object literal may only specify known properties, but 'videoQuery' does not exist in type 'LessonSeed'. Did you mean to write 'videoUrl'?[0m [1m[35m[plugin angular-compiler][0m

    src/app/services/curriculum.service.ts:240:8:
[37m      240 │         [32mvideoQuery[37m: 'HTML form input label uzbek',
          ╵         [32m~~~~~~~~~~[0m


[31mX [41;31m[[41;97mERROR[41;31m][0m [1mTS2561: Object literal may only specify known properties, but 'videoQuery' does not exist in type 'LessonSeed'. Did you mean to write 'videoUrl'?[0m [1m[35m[plugin angular-compiler][0m

    src/app/services/curriculum.service.ts:270:8:
[37m      270 │         [32mvideoQuery[37m: 'semantic HTML uzbek',
          ╵         [32m~~~~~~~~~~[0m


[31mX [41;31m[[41;97mERROR[41;31m][0m [1mTS2561: Object literal may only specify known properties, but 'videoQuery' does not exist in type 'LessonSeed'. Did you mean to write 'videoUrl'?[0m [1m[35m[plugin angular-compiler][0m

    src/app/services/curriculum.service.ts:304:8:
[37m      304 │         [32mvideoQuery[37m: 'HTML portfolio project uzbek',
          ╵         [32m~~~~~~~~~~[0m


[31mX [41;31m[[41;97mERROR[41;31m][0m [1mTS2561: Object literal may only specify known properties, but 'videoQuery' does not exist in type 'LessonSeed'. Did you mean to write 'videoUrl'?[0m [1m[35m[plugin angular-compiler][0m

    src/app/services/curriculum.service.ts:338:8:
[37m      338 │         [32mvideoQuery[37m: 'CSS 0 dan uzbek',
          ╵         [32m~~~~~~~~~~[0m


[31mX [41;31m[[41;97mERROR[41;31m][0m [1mTS2561: Object literal may only specify known properties, but 'videoQuery' does not exist in type 'LessonSeed'. Did you mean to write 'videoUrl'?[0m [1m[35m[plugin angular-compiler][0m

    src/app/services/curriculum.service.ts:367:8:
[37m      367 │         [32mvideoQuery[37m: 'CSS box model uzbek',
          ╵         [32m~~~~~~~~~~[0m


[31mX [41;31m[[41;97mERROR[41;31m][0m [1mTS2561: Object literal may only specify known properties, but 'videoQuery' does not exist in type 'LessonSeed'. Did you mean to write 'videoUrl'?[0m [1m[35m[plugin angular-compiler][0m

    src/app/services/curriculum.service.ts:395:8:
[37m      395 │         [32mvideoQuery[37m: 'CSS Flexbox uzbek',
          ╵         [32m~~~~~~~~~~[0m


[31mX [41;31m[[41;97mERROR[41;31m][0m [1mTS2561: Object literal may only specify known properties, but 'videoQuery' does not exist in type 'LessonSeed'. Did you mean to write 'videoUrl'?[0m [1m[35m[plugin angular-compiler][0m

    src/app/services/curriculum.service.ts:430:8:
[37m      430 │         [32mvideoQuery[37m: 'CSS Grid uzbek',
          ╵         [32m~~~~~~~~~~[0m


[31mX [41;31m[[41;97mERROR[41;31m][0m [1mTS2561: Object literal may only specify known properties, but 'videoQuery' does not exist in type 'LessonSeed'. Did you mean to write 'videoUrl'?[0m [1m[35m[plugin angular-compiler][0m

    src/app/services/curriculum.service.ts:447:8:
[37m      447 │         [32mvideoQuery[37m: 'responsive design media query uzbek',
          ╵         [32m~~~~~~~~~~[0m


[31mX [41;31m[[41;97mERROR[41;31m][0m [1mTS2561: Object literal may only specify known properties, but 'videoQuery' does not exist in type 'LessonSeed'. Did you mean to write 'videoUrl'?[0m [1m[35m[plugin angular-compiler][0m

    src/app/services/curriculum.service.ts:471:8:
[37m      471 │         [32mvideoQuery[37m: 'CSS portfolio design uzbek',
          ╵         [32m~~~~~~~~~~[0m


[31mX [41;31m[[41;97mERROR[41;31m][0m [1mTS2561: Object literal may only specify known properties, but 'videoQuery' does not exist in type 'LessonSeed'. Did you mean to write 'videoUrl'?[0m [1m[35m[plugin angular-compiler][0m

    src/app/services/curriculum.service.ts:500:8:
[37m      500 │         [32mvideoQuery[37m: 'JavaScript 0 dan uzbek',
          ╵         [32m~~~~~~~~~~[0m


[31mX [41;31m[[41;97mERROR[41;31m][0m [1mTS2561: Object literal may only specify known properties, but 'videoQuery' does not exist in type 'LessonSeed'. Did you mean to write 'videoUrl'?[0m [1m[35m[plugin angular-compiler][0m

    src/app/services/curriculum.service.ts:527:8:
[37m      527 │         [32mvideoQuery[37m: 'JavaScript if else for loop uzbek',
          ╵         [32m~~~~~~~~~~[0m


[31mX [41;31m[[41;97mERROR[41;31m][0m [1mTS2561: Object literal may only specify known properties, but 'videoQuery' does not exist in type 'LessonSeed'. Did you mean to write 'videoUrl'?[0m [1m[35m[plugin angular-compiler][0m

    src/app/services/curriculum.service.ts:552:8:
[37m      552 │         [32mvideoQuery[37m: 'JavaScript functions uzbek',
          ╵         [32m~~~~~~~~~~[0m


[31mX [41;31m[[41;97mERROR[41;31m][0m [1mTS2561: Object literal may only specify known properties, but 'videoQuery' does not exist in type 'LessonSeed'. Did you mean to write 'videoUrl'?[0m [1m[35m[plugin angular-compiler][0m

    src/app/services/curriculum.service.ts:575:8:
[37m      575 │         [32mvideoQuery[37m: 'JavaScript DOM querySelector uzbek',
          ╵         [32m~~~~~~~~~~[0m


[31mX [41;31m[[41;97mERROR[41;31m][0m [1mTS2561: Object literal may only specify known properties, but 'videoQuery' does not exist in type 'LessonSeed'. Did you mean to write 'videoUrl'?[0m [1m[35m[plugin angular-compiler][0m

    src/app/services/curriculum.service.ts:597:8:
[37m      597 │         [32mvideoQuery[37m: 'JavaScript addEventListener form validation ...
          ╵         [32m~~~~~~~~~~[0m


[31mX [41;31m[[41;97mERROR[41;31m][0m [1mTS2561: Object literal may only specify known properties, but 'videoQuery' does not exist in type 'LessonSeed'. Did you mean to write 'videoUrl'?[0m [1m[35m[plugin angular-compiler][0m

    src/app/services/curriculum.service.ts:623:8:
[37m      623 │         [32mvideoQuery[37m: 'JavaScript localStorage JSON uzbek',
          ╵         [32m~~~~~~~~~~[0m


[31mX [41;31m[[41;97mERROR[41;31m][0m [1mTS2561: Object literal may only specify known properties, but 'videoQuery' does not exist in type 'LessonSeed'. Did you mean to write 'videoUrl'?[0m [1m[35m[plugin angular-compiler][0m

    src/app/services/curriculum.service.ts:643:8:
[37m      643 │         [32mvideoQuery[37m: 'JavaScript fetch API async await uzbek',
          ╵         [32m~~~~~~~~~~[0m


[31mX [41;31m[[41;97mERROR[41;31m][0m [1mTS2561: Object literal may only specify known properties, but 'videoQuery' does not exist in type 'LessonSeed'. Did you mean to write 'videoUrl'?[0m [1m[35m[plugin angular-compiler][0m

    src/app/services/curriculum.service.ts:698:8:
[37m      698 │         [32mvideoQuery[37m: 'Node.js 0 dan uzbek',
          ╵         [32m~~~~~~~~~~[0m


[31mX [41;31m[[41;97mERROR[41;31m][0m [1mTS2561: Object literal may only specify known properties, but 'videoQuery' does not exist in type 'LessonSeed'. Did you mean to write 'videoUrl'?[0m [1m[35m[plugin angular-compiler][0m

    src/app/services/curriculum.service.ts:723:8:
[37m      723 │         [32mvideoQuery[37m: 'REST API Node.js uzbek',
          ╵         [32m~~~~~~~~~~[0m


[31mX [41;31m[[41;97mERROR[41;31m][0m [1mTS2561: Object literal may only specify known properties, but 'videoQuery' does not exist in type 'LessonSeed'. Did you mean to write 'videoUrl'?[0m [1m[35m[plugin angular-compiler][0m

    src/app/services/curriculum.service.ts:746:8:
[37m      746 │         [32mvideoQuery[37m: 'Node.js register auth uzbek',
          ╵         [32m~~~~~~~~~~[0m


[31mX [41;31m[[41;97mERROR[41;31m][0m [1mTS2561: Object literal may only specify known properties, but 'videoQuery' does not exist in type 'LessonSeed'. Did you mean to write 'videoUrl'?[0m [1m[35m[plugin angular-compiler][0m

    src/app/services/curriculum.service.ts:767:8:
[37m      767 │         [32mvideoQuery[37m: 'Angular fetch API service uzbek',
          ╵         [32m~~~~~~~~~~[0m


[31mX [41;31m[[41;97mERROR[41;31m][0m [1mTS2561: Object literal may only specify known properties, but 'videoQuery' does not exist in type 'LessonSeed'. Did you mean to write 'videoUrl'?[0m [1m[35m[plugin angular-compiler][0m

    src/app/services/curriculum.service.ts:788:8:
[37m      788 │         [32mvideoQuery[37m: 'Node.js clean code validation error handling...
          ╵         [32m~~~~~~~~~~[0m


[31mX [41;31m[[41;97mERROR[41;31m][0m [1mTS2561: Object literal may only specify known properties, but 'videoQuery' does not exist in type 'LessonSeed'. Did you mean to write 'videoUrl'?[0m [1m[35m[plugin angular-compiler][0m

    src/app/services/curriculum.service.ts:811:8:
[37m      811 │         [32mvideoQuery[37m: 'Git 0 dan uzbek',
          ╵         [32m~~~~~~~~~~[0m


[31mX [41;31m[[41;97mERROR[41;31m][0m [1mTS2561: Object literal may only specify known properties, but 'videoQuery' does not exist in type 'LessonSeed'. Did you mean to write 'videoUrl'?[0m [1m[35m[plugin angular-compiler][0m

    src/app/services/curriculum.service.ts:834:8:
[37m      834 │         [32mvideoQuery[37m: 'GitHub account repo push uzbek',
          ╵         [32m~~~~~~~~~~[0m


[31mX [41;31m[[41;97mERROR[41;31m][0m [1mTS2561: Object literal may only specify known properties, but 'videoQuery' does not exist in type 'LessonSeed'. Did you mean to write 'videoUrl'?[0m [1m[35m[plugin angular-compiler][0m

    src/app/services/curriculum.service.ts:852:8:
[37m      852 │         [32mvideoQuery[37m: 'Git branch merge conflict uzbek',
          ╵         [32m~~~~~~~~~~[0m


[31mX [41;31m[[41;97mERROR[41;31m][0m [1mTS2561: Object literal may only specify known properties, but 'videoQuery' does not exist in type 'LessonSeed'. Did you mean to write 'videoUrl'?[0m [1m[35m[plugin angular-compiler][0m

    src/app/services/curriculum.service.ts:875:8:
[37m      875 │         [32mvideoQuery[37m: 'GitHub pull request code review uzbek',
          ╵         [32m~~~~~~~~~~[0m


[31mX [41;31m[[41;97mERROR[41;31m][0m [1mTS2561: Object literal may only specify known properties, but 'videoQuery' does not exist in type 'LessonSeed'. Did you mean to write 'videoUrl'?[0m [1m[35m[plugin angular-compiler][0m

    src/app/services/curriculum.service.ts:897:8:
[37m      897 │         [32mvideoQuery[37m: 'GitHub Pages deploy uzbek',
          ╵         [32m~~~~~~~~~~[0m


[31mX [41;31m[[41;97mERROR[41;31m][0m [1mTS2561: Object literal may only specify known properties, but 'videoQuery' does not exist in type 'LessonSeed'. Did you mean to write 'videoUrl'?[0m [1m[35m[plugin angular-compiler][0m

    src/app/services/curriculum.service.ts:916:8:
[37m      916 │         [32mvideoQuery[37m: 'Junior frontend portfolio final project uzbek',
          ╵         [32m~~~~~~~~~~[0m


[31mX [41;31m[[41;97mERROR[41;31m][0m [1mCould not resolve "./pages/certificate/certificate"[0m

    src/app/app.routes.ts:5:37:
[37m      5 │ ...rt { CertificateComponent } from [32m'./pages/certificate/certificate'[37m;
        ╵                                     [32m~~~~~~~~~~~~~~~~~~~~~~~~~~~~~~~~~[0m

[39m[22m
[1m[31m[31mX [41;31m[[41;97mERROR[41;31m][0m [1mNG8004: No pipe found with name 'date'.
To fix this, import the "DatePipe" class from "@angular/common" and add it to the "imports" array of the component.[0m [1m[35m[plugin angular-compiler][0m

    src/app/pages/certificate/certificate.html:81:53:
[37m      81 │ ...             <p>{{ certificate.issuedAt | [32mdate[37m:'dd.MM.yyyy' }}</p>
         ╵                                              [32m~~~~[0m

  Error occurs in the template of component CertificateComponent.

    src/app/pages/certificate/certificate.ts:19:17:
[37m      19 │     templateUrl: [32m'./certificate.html'[37m,
         ╵                  [32m~~~~~~~~~~~~~~~~~~~~[0m


[31mX [41;31m[[41;97mERROR[41;31m][0m [1mNG2008: Could not find stylesheet file './certificate.scss'.[0m [1m[35m[plugin angular-compiler][0m

    src/app/pages/certificate/certificate.ts:20:14:
[37m      20 │     styleUrl: [32m'./certificate.scss'[37m
         ╵               [32m~~~~~~~~~~~~~~~~~~~~[0m


[31mX [41;31m[[41;97mERROR[41;31m][0m [1mTS2561: Object literal may only specify known properties, but 'videoQuery' does not exist in type 'LessonSeed'. Did you mean to write 'videoUrl'?[0m [1m[35m[plugin angular-compiler][0m

    src/app/services/curriculum.service.ts:91:8:
[37m      91 │         [32mvideoQuery[37m: 'Chrome DevTools uzbek',
         ╵         [32m~~~~~~~~~~[0m


[31mX [41;31m[[41;97mERROR[41;31m][0m [1mTS2561: Object literal may only specify known properties, but 'videoQuery' does not exist in type 'LessonSeed'. Did you mean to write 'videoUrl'?[0m [1m[35m[plugin angular-compiler][0m

    src/app/services/curriculum.service.ts:111:8:
[37m      111 │         [32mvideoQuery[37m: 'frontend project folder structure uzbek',
          ╵         [32m~~~~~~~~~~[0m


[31mX [41;31m[[41;97mERROR[41;31m][0m [1mTS2561: Object literal may only specify known properties, but 'videoQuery' does not exist in type 'LessonSeed'. Did you mean to write 'videoUrl'?[0m [1m[35m[plugin angular-compiler][0m

    src/app/services/curriculum.service.ts:136:8:
[37m      136 │         [32mvideoQuery[37m: 'frontend backend API nima uzbek',
          ╵         [32m~~~~~~~~~~[0m


[31mX [41;31m[[41;97mERROR[41;31m][0m [1mTS2561: Object literal may only specify known properties, but 'videoQuery' does not exist in type 'LessonSeed'. Did you mean to write 'videoUrl'?[0m [1m[35m[plugin angular-compiler][0m

    src/app/services/curriculum.service.ts:160:8:
[37m      160 │         [32mvideoQuery[37m: 'HTML 0 dan',
          ╵         [32m~~~~~~~~~~[0m


[31mX [41;31m[[41;97mERROR[41;31m][0m [1mTS2561: Object literal may only specify known properties, but 'videoQuery' does not exist in type 'LessonSeed'. Did you mean to write 'videoUrl'?[0m [1m[35m[plugin angular-compiler][0m

    src/app/services/curriculum.service.ts:189:8:
[37m      189 │         [32mvideoQuery[37m: 'HTML h1 p ul ol li uzbek',
          ╵         [32m~~~~~~~~~~[0m


[31mX [41;31m[[41;97mERROR[41;31m][0m [1mTS2561: Object literal may only specify known properties, but 'videoQuery' does not exist in type 'LessonSeed'. Did you mean to write 'videoUrl'?[0m [1m[35m[plugin angular-compiler][0m

    src/app/services/curriculum.service.ts:216:8:
[37m      216 │         [32mvideoQuery[37m: 'HTML link image alt uzbek',
          ╵         [32m~~~~~~~~~~[0m


[31mX [41;31m[[41;97mERROR[41;31m][0m [1mTS2561: Object literal may only specify known properties, but 'videoQuery' does not exist in type 'LessonSeed'. Did you mean to write 'videoUrl'?[0m [1m[35m[plugin angular-compiler][0m

    src/app/services/curriculum.service.ts:240:8:
[37m      240 │         [32mvideoQuery[37m: 'HTML form input label uzbek',
          ╵         [32m~~~~~~~~~~[0m


[31mX [41;31m[[41;97mERROR[41;31m][0m [1mTS2561: Object literal may only specify known properties, but 'videoQuery' does not exist in type 'LessonSeed'. Did you mean to write 'videoUrl'?[0m [1m[35m[plugin angular-compiler][0m

    src/app/services/curriculum.service.ts:270:8:
[37m      270 │         [32mvideoQuery[37m: 'semantic HTML uzbek',
          ╵         [32m~~~~~~~~~~[0m


[31mX [41;31m[[41;97mERROR[41;31m][0m [1mTS2561: Object literal may only specify known properties, but 'videoQuery' does not exist in type 'LessonSeed'. Did you mean to write 'videoUrl'?[0m [1m[35m[plugin angular-compiler][0m

    src/app/services/curriculum.service.ts:304:8:
[37m      304 │         [32mvideoQuery[37m: 'HTML portfolio project uzbek',
          ╵         [32m~~~~~~~~~~[0m


[31mX [41;31m[[41;97mERROR[41;31m][0m [1mTS2561: Object literal may only specify known properties, but 'videoQuery' does not exist in type 'LessonSeed'. Did you mean to write 'videoUrl'?[0m [1m[35m[plugin angular-compiler][0m

    src/app/services/curriculum.service.ts:338:8:
[37m      338 │         [32mvideoQuery[37m: 'CSS 0 dan uzbek',
          ╵         [32m~~~~~~~~~~[0m


[31mX [41;31m[[41;97mERROR[41;31m][0m [1mTS2561: Object literal may only specify known properties, but 'videoQuery' does not exist in type 'LessonSeed'. Did you mean to write 'videoUrl'?[0m [1m[35m[plugin angular-compiler][0m

    src/app/services/curriculum.service.ts:367:8:
[37m      367 │         [32mvideoQuery[37m: 'CSS box model uzbek',
          ╵         [32m~~~~~~~~~~[0m


[31mX [41;31m[[41;97mERROR[41;31m][0m [1mTS2561: Object literal may only specify known properties, but 'videoQuery' does not exist in type 'LessonSeed'. Did you mean to write 'videoUrl'?[0m [1m[35m[plugin angular-compiler][0m

    src/app/services/curriculum.service.ts:395:8:
[37m      395 │         [32mvideoQuery[37m: 'CSS Flexbox uzbek',
          ╵         [32m~~~~~~~~~~[0m


[31mX [41;31m[[41;97mERROR[41;31m][0m [1mTS2561: Object literal may only specify known properties, but 'videoQuery' does not exist in type 'LessonSeed'. Did you mean to write 'videoUrl'?[0m [1m[35m[plugin angular-compiler][0m

    src/app/services/curriculum.service.ts:430:8:
[37m      430 │         [32mvideoQuery[37m: 'CSS Grid uzbek',
          ╵         [32m~~~~~~~~~~[0m


[31mX [41;31m[[41;97mERROR[41;31m][0m [1mTS2561: Object literal may only specify known properties, but 'videoQuery' does not exist in type 'LessonSeed'. Did you mean to write 'videoUrl'?[0m [1m[35m[plugin angular-compiler][0m

    src/app/services/curriculum.service.ts:447:8:
[37m      447 │         [32mvideoQuery[37m: 'responsive design media query uzbek',
          ╵         [32m~~~~~~~~~~[0m


[31mX [41;31m[[41;97mERROR[41;31m][0m [1mTS2561: Object literal may only specify known properties, but 'videoQuery' does not exist in type 'LessonSeed'. Did you mean to write 'videoUrl'?[0m [1m[35m[plugin angular-compiler][0m

    src/app/services/curriculum.service.ts:471:8:
[37m      471 │         [32mvideoQuery[37m: 'CSS portfolio design uzbek',
          ╵         [32m~~~~~~~~~~[0m


[31mX [41;31m[[41;97mERROR[41;31m][0m [1mTS2561: Object literal may only specify known properties, but 'videoQuery' does not exist in type 'LessonSeed'. Did you mean to write 'videoUrl'?[0m [1m[35m[plugin angular-compiler][0m

    src/app/services/curriculum.service.ts:500:8:
[37m      500 │         [32mvideoQuery[37m: 'JavaScript 0 dan uzbek',
          ╵         [32m~~~~~~~~~~[0m


[31mX [41;31m[[41;97mERROR[41;31m][0m [1mTS2561: Object literal may only specify known properties, but 'videoQuery' does not exist in type 'LessonSeed'. Did you mean to write 'videoUrl'?[0m [1m[35m[plugin angular-compiler][0m

    src/app/services/curriculum.service.ts:527:8:
[37m      527 │         [32mvideoQuery[37m: 'JavaScript if else for loop uzbek',
          ╵         [32m~~~~~~~~~~[0m


[31mX [41;31m[[41;97mERROR[41;31m][0m [1mTS2561: Object literal may only specify known properties, but 'videoQuery' does not exist in type 'LessonSeed'. Did you mean to write 'videoUrl'?[0m [1m[35m[plugin angular-compiler][0m

    src/app/services/curriculum.service.ts:552:8:
[37m      552 │         [32mvideoQuery[37m: 'JavaScript functions uzbek',
          ╵         [32m~~~~~~~~~~[0m


[31mX [41;31m[[41;97mERROR[41;31m][0m [1mTS2561: Object literal may only specify known properties, but 'videoQuery' does not exist in type 'LessonSeed'. Did you mean to write 'videoUrl'?[0m [1m[35m[plugin angular-compiler][0m

    src/app/services/curriculum.service.ts:575:8:
[37m      575 │         [32mvideoQuery[37m: 'JavaScript DOM querySelector uzbek',
          ╵         [32m~~~~~~~~~~[0m


[31mX [41;31m[[41;97mERROR[41;31m][0m [1mTS2561: Object literal may only specify known properties, but 'videoQuery' does not exist in type 'LessonSeed'. Did you mean to write 'videoUrl'?[0m [1m[35m[plugin angular-compiler][0m

    src/app/services/curriculum.service.ts:597:8:
[37m      597 │         [32mvideoQuery[37m: 'JavaScript addEventListener form validation ...
          ╵         [32m~~~~~~~~~~[0m


[31mX [41;31m[[41;97mERROR[41;31m][0m [1mTS2561: Object literal may only specify known properties, but 'videoQuery' does not exist in type 'LessonSeed'. Did you mean to write 'videoUrl'?[0m [1m[35m[plugin angular-compiler][0m

    src/app/services/curriculum.service.ts:623:8:
[37m      623 │         [32mvideoQuery[37m: 'JavaScript localStorage JSON uzbek',
          ╵         [32m~~~~~~~~~~[0m


[31mX [41;31m[[41;97mERROR[41;31m][0m [1mTS2561: Object literal may only specify known properties, but 'videoQuery' does not exist in type 'LessonSeed'. Did you mean to write 'videoUrl'?[0m [1m[35m[plugin angular-compiler][0m

    src/app/services/curriculum.service.ts:643:8:
[37m      643 │         [32mvideoQuery[37m: 'JavaScript fetch API async await uzbek',
          ╵         [32m~~~~~~~~~~[0m


[31mX [41;31m[[41;97mERROR[41;31m][0m [1mTS2561: Object literal may only specify known properties, but 'videoQuery' does not exist in type 'LessonSeed'. Did you mean to write 'videoUrl'?[0m [1m[35m[plugin angular-compiler][0m

    src/app/services/curriculum.service.ts:698:8:
[37m      698 │         [32mvideoQuery[37m: 'Node.js 0 dan uzbek',
          ╵         [32m~~~~~~~~~~[0m


[31mX [41;31m[[41;97mERROR[41;31m][0m [1mTS2561: Object literal may only specify known properties, but 'videoQuery' does not exist in type 'LessonSeed'. Did you mean to write 'videoUrl'?[0m [1m[35m[plugin angular-compiler][0m

    src/app/services/curriculum.service.ts:723:8:
[37m      723 │         [32mvideoQuery[37m: 'REST API Node.js uzbek',
          ╵         [32m~~~~~~~~~~[0m


[31mX [41;31m[[41;97mERROR[41;31m][0m [1mTS2561: Object literal may only specify known properties, but 'videoQuery' does not exist in type 'LessonSeed'. Did you mean to write 'videoUrl'?[0m [1m[35m[plugin angular-compiler][0m

    src/app/services/curriculum.service.ts:746:8:
[37m      746 │         [32mvideoQuery[37m: 'Node.js register auth uzbek',
          ╵         [32m~~~~~~~~~~[0m


[31mX [41;31m[[41;97mERROR[41;31m][0m [1mTS2561: Object literal may only specify known properties, but 'videoQuery' does not exist in type 'LessonSeed'. Did you mean to write 'videoUrl'?[0m [1m[35m[plugin angular-compiler][0m

    src/app/services/curriculum.service.ts:767:8:
[37m      767 │         [32mvideoQuery[37m: 'Angular fetch API service uzbek',
          ╵         [32m~~~~~~~~~~[0m


[31mX [41;31m[[41;97mERROR[41;31m][0m [1mTS2561: Object literal may only specify known properties, but 'videoQuery' does not exist in type 'LessonSeed'. Did you mean to write 'videoUrl'?[0m [1m[35m[plugin angular-compiler][0m

    src/app/services/curriculum.service.ts:788:8:
[37m      788 │         [32mvideoQuery[37m: 'Node.js clean code validation error handling...
          ╵         [32m~~~~~~~~~~[0m


[31mX [41;31m[[41;97mERROR[41;31m][0m [1mTS2561: Object literal may only specify known properties, but 'videoQuery' does not exist in type 'LessonSeed'. Did you mean to write 'videoUrl'?[0m [1m[35m[plugin angular-compiler][0m

    src/app/services/curriculum.service.ts:811:8:
[37m      811 │         [32mvideoQuery[37m: 'Git 0 dan uzbek',
          ╵         [32m~~~~~~~~~~[0m


[31mX [41;31m[[41;97mERROR[41;31m][0m [1mTS2561: Object literal may only specify known properties, but 'videoQuery' does not exist in type 'LessonSeed'. Did you mean to write 'videoUrl'?[0m [1m[35m[plugin angular-compiler][0m

    src/app/services/curriculum.service.ts:834:8:
[37m      834 │         [32mvideoQuery[37m: 'GitHub account repo push uzbek',
          ╵         [32m~~~~~~~~~~[0m


[31mX [41;31m[[41;97mERROR[41;31m][0m [1mTS2561: Object literal may only specify known properties, but 'videoQuery' does not exist in type 'LessonSeed'. Did you mean to write 'videoUrl'?[0m [1m[35m[plugin angular-compiler][0m

    src/app/services/curriculum.service.ts:852:8:
[37m      852 │         [32mvideoQuery[37m: 'Git branch merge conflict uzbek',
          ╵         [32m~~~~~~~~~~[0m


[31mX [41;31m[[41;97mERROR[41;31m][0m [1mTS2561: Object literal may only specify known properties, but 'videoQuery' does not exist in type 'LessonSeed'. Did you mean to write 'videoUrl'?[0m [1m[35m[plugin angular-compiler][0m

    src/app/services/curriculum.service.ts:875:8:
[37m      875 │         [32mvideoQuery[37m: 'GitHub pull request code review uzbek',
          ╵         [32m~~~~~~~~~~[0m


[31mX [41;31m[[41;97mERROR[41;31m][0m [1mTS2561: Object literal may only specify known properties, but 'videoQuery' does not exist in type 'LessonSeed'. Did you mean to write 'videoUrl'?[0m [1m[35m[plugin angular-compiler][0m

    src/app/services/curriculum.service.ts:897:8:
[37m      897 │         [32mvideoQuery[37m: 'GitHub Pages deploy uzbek',
          ╵         [32m~~~~~~~~~~[0m


[31mX [41;31m[[41;97mERROR[41;31m][0m [1mTS2561: Object literal may only specify known properties, but 'videoQuery' does not exist in type 'LessonSeed'. Did you mean to write 'videoUrl'?[0m [1m[35m[plugin angular-compiler][0m

    src/app/services/curriculum.service.ts:916:8:
[37m      916 │         [32mvideoQuery[37m: 'Junior frontend portfolio final project uzbek',
          ╵         [32m~~~~~~~~~~[0m

[39m[22m
[1m[31m[31mX [41;31m[[41;97mERROR[41;31m][0m [1mNG8004: No pipe found with name 'date'.
To fix this, import the "DatePipe" class from "@angular/common" and add it to the "imports" array of the component.[0m [1m[35m[plugin angular-compiler][0m

    src/app/pages/certificate/certificate.html:81:53:
[37m      81 │ ...             <p>{{ certificate.issuedAt | [32mdate[37m:'dd.MM.yyyy' }}</p>
         ╵                                              [32m~~~~[0m

  Error occurs in the template of component CertificateComponent.

    src/app/pages/certificate/certificate.ts:19:17:
[37m      19 │     templateUrl: [32m'./certificate.html'[37m,
         ╵                  [32m~~~~~~~~~~~~~~~~~~~~[0m


[31mX [41;31m[[41;97mERROR[41;31m][0m [1mTS2561: Object literal may only specify known properties, but 'videoQuery' does not exist in type 'LessonSeed'. Did you mean to write 'videoUrl'?[0m [1m[35m[plugin angular-compiler][0m

    src/app/services/curriculum.service.ts:91:8:
[37m      91 │         [32mvideoQuery[37m: 'Chrome DevTools uzbek',
         ╵         [32m~~~~~~~~~~[0m


[31mX [41;31m[[41;97mERROR[41;31m][0m [1mTS2561: Object literal may only specify known properties, but 'videoQuery' does not exist in type 'LessonSeed'. Did you mean to write 'videoUrl'?[0m [1m[35m[plugin angular-compiler][0m

    src/app/services/curriculum.service.ts:111:8:
[37m      111 │         [32mvideoQuery[37m: 'frontend project folder structure uzbek',
          ╵         [32m~~~~~~~~~~[0m


[31mX [41;31m[[41;97mERROR[41;31m][0m [1mTS2561: Object literal may only specify known properties, but 'videoQuery' does not exist in type 'LessonSeed'. Did you mean to write 'videoUrl'?[0m [1m[35m[plugin angular-compiler][0m

    src/app/services/curriculum.service.ts:136:8:
[37m      136 │         [32mvideoQuery[37m: 'frontend backend API nima uzbek',
          ╵         [32m~~~~~~~~~~[0m


[31mX [41;31m[[41;97mERROR[41;31m][0m [1mTS2561: Object literal may only specify known properties, but 'videoQuery' does not exist in type 'LessonSeed'. Did you mean to write 'videoUrl'?[0m [1m[35m[plugin angular-compiler][0m

    src/app/services/curriculum.service.ts:160:8:
[37m      160 │         [32mvideoQuery[37m: 'HTML 0 dan',
          ╵         [32m~~~~~~~~~~[0m


[31mX [41;31m[[41;97mERROR[41;31m][0m [1mTS2561: Object literal may only specify known properties, but 'videoQuery' does not exist in type 'LessonSeed'. Did you mean to write 'videoUrl'?[0m [1m[35m[plugin angular-compiler][0m

    src/app/services/curriculum.service.ts:189:8:
[37m      189 │         [32mvideoQuery[37m: 'HTML h1 p ul ol li uzbek',
          ╵         [32m~~~~~~~~~~[0m


[31mX [41;31m[[41;97mERROR[41;31m][0m [1mTS2561: Object literal may only specify known properties, but 'videoQuery' does not exist in type 'LessonSeed'. Did you mean to write 'videoUrl'?[0m [1m[35m[plugin angular-compiler][0m

    src/app/services/curriculum.service.ts:216:8:
[37m      216 │         [32mvideoQuery[37m: 'HTML link image alt uzbek',
          ╵         [32m~~~~~~~~~~[0m


[31mX [41;31m[[41;97mERROR[41;31m][0m [1mTS2561: Object literal may only specify known properties, but 'videoQuery' does not exist in type 'LessonSeed'. Did you mean to write 'videoUrl'?[0m [1m[35m[plugin angular-compiler][0m

    src/app/services/curriculum.service.ts:240:8:
[37m      240 │         [32mvideoQuery[37m: 'HTML form input label uzbek',
          ╵         [32m~~~~~~~~~~[0m


[31mX [41;31m[[41;97mERROR[41;31m][0m [1mTS2561: Object literal may only specify known properties, but 'videoQuery' does not exist in type 'LessonSeed'. Did you mean to write 'videoUrl'?[0m [1m[35m[plugin angular-compiler][0m

    src/app/services/curriculum.service.ts:270:8:
[37m      270 │         [32mvideoQuery[37m: 'semantic HTML uzbek',
          ╵         [32m~~~~~~~~~~[0m


[31mX [41;31m[[41;97mERROR[41;31m][0m [1mTS2561: Object literal may only specify known properties, but 'videoQuery' does not exist in type 'LessonSeed'. Did you mean to write 'videoUrl'?[0m [1m[35m[plugin angular-compiler][0m

    src/app/services/curriculum.service.ts:304:8:
[37m      304 │         [32mvideoQuery[37m: 'HTML portfolio project uzbek',
          ╵         [32m~~~~~~~~~~[0m


[31mX [41;31m[[41;97mERROR[41;31m][0m [1mTS2561: Object literal may only specify known properties, but 'videoQuery' does not exist in type 'LessonSeed'. Did you mean to write 'videoUrl'?[0m [1m[35m[plugin angular-compiler][0m

    src/app/services/curriculum.service.ts:338:8:
[37m      338 │         [32mvideoQuery[37m: 'CSS 0 dan uzbek',
          ╵         [32m~~~~~~~~~~[0m


[31mX [41;31m[[41;97mERROR[41;31m][0m [1mTS2561: Object literal may only specify known properties, but 'videoQuery' does not exist in type 'LessonSeed'. Did you mean to write 'videoUrl'?[0m [1m[35m[plugin angular-compiler][0m

    src/app/services/curriculum.service.ts:367:8:
[37m      367 │         [32mvideoQuery[37m: 'CSS box model uzbek',
          ╵         [32m~~~~~~~~~~[0m


[31mX [41;31m[[41;97mERROR[41;31m][0m [1mTS2561: Object literal may only specify known properties, but 'videoQuery' does not exist in type 'LessonSeed'. Did you mean to write 'videoUrl'?[0m [1m[35m[plugin angular-compiler][0m

    src/app/services/curriculum.service.ts:395:8:
[37m      395 │         [32mvideoQuery[37m: 'CSS Flexbox uzbek',
          ╵         [32m~~~~~~~~~~[0m


[31mX [41;31m[[41;97mERROR[41;31m][0m [1mTS2561: Object literal may only specify known properties, but 'videoQuery' does not exist in type 'LessonSeed'. Did you mean to write 'videoUrl'?[0m [1m[35m[plugin angular-compiler][0m

    src/app/services/curriculum.service.ts:430:8:
[37m      430 │         [32mvideoQuery[37m: 'CSS Grid uzbek',
          ╵         [32m~~~~~~~~~~[0m


[31mX [41;31m[[41;97mERROR[41;31m][0m [1mTS2561: Object literal may only specify known properties, but 'videoQuery' does not exist in type 'LessonSeed'. Did you mean to write 'videoUrl'?[0m [1m[35m[plugin angular-compiler][0m

    src/app/services/curriculum.service.ts:447:8:
[37m      447 │         [32mvideoQuery[37m: 'responsive design media query uzbek',
          ╵         [32m~~~~~~~~~~[0m


[31mX [41;31m[[41;97mERROR[41;31m][0m [1mTS2561: Object literal may only specify known properties, but 'videoQuery' does not exist in type 'LessonSeed'. Did you mean to write 'videoUrl'?[0m [1m[35m[plugin angular-compiler][0m

    src/app/services/curriculum.service.ts:471:8:
[37m      471 │         [32mvideoQuery[37m: 'CSS portfolio design uzbek',
          ╵         [32m~~~~~~~~~~[0m


[31mX [41;31m[[41;97mERROR[41;31m][0m [1mTS2561: Object literal may only specify known properties, but 'videoQuery' does not exist in type 'LessonSeed'. Did you mean to write 'videoUrl'?[0m [1m[35m[plugin angular-compiler][0m

    src/app/services/curriculum.service.ts:500:8:
[37m      500 │         [32mvideoQuery[37m: 'JavaScript 0 dan uzbek',
          ╵         [32m~~~~~~~~~~[0m


[31mX [41;31m[[41;97mERROR[41;31m][0m [1mTS2561: Object literal may only specify known properties, but 'videoQuery' does not exist in type 'LessonSeed'. Did you mean to write 'videoUrl'?[0m [1m[35m[plugin angular-compiler][0m

    src/app/services/curriculum.service.ts:527:8:
[37m      527 │         [32mvideoQuery[37m: 'JavaScript if else for loop uzbek',
          ╵         [32m~~~~~~~~~~[0m


[31mX [41;31m[[41;97mERROR[41;31m][0m [1mTS2561: Object literal may only specify known properties, but 'videoQuery' does not exist in type 'LessonSeed'. Did you mean to write 'videoUrl'?[0m [1m[35m[plugin angular-compiler][0m

    src/app/services/curriculum.service.ts:552:8:
[37m      552 │         [32mvideoQuery[37m: 'JavaScript functions uzbek',
          ╵         [32m~~~~~~~~~~[0m


[31mX [41;31m[[41;97mERROR[41;31m][0m [1mTS2561: Object literal may only specify known properties, but 'videoQuery' does not exist in type 'LessonSeed'. Did you mean to write 'videoUrl'?[0m [1m[35m[plugin angular-compiler][0m

    src/app/services/curriculum.service.ts:575:8:
[37m      575 │         [32mvideoQuery[37m: 'JavaScript DOM querySelector uzbek',
          ╵         [32m~~~~~~~~~~[0m


[31mX [41;31m[[41;97mERROR[41;31m][0m [1mTS2561: Object literal may only specify known properties, but 'videoQuery' does not exist in type 'LessonSeed'. Did you mean to write 'videoUrl'?[0m [1m[35m[plugin angular-compiler][0m

    src/app/services/curriculum.service.ts:597:8:
[37m      597 │         [32mvideoQuery[37m: 'JavaScript addEventListener form validation ...
          ╵         [32m~~~~~~~~~~[0m


[31mX [41;31m[[41;97mERROR[41;31m][0m [1mTS2561: Object literal may only specify known properties, but 'videoQuery' does not exist in type 'LessonSeed'. Did you mean to write 'videoUrl'?[0m [1m[35m[plugin angular-compiler][0m

    src/app/services/curriculum.service.ts:623:8:
[37m      623 │         [32mvideoQuery[37m: 'JavaScript localStorage JSON uzbek',
          ╵         [32m~~~~~~~~~~[0m


[31mX [41;31m[[41;97mERROR[41;31m][0m [1mTS2561: Object literal may only specify known properties, but 'videoQuery' does not exist in type 'LessonSeed'. Did you mean to write 'videoUrl'?[0m [1m[35m[plugin angular-compiler][0m

    src/app/services/curriculum.service.ts:643:8:
[37m      643 │         [32mvideoQuery[37m: 'JavaScript fetch API async await uzbek',
          ╵         [32m~~~~~~~~~~[0m


[31mX [41;31m[[41;97mERROR[41;31m][0m [1mTS2561: Object literal may only specify known properties, but 'videoQuery' does not exist in type 'LessonSeed'. Did you mean to write 'videoUrl'?[0m [1m[35m[plugin angular-compiler][0m

    src/app/services/curriculum.service.ts:698:8:
[37m      698 │         [32mvideoQuery[37m: 'Node.js 0 dan uzbek',
          ╵         [32m~~~~~~~~~~[0m


[31mX [41;31m[[41;97mERROR[41;31m][0m [1mTS2561: Object literal may only specify known properties, but 'videoQuery' does not exist in type 'LessonSeed'. Did you mean to write 'videoUrl'?[0m [1m[35m[plugin angular-compiler][0m

    src/app/services/curriculum.service.ts:723:8:
[37m      723 │         [32mvideoQuery[37m: 'REST API Node.js uzbek',
          ╵         [32m~~~~~~~~~~[0m


[31mX [41;31m[[41;97mERROR[41;31m][0m [1mTS2561: Object literal may only specify known properties, but 'videoQuery' does not exist in type 'LessonSeed'. Did you mean to write 'videoUrl'?[0m [1m[35m[plugin angular-compiler][0m

    src/app/services/curriculum.service.ts:746:8:
[37m      746 │         [32mvideoQuery[37m: 'Node.js register auth uzbek',
          ╵         [32m~~~~~~~~~~[0m


[31mX [41;31m[[41;97mERROR[41;31m][0m [1mTS2561: Object literal may only specify known properties, but 'videoQuery' does not exist in type 'LessonSeed'. Did you mean to write 'videoUrl'?[0m [1m[35m[plugin angular-compiler][0m

    src/app/services/curriculum.service.ts:767:8:
[37m      767 │         [32mvideoQuery[37m: 'Angular fetch API service uzbek',
          ╵         [32m~~~~~~~~~~[0m


[31mX [41;31m[[41;97mERROR[41;31m][0m [1mTS2561: Object literal may only specify known properties, but 'videoQuery' does not exist in type 'LessonSeed'. Did you mean to write 'videoUrl'?[0m [1m[35m[plugin angular-compiler][0m

    src/app/services/curriculum.service.ts:788:8:
[37m      788 │         [32mvideoQuery[37m: 'Node.js clean code validation error handling...
          ╵         [32m~~~~~~~~~~[0m


[31mX [41;31m[[41;97mERROR[41;31m][0m [1mTS2561: Object literal may only specify known properties, but 'videoQuery' does not exist in type 'LessonSeed'. Did you mean to write 'videoUrl'?[0m [1m[35m[plugin angular-compiler][0m

    src/app/services/curriculum.service.ts:811:8:
[37m      811 │         [32mvideoQuery[37m: 'Git 0 dan uzbek',
          ╵         [32m~~~~~~~~~~[0m


[31mX [41;31m[[41;97mERROR[41;31m][0m [1mTS2561: Object literal may only specify known properties, but 'videoQuery' does not exist in type 'LessonSeed'. Did you mean to write 'videoUrl'?[0m [1m[35m[plugin angular-compiler][0m

    src/app/services/curriculum.service.ts:834:8:
[37m      834 │         [32mvideoQuery[37m: 'GitHub account repo push uzbek',
          ╵         [32m~~~~~~~~~~[0m


[31mX [41;31m[[41;97mERROR[41;31m][0m [1mTS2561: Object literal may only specify known properties, but 'videoQuery' does not exist in type 'LessonSeed'. Did you mean to write 'videoUrl'?[0m [1m[35m[plugin angular-compiler][0m

    src/app/services/curriculum.service.ts:852:8:
[37m      852 │         [32mvideoQuery[37m: 'Git branch merge conflict uzbek',
          ╵         [32m~~~~~~~~~~[0m


[31mX [41;31m[[41;97mERROR[41;31m][0m [1mTS2561: Object literal may only specify known properties, but 'videoQuery' does not exist in type 'LessonSeed'. Did you mean to write 'videoUrl'?[0m [1m[35m[plugin angular-compiler][0m

    src/app/services/curriculum.service.ts:875:8:
[37m      875 │         [32mvideoQuery[37m: 'GitHub pull request code review uzbek',
          ╵         [32m~~~~~~~~~~[0m


[31mX [41;31m[[41;97mERROR[41;31m][0m [1mTS2561: Object literal may only specify known properties, but 'videoQuery' does not exist in type 'LessonSeed'. Did you mean to write 'videoUrl'?[0m [1m[35m[plugin angular-compiler][0m

    src/app/services/curriculum.service.ts:897:8:
[37m      897 │         [32mvideoQuery[37m: 'GitHub Pages deploy uzbek',
          ╵         [32m~~~~~~~~~~[0m


[31mX [41;31m[[41;97mERROR[41;31m][0m [1mTS2561: Object literal may only specify known properties, but 'videoQuery' does not exist in type 'LessonSeed'. Did you mean to write 'videoUrl'?[0m [1m[35m[plugin angular-compiler][0m

    src/app/services/curriculum.service.ts:916:8:
[37m      916 │         [32mvideoQuery[37m: 'Junior frontend portfolio final project uzbek',
          ╵         [32m~~~~~~~~~~[0m

[39m[22m
[1m[31m[31mX [41;31m[[41;97mERROR[41;31m][0m [1mNG8004: No pipe found with name 'date'.
To fix this, import the "DatePipe" class from "@angular/common" and add it to the "imports" array of the component.[0m [1m[35m[plugin angular-compiler][0m

    src/app/pages/certificate/certificate.html:81:53:
[37m      81 │ ...             <p>{{ certificate.issuedAt | [32mdate[37m:'dd.MM.yyyy' }}</p>
         ╵                                              [32m~~~~[0m

  Error occurs in the template of component CertificateComponent.

    src/app/pages/certificate/certificate.ts:19:17:
[37m      19 │     templateUrl: [32m'./certificate.html'[37m,
         ╵                  [32m~~~~~~~~~~~~~~~~~~~~[0m


[31mX [41;31m[[41;97mERROR[41;31m][0m [1mTS2561: Object literal may only specify known properties, but 'videoQuery' does not exist in type 'LessonSeed'. Did you mean to write 'videoUrl'?[0m [1m[35m[plugin angular-compiler][0m

    src/app/services/curriculum.service.ts:91:8:
[37m      91 │         [32mvideoQuery[37m: 'Chrome DevTools uzbek',
         ╵         [32m~~~~~~~~~~[0m


[31mX [41;31m[[41;97mERROR[41;31m][0m [1mTS2561: Object literal may only specify known properties, but 'videoQuery' does not exist in type 'LessonSeed'. Did you mean to write 'videoUrl'?[0m [1m[35m[plugin angular-compiler][0m

    src/app/services/curriculum.service.ts:111:8:
[37m      111 │         [32mvideoQuery[37m: 'frontend project folder structure uzbek',
          ╵         [32m~~~~~~~~~~[0m


[31mX [41;31m[[41;97mERROR[41;31m][0m [1mTS2561: Object literal may only specify known properties, but 'videoQuery' does not exist in type 'LessonSeed'. Did you mean to write 'videoUrl'?[0m [1m[35m[plugin angular-compiler][0m

    src/app/services/curriculum.service.ts:136:8:
[37m      136 │         [32mvideoQuery[37m: 'frontend backend API nima uzbek',
          ╵         [32m~~~~~~~~~~[0m


[31mX [41;31m[[41;97mERROR[41;31m][0m [1mTS2561: Object literal may only specify known properties, but 'videoQuery' does not exist in type 'LessonSeed'. Did you mean to write 'videoUrl'?[0m [1m[35m[plugin angular-compiler][0m

    src/app/services/curriculum.service.ts:160:8:
[37m      160 │         [32mvideoQuery[37m: 'HTML 0 dan',
          ╵         [32m~~~~~~~~~~[0m


[31mX [41;31m[[41;97mERROR[41;31m][0m [1mTS2561: Object literal may only specify known properties, but 'videoQuery' does not exist in type 'LessonSeed'. Did you mean to write 'videoUrl'?[0m [1m[35m[plugin angular-compiler][0m

    src/app/services/curriculum.service.ts:189:8:
[37m      189 │         [32mvideoQuery[37m: 'HTML h1 p ul ol li uzbek',
          ╵         [32m~~~~~~~~~~[0m


[31mX [41;31m[[41;97mERROR[41;31m][0m [1mTS2561: Object literal may only specify known properties, but 'videoQuery' does not exist in type 'LessonSeed'. Did you mean to write 'videoUrl'?[0m [1m[35m[plugin angular-compiler][0m

    src/app/services/curriculum.service.ts:216:8:
[37m      216 │         [32mvideoQuery[37m: 'HTML link image alt uzbek',
          ╵         [32m~~~~~~~~~~[0m


[31mX [41;31m[[41;97mERROR[41;31m][0m [1mTS2561: Object literal may only specify known properties, but 'videoQuery' does not exist in type 'LessonSeed'. Did you mean to write 'videoUrl'?[0m [1m[35m[plugin angular-compiler][0m

    src/app/services/curriculum.service.ts:240:8:
[37m      240 │         [32mvideoQuery[37m: 'HTML form input label uzbek',
          ╵         [32m~~~~~~~~~~[0m


[31mX [41;31m[[41;97mERROR[41;31m][0m [1mTS2561: Object literal may only specify known properties, but 'videoQuery' does not exist in type 'LessonSeed'. Did you mean to write 'videoUrl'?[0m [1m[35m[plugin angular-compiler][0m

    src/app/services/curriculum.service.ts:270:8:
[37m      270 │         [32mvideoQuery[37m: 'semantic HTML uzbek',
          ╵         [32m~~~~~~~~~~[0m


[31mX [41;31m[[41;97mERROR[41;31m][0m [1mTS2561: Object literal may only specify known properties, but 'videoQuery' does not exist in type 'LessonSeed'. Did you mean to write 'videoUrl'?[0m [1m[35m[plugin angular-compiler][0m

    src/app/services/curriculum.service.ts:304:8:
[37m      304 │         [32mvideoQuery[37m: 'HTML portfolio project uzbek',
          ╵         [32m~~~~~~~~~~[0m


[31mX [41;31m[[41;97mERROR[41;31m][0m [1mTS2561: Object literal may only specify known properties, but 'videoQuery' does not exist in type 'LessonSeed'. Did you mean to write 'videoUrl'?[0m [1m[35m[plugin angular-compiler][0m

    src/app/services/curriculum.service.ts:338:8:
[37m      338 │         [32mvideoQuery[37m: 'CSS 0 dan uzbek',
          ╵         [32m~~~~~~~~~~[0m


[31mX [41;31m[[41;97mERROR[41;31m][0m [1mTS2561: Object literal may only specify known properties, but 'videoQuery' does not exist in type 'LessonSeed'. Did you mean to write 'videoUrl'?[0m [1m[35m[plugin angular-compiler][0m

    src/app/services/curriculum.service.ts:367:8:
[37m      367 │         [32mvideoQuery[37m: 'CSS box model uzbek',
          ╵         [32m~~~~~~~~~~[0m


[31mX [41;31m[[41;97mERROR[41;31m][0m [1mTS2561: Object literal may only specify known properties, but 'videoQuery' does not exist in type 'LessonSeed'. Did you mean to write 'videoUrl'?[0m [1m[35m[plugin angular-compiler][0m

    src/app/services/curriculum.service.ts:395:8:
[37m      395 │         [32mvideoQuery[37m: 'CSS Flexbox uzbek',
          ╵         [32m~~~~~~~~~~[0m


[31mX [41;31m[[41;97mERROR[41;31m][0m [1mTS2561: Object literal may only specify known properties, but 'videoQuery' does not exist in type 'LessonSeed'. Did you mean to write 'videoUrl'?[0m [1m[35m[plugin angular-compiler][0m

    src/app/services/curriculum.service.ts:430:8:
[37m      430 │         [32mvideoQuery[37m: 'CSS Grid uzbek',
          ╵         [32m~~~~~~~~~~[0m


[31mX [41;31m[[41;97mERROR[41;31m][0m [1mTS2561: Object literal may only specify known properties, but 'videoQuery' does not exist in type 'LessonSeed'. Did you mean to write 'videoUrl'?[0m [1m[35m[plugin angular-compiler][0m

    src/app/services/curriculum.service.ts:447:8:
[37m      447 │         [32mvideoQuery[37m: 'responsive design media query uzbek',
          ╵         [32m~~~~~~~~~~[0m


[31mX [41;31m[[41;97mERROR[41;31m][0m [1mTS2561: Object literal may only specify known properties, but 'videoQuery' does not exist in type 'LessonSeed'. Did you mean to write 'videoUrl'?[0m [1m[35m[plugin angular-compiler][0m

    src/app/services/curriculum.service.ts:471:8:
[37m      471 │         [32mvideoQuery[37m: 'CSS portfolio design uzbek',
          ╵         [32m~~~~~~~~~~[0m


[31mX [41;31m[[41;97mERROR[41;31m][0m [1mTS2561: Object literal may only specify known properties, but 'videoQuery' does not exist in type 'LessonSeed'. Did you mean to write 'videoUrl'?[0m [1m[35m[plugin angular-compiler][0m

    src/app/services/curriculum.service.ts:500:8:
[37m      500 │         [32mvideoQuery[37m: 'JavaScript 0 dan uzbek',
          ╵         [32m~~~~~~~~~~[0m


[31mX [41;31m[[41;97mERROR[41;31m][0m [1mTS2561: Object literal may only specify known properties, but 'videoQuery' does not exist in type 'LessonSeed'. Did you mean to write 'videoUrl'?[0m [1m[35m[plugin angular-compiler][0m

    src/app/services/curriculum.service.ts:527:8:
[37m      527 │         [32mvideoQuery[37m: 'JavaScript if else for loop uzbek',
          ╵         [32m~~~~~~~~~~[0m


[31mX [41;31m[[41;97mERROR[41;31m][0m [1mTS2561: Object literal may only specify known properties, but 'videoQuery' does not exist in type 'LessonSeed'. Did you mean to write 'videoUrl'?[0m [1m[35m[plugin angular-compiler][0m

    src/app/services/curriculum.service.ts:552:8:
[37m      552 │         [32mvideoQuery[37m: 'JavaScript functions uzbek',
          ╵         [32m~~~~~~~~~~[0m


[31mX [41;31m[[41;97mERROR[41;31m][0m [1mTS2561: Object literal may only specify known properties, but 'videoQuery' does not exist in type 'LessonSeed'. Did you mean to write 'videoUrl'?[0m [1m[35m[plugin angular-compiler][0m

    src/app/services/curriculum.service.ts:575:8:
[37m      575 │         [32mvideoQuery[37m: 'JavaScript DOM querySelector uzbek',
          ╵         [32m~~~~~~~~~~[0m


[31mX [41;31m[[41;97mERROR[41;31m][0m [1mTS2561: Object literal may only specify known properties, but 'videoQuery' does not exist in type 'LessonSeed'. Did you mean to write 'videoUrl'?[0m [1m[35m[plugin angular-compiler][0m

    src/app/services/curriculum.service.ts:597:8:
[37m      597 │         [32mvideoQuery[37m: 'JavaScript addEventListener form validation ...
          ╵         [32m~~~~~~~~~~[0m


[31mX [41;31m[[41;97mERROR[41;31m][0m [1mTS2561: Object literal may only specify known properties, but 'videoQuery' does not exist in type 'LessonSeed'. Did you mean to write 'videoUrl'?[0m [1m[35m[plugin angular-compiler][0m

    src/app/services/curriculum.service.ts:623:8:
[37m      623 │         [32mvideoQuery[37m: 'JavaScript localStorage JSON uzbek',
          ╵         [32m~~~~~~~~~~[0m


[31mX [41;31m[[41;97mERROR[41;31m][0m [1mTS2561: Object literal may only specify known properties, but 'videoQuery' does not exist in type 'LessonSeed'. Did you mean to write 'videoUrl'?[0m [1m[35m[plugin angular-compiler][0m

    src/app/services/curriculum.service.ts:643:8:
[37m      643 │         [32mvideoQuery[37m: 'JavaScript fetch API async await uzbek',
          ╵         [32m~~~~~~~~~~[0m


[31mX [41;31m[[41;97mERROR[41;31m][0m [1mTS2561: Object literal may only specify known properties, but 'videoQuery' does not exist in type 'LessonSeed'. Did you mean to write 'videoUrl'?[0m [1m[35m[plugin angular-compiler][0m

    src/app/services/curriculum.service.ts:698:8:
[37m      698 │         [32mvideoQuery[37m: 'Node.js 0 dan uzbek',
          ╵         [32m~~~~~~~~~~[0m


[31mX [41;31m[[41;97mERROR[41;31m][0m [1mTS2561: Object literal may only specify known properties, but 'videoQuery' does not exist in type 'LessonSeed'. Did you mean to write 'videoUrl'?[0m [1m[35m[plugin angular-compiler][0m

    src/app/services/curriculum.service.ts:723:8:
[37m      723 │         [32mvideoQuery[37m: 'REST API Node.js uzbek',
          ╵         [32m~~~~~~~~~~[0m


[31mX [41;31m[[41;97mERROR[41;31m][0m [1mTS2561: Object literal may only specify known properties, but 'videoQuery' does not exist in type 'LessonSeed'. Did you mean to write 'videoUrl'?[0m [1m[35m[plugin angular-compiler][0m

    src/app/services/curriculum.service.ts:746:8:
[37m      746 │         [32mvideoQuery[37m: 'Node.js register auth uzbek',
          ╵         [32m~~~~~~~~~~[0m


[31mX [41;31m[[41;97mERROR[41;31m][0m [1mTS2561: Object literal may only specify known properties, but 'videoQuery' does not exist in type 'LessonSeed'. Did you mean to write 'videoUrl'?[0m [1m[35m[plugin angular-compiler][0m

    src/app/services/curriculum.service.ts:767:8:
[37m      767 │         [32mvideoQuery[37m: 'Angular fetch API service uzbek',
          ╵         [32m~~~~~~~~~~[0m


[31mX [41;31m[[41;97mERROR[41;31m][0m [1mTS2561: Object literal may only specify known properties, but 'videoQuery' does not exist in type 'LessonSeed'. Did you mean to write 'videoUrl'?[0m [1m[35m[plugin angular-compiler][0m

    src/app/services/curriculum.service.ts:788:8:
[37m      788 │         [32mvideoQuery[37m: 'Node.js clean code validation error handling...
          ╵         [32m~~~~~~~~~~[0m


[31mX [41;31m[[41;97mERROR[41;31m][0m [1mTS2561: Object literal may only specify known properties, but 'videoQuery' does not exist in type 'LessonSeed'. Did you mean to write 'videoUrl'?[0m [1m[35m[plugin angular-compiler][0m

    src/app/services/curriculum.service.ts:811:8:
[37m      811 │         [32mvideoQuery[37m: 'Git 0 dan uzbek',
          ╵         [32m~~~~~~~~~~[0m


[31mX [41;31m[[41;97mERROR[41;31m][0m [1mTS2561: Object literal may only specify known properties, but 'videoQuery' does not exist in type 'LessonSeed'. Did you mean to write 'videoUrl'?[0m [1m[35m[plugin angular-compiler][0m

    src/app/services/curriculum.service.ts:834:8:
[37m      834 │         [32mvideoQuery[37m: 'GitHub account repo push uzbek',
          ╵         [32m~~~~~~~~~~[0m


[31mX [41;31m[[41;97mERROR[41;31m][0m [1mTS2561: Object literal may only specify known properties, but 'videoQuery' does not exist in type 'LessonSeed'. Did you mean to write 'videoUrl'?[0m [1m[35m[plugin angular-compiler][0m

    src/app/services/curriculum.service.ts:852:8:
[37m      852 │         [32mvideoQuery[37m: 'Git branch merge conflict uzbek',
          ╵         [32m~~~~~~~~~~[0m


[31mX [41;31m[[41;97mERROR[41;31m][0m [1mTS2561: Object literal may only specify known properties, but 'videoQuery' does not exist in type 'LessonSeed'. Did you mean to write 'videoUrl'?[0m [1m[35m[plugin angular-compiler][0m

    src/app/services/curriculum.service.ts:875:8:
[37m      875 │         [32mvideoQuery[37m: 'GitHub pull request code review uzbek',
          ╵         [32m~~~~~~~~~~[0m


[31mX [41;31m[[41;97mERROR[41;31m][0m [1mTS2561: Object literal may only specify known properties, but 'videoQuery' does not exist in type 'LessonSeed'. Did you mean to write 'videoUrl'?[0m [1m[35m[plugin angular-compiler][0m

    src/app/services/curriculum.service.ts:897:8:
[37m      897 │         [32mvideoQuery[37m: 'GitHub Pages deploy uzbek',
          ╵         [32m~~~~~~~~~~[0m


[31mX [41;31m[[41;97mERROR[41;31m][0m [1mTS2561: Object literal may only specify known properties, but 'videoQuery' does not exist in type 'LessonSeed'. Did you mean to write 'videoUrl'?[0m [1m[35m[plugin angular-compiler][0m

    src/app/services/curriculum.service.ts:916:8:
[37m      916 │         [32mvideoQuery[37m: 'Junior frontend portfolio final project uzbek',
          ╵         [32m~~~~~~~~~~[0m

[39m[22m
[1m[31m[31mX [41;31m[[41;97mERROR[41;31m][0m [1mNG8004: No pipe found with name 'date'.
To fix this, import the "DatePipe" class from "@angular/common" and add it to the "imports" array of the component.[0m [1m[35m[plugin angular-compiler][0m

    src/app/pages/certificate/certificate.html:81:53:
[37m      81 │ ...             <p>{{ certificate.issuedAt | [32mdate[37m:'dd.MM.yyyy' }}</p>
         ╵                                              [32m~~~~[0m

  Error occurs in the template of component CertificateComponent.

    src/app/pages/certificate/certificate.ts:19:17:
[37m      19 │     templateUrl: [32m'./certificate.html'[37m,
         ╵                  [32m~~~~~~~~~~~~~~~~~~~~[0m


[31mX [41;31m[[41;97mERROR[41;31m][0m [1mTS2561: Object literal may only specify known properties, but 'videoQuery' does not exist in type 'LessonSeed'. Did you mean to write 'videoUrl'?[0m [1m[35m[plugin angular-compiler][0m

    src/app/services/curriculum.service.ts:91:8:
[37m      91 │         [32mvideoQuery[37m: 'Chrome DevTools uzbek',
         ╵         [32m~~~~~~~~~~[0m


[31mX [41;31m[[41;97mERROR[41;31m][0m [1mTS2561: Object literal may only specify known properties, but 'videoQuery' does not exist in type 'LessonSeed'. Did you mean to write 'videoUrl'?[0m [1m[35m[plugin angular-compiler][0m

    src/app/services/curriculum.service.ts:111:8:
[37m      111 │         [32mvideoQuery[37m: 'frontend project folder structure uzbek',
          ╵         [32m~~~~~~~~~~[0m


[31mX [41;31m[[41;97mERROR[41;31m][0m [1mTS2561: Object literal may only specify known properties, but 'videoQuery' does not exist in type 'LessonSeed'. Did you mean to write 'videoUrl'?[0m [1m[35m[plugin angular-compiler][0m

    src/app/services/curriculum.service.ts:136:8:
[37m      136 │         [32mvideoQuery[37m: 'frontend backend API nima uzbek',
          ╵         [32m~~~~~~~~~~[0m


[31mX [41;31m[[41;97mERROR[41;31m][0m [1mTS2561: Object literal may only specify known properties, but 'videoQuery' does not exist in type 'LessonSeed'. Did you mean to write 'videoUrl'?[0m [1m[35m[plugin angular-compiler][0m

    src/app/services/curriculum.service.ts:160:8:
[37m      160 │         [32mvideoQuery[37m: 'HTML 0 dan',
          ╵         [32m~~~~~~~~~~[0m


[31mX [41;31m[[41;97mERROR[41;31m][0m [1mTS2561: Object literal may only specify known properties, but 'videoQuery' does not exist in type 'LessonSeed'. Did you mean to write 'videoUrl'?[0m [1m[35m[plugin angular-compiler][0m

    src/app/services/curriculum.service.ts:189:8:
[37m      189 │         [32mvideoQuery[37m: 'HTML h1 p ul ol li uzbek',
          ╵         [32m~~~~~~~~~~[0m


[31mX [41;31m[[41;97mERROR[41;31m][0m [1mTS2561: Object literal may only specify known properties, but 'videoQuery' does not exist in type 'LessonSeed'. Did you mean to write 'videoUrl'?[0m [1m[35m[plugin angular-compiler][0m

    src/app/services/curriculum.service.ts:216:8:
[37m      216 │         [32mvideoQuery[37m: 'HTML link image alt uzbek',
          ╵         [32m~~~~~~~~~~[0m


[31mX [41;31m[[41;97mERROR[41;31m][0m [1mTS2561: Object literal may only specify known properties, but 'videoQuery' does not exist in type 'LessonSeed'. Did you mean to write 'videoUrl'?[0m [1m[35m[plugin angular-compiler][0m

    src/app/services/curriculum.service.ts:240:8:
[37m      240 │         [32mvideoQuery[37m: 'HTML form input label uzbek',
          ╵         [32m~~~~~~~~~~[0m


[31mX [41;31m[[41;97mERROR[41;31m][0m [1mTS2561: Object literal may only specify known properties, but 'videoQuery' does not exist in type 'LessonSeed'. Did you mean to write 'videoUrl'?[0m [1m[35m[plugin angular-compiler][0m

    src/app/services/curriculum.service.ts:270:8:
[37m      270 │         [32mvideoQuery[37m: 'semantic HTML uzbek',
          ╵         [32m~~~~~~~~~~[0m


[31mX [41;31m[[41;97mERROR[41;31m][0m [1mTS2561: Object literal may only specify known properties, but 'videoQuery' does not exist in type 'LessonSeed'. Did you mean to write 'videoUrl'?[0m [1m[35m[plugin angular-compiler][0m

    src/app/services/curriculum.service.ts:304:8:
[37m      304 │         [32mvideoQuery[37m: 'HTML portfolio project uzbek',
          ╵         [32m~~~~~~~~~~[0m


[31mX [41;31m[[41;97mERROR[41;31m][0m [1mTS2561: Object literal may only specify known properties, but 'videoQuery' does not exist in type 'LessonSeed'. Did you mean to write 'videoUrl'?[0m [1m[35m[plugin angular-compiler][0m

    src/app/services/curriculum.service.ts:338:8:
[37m      338 │         [32mvideoQuery[37m: 'CSS 0 dan uzbek',
          ╵         [32m~~~~~~~~~~[0m


[31mX [41;31m[[41;97mERROR[41;31m][0m [1mTS2561: Object literal may only specify known properties, but 'videoQuery' does not exist in type 'LessonSeed'. Did you mean to write 'videoUrl'?[0m [1m[35m[plugin angular-compiler][0m

    src/app/services/curriculum.service.ts:367:8:
[37m      367 │         [32mvideoQuery[37m: 'CSS box model uzbek',
          ╵         [32m~~~~~~~~~~[0m


[31mX [41;31m[[41;97mERROR[41;31m][0m [1mTS2561: Object literal may only specify known properties, but 'videoQuery' does not exist in type 'LessonSeed'. Did you mean to write 'videoUrl'?[0m [1m[35m[plugin angular-compiler][0m

    src/app/services/curriculum.service.ts:395:8:
[37m      395 │         [32mvideoQuery[37m: 'CSS Flexbox uzbek',
          ╵         [32m~~~~~~~~~~[0m


[31mX [41;31m[[41;97mERROR[41;31m][0m [1mTS2561: Object literal may only specify known properties, but 'videoQuery' does not exist in type 'LessonSeed'. Did you mean to write 'videoUrl'?[0m [1m[35m[plugin angular-compiler][0m

    src/app/services/curriculum.service.ts:430:8:
[37m      430 │         [32mvideoQuery[37m: 'CSS Grid uzbek',
          ╵         [32m~~~~~~~~~~[0m


[31mX [41;31m[[41;97mERROR[41;31m][0m [1mTS2561: Object literal may only specify known properties, but 'videoQuery' does not exist in type 'LessonSeed'. Did you mean to write 'videoUrl'?[0m [1m[35m[plugin angular-compiler][0m

    src/app/services/curriculum.service.ts:447:8:
[37m      447 │         [32mvideoQuery[37m: 'responsive design media query uzbek',
          ╵         [32m~~~~~~~~~~[0m


[31mX [41;31m[[41;97mERROR[41;31m][0m [1mTS2561: Object literal may only specify known properties, but 'videoQuery' does not exist in type 'LessonSeed'. Did you mean to write 'videoUrl'?[0m [1m[35m[plugin angular-compiler][0m

    src/app/services/curriculum.service.ts:471:8:
[37m      471 │         [32mvideoQuery[37m: 'CSS portfolio design uzbek',
          ╵         [32m~~~~~~~~~~[0m


[31mX [41;31m[[41;97mERROR[41;31m][0m [1mTS2561: Object literal may only specify known properties, but 'videoQuery' does not exist in type 'LessonSeed'. Did you mean to write 'videoUrl'?[0m [1m[35m[plugin angular-compiler][0m

    src/app/services/curriculum.service.ts:500:8:
[37m      500 │         [32mvideoQuery[37m: 'JavaScript 0 dan uzbek',
          ╵         [32m~~~~~~~~~~[0m


[31mX [41;31m[[41;97mERROR[41;31m][0m [1mTS2561: Object literal may only specify known properties, but 'videoQuery' does not exist in type 'LessonSeed'. Did you mean to write 'videoUrl'?[0m [1m[35m[plugin angular-compiler][0m

    src/app/services/curriculum.service.ts:527:8:
[37m      527 │         [32mvideoQuery[37m: 'JavaScript if else for loop uzbek',
          ╵         [32m~~~~~~~~~~[0m


[31mX [41;31m[[41;97mERROR[41;31m][0m [1mTS2561: Object literal may only specify known properties, but 'videoQuery' does not exist in type 'LessonSeed'. Did you mean to write 'videoUrl'?[0m [1m[35m[plugin angular-compiler][0m

    src/app/services/curriculum.service.ts:552:8:
[37m      552 │         [32mvideoQuery[37m: 'JavaScript functions uzbek',
          ╵         [32m~~~~~~~~~~[0m


[31mX [41;31m[[41;97mERROR[41;31m][0m [1mTS2561: Object literal may only specify known properties, but 'videoQuery' does not exist in type 'LessonSeed'. Did you mean to write 'videoUrl'?[0m [1m[35m[plugin angular-compiler][0m

    src/app/services/curriculum.service.ts:575:8:
[37m      575 │         [32mvideoQuery[37m: 'JavaScript DOM querySelector uzbek',
          ╵         [32m~~~~~~~~~~[0m


[31mX [41;31m[[41;97mERROR[41;31m][0m [1mTS2561: Object literal may only specify known properties, but 'videoQuery' does not exist in type 'LessonSeed'. Did you mean to write 'videoUrl'?[0m [1m[35m[plugin angular-compiler][0m

    src/app/services/curriculum.service.ts:597:8:
[37m      597 │         [32mvideoQuery[37m: 'JavaScript addEventListener form validation ...
          ╵         [32m~~~~~~~~~~[0m


[31mX [41;31m[[41;97mERROR[41;31m][0m [1mTS2561: Object literal may only specify known properties, but 'videoQuery' does not exist in type 'LessonSeed'. Did you mean to write 'videoUrl'?[0m [1m[35m[plugin angular-compiler][0m

    src/app/services/curriculum.service.ts:623:8:
[37m      623 │         [32mvideoQuery[37m: 'JavaScript localStorage JSON uzbek',
          ╵         [32m~~~~~~~~~~[0m


[31mX [41;31m[[41;97mERROR[41;31m][0m [1mTS2561: Object literal may only specify known properties, but 'videoQuery' does not exist in type 'LessonSeed'. Did you mean to write 'videoUrl'?[0m [1m[35m[plugin angular-compiler][0m

    src/app/services/curriculum.service.ts:643:8:
[37m      643 │         [32mvideoQuery[37m: 'JavaScript fetch API async await uzbek',
          ╵         [32m~~~~~~~~~~[0m


[31mX [41;31m[[41;97mERROR[41;31m][0m [1mTS2561: Object literal may only specify known properties, but 'videoQuery' does not exist in type 'LessonSeed'. Did you mean to write 'videoUrl'?[0m [1m[35m[plugin angular-compiler][0m

    src/app/services/curriculum.service.ts:698:8:
[37m      698 │         [32mvideoQuery[37m: 'Node.js 0 dan uzbek',
          ╵         [32m~~~~~~~~~~[0m


[31mX [41;31m[[41;97mERROR[41;31m][0m [1mTS2561: Object literal may only specify known properties, but 'videoQuery' does not exist in type 'LessonSeed'. Did you mean to write 'videoUrl'?[0m [1m[35m[plugin angular-compiler][0m

    src/app/services/curriculum.service.ts:723:8:
[37m      723 │         [32mvideoQuery[37m: 'REST API Node.js uzbek',
          ╵         [32m~~~~~~~~~~[0m


[31mX [41;31m[[41;97mERROR[41;31m][0m [1mTS2561: Object literal may only specify known properties, but 'videoQuery' does not exist in type 'LessonSeed'. Did you mean to write 'videoUrl'?[0m [1m[35m[plugin angular-compiler][0m

    src/app/services/curriculum.service.ts:746:8:
[37m      746 │         [32mvideoQuery[37m: 'Node.js register auth uzbek',
          ╵         [32m~~~~~~~~~~[0m


[31mX [41;31m[[41;97mERROR[41;31m][0m [1mTS2561: Object literal may only specify known properties, but 'videoQuery' does not exist in type 'LessonSeed'. Did you mean to write 'videoUrl'?[0m [1m[35m[plugin angular-compiler][0m

    src/app/services/curriculum.service.ts:767:8:
[37m      767 │         [32mvideoQuery[37m: 'Angular fetch API service uzbek',
          ╵         [32m~~~~~~~~~~[0m


[31mX [41;31m[[41;97mERROR[41;31m][0m [1mTS2561: Object literal may only specify known properties, but 'videoQuery' does not exist in type 'LessonSeed'. Did you mean to write 'videoUrl'?[0m [1m[35m[plugin angular-compiler][0m

    src/app/services/curriculum.service.ts:788:8:
[37m      788 │         [32mvideoQuery[37m: 'Node.js clean code validation error handling...
          ╵         [32m~~~~~~~~~~[0m


[31mX [41;31m[[41;97mERROR[41;31m][0m [1mTS2561: Object literal may only specify known properties, but 'videoQuery' does not exist in type 'LessonSeed'. Did you mean to write 'videoUrl'?[0m [1m[35m[plugin angular-compiler][0m

    src/app/services/curriculum.service.ts:811:8:
[37m      811 │         [32mvideoQuery[37m: 'Git 0 dan uzbek',
          ╵         [32m~~~~~~~~~~[0m


[31mX [41;31m[[41;97mERROR[41;31m][0m [1mTS2561: Object literal may only specify known properties, but 'videoQuery' does not exist in type 'LessonSeed'. Did you mean to write 'videoUrl'?[0m [1m[35m[plugin angular-compiler][0m

    src/app/services/curriculum.service.ts:834:8:
[37m      834 │         [32mvideoQuery[37m: 'GitHub account repo push uzbek',
          ╵         [32m~~~~~~~~~~[0m


[31mX [41;31m[[41;97mERROR[41;31m][0m [1mTS2561: Object literal may only specify known properties, but 'videoQuery' does not exist in type 'LessonSeed'. Did you mean to write 'videoUrl'?[0m [1m[35m[plugin angular-compiler][0m

    src/app/services/curriculum.service.ts:852:8:
[37m      852 │         [32mvideoQuery[37m: 'Git branch merge conflict uzbek',
          ╵         [32m~~~~~~~~~~[0m


[31mX [41;31m[[41;97mERROR[41;31m][0m [1mTS2561: Object literal may only specify known properties, but 'videoQuery' does not exist in type 'LessonSeed'. Did you mean to write 'videoUrl'?[0m [1m[35m[plugin angular-compiler][0m

    src/app/services/curriculum.service.ts:875:8:
[37m      875 │         [32mvideoQuery[37m: 'GitHub pull request code review uzbek',
          ╵         [32m~~~~~~~~~~[0m


[31mX [41;31m[[41;97mERROR[41;31m][0m [1mTS2561: Object literal may only specify known properties, but 'videoQuery' does not exist in type 'LessonSeed'. Did you mean to write 'videoUrl'?[0m [1m[35m[plugin angular-compiler][0m

    src/app/services/curriculum.service.ts:897:8:
[37m      897 │         [32mvideoQuery[37m: 'GitHub Pages deploy uzbek',
          ╵         [32m~~~~~~~~~~[0m


[31mX [41;31m[[41;97mERROR[41;31m][0m [1mTS2561: Object literal may only specify known properties, but 'videoQuery' does not exist in type 'LessonSeed'. Did you mean to write 'videoUrl'?[0m [1m[35m[plugin angular-compiler][0m

    src/app/services/curriculum.service.ts:916:8:
[37m      916 │         [32mvideoQuery[37m: 'Junior frontend portfolio final project uzbek',
          ╵         [32m~~~~~~~~~~[0m

[39m[22m
[1m[31m[31mX [41;31m[[41;97mERROR[41;31m][0m [1mNG8004: No pipe found with name 'date'.
To fix this, import the "DatePipe" class from "@angular/common" and add it to the "imports" array of the component.[0m [1m[35m[plugin angular-compiler][0m

    src/app/pages/certificate/certificate.html:81:53:
[37m      81 │ ...             <p>{{ certificate.issuedAt | [32mdate[37m:'dd.MM.yyyy' }}</p>
         ╵                                              [32m~~~~[0m

  Error occurs in the template of component CertificateComponent.

    src/app/pages/certificate/certificate.ts:19:17:
[37m      19 │     templateUrl: [32m'./certificate.html'[37m,
         ╵                  [32m~~~~~~~~~~~~~~~~~~~~[0m


[31mX [41;31m[[41;97mERROR[41;31m][0m [1mTS2561: Object literal may only specify known properties, but 'videoQuery' does not exist in type 'LessonSeed'. Did you mean to write 'videoUrl'?[0m [1m[35m[plugin angular-compiler][0m

    src/app/services/curriculum.service.ts:91:8:
[37m      91 │         [32mvideoQuery[37m: 'Chrome DevTools uzbek',
         ╵         [32m~~~~~~~~~~[0m


[31mX [41;31m[[41;97mERROR[41;31m][0m [1mTS2561: Object literal may only specify known properties, but 'videoQuery' does not exist in type 'LessonSeed'. Did you mean to write 'videoUrl'?[0m [1m[35m[plugin angular-compiler][0m

    src/app/services/curriculum.service.ts:111:8:
[37m      111 │         [32mvideoQuery[37m: 'frontend project folder structure uzbek',
          ╵         [32m~~~~~~~~~~[0m


[31mX [41;31m[[41;97mERROR[41;31m][0m [1mTS2561: Object literal may only specify known properties, but 'videoQuery' does not exist in type 'LessonSeed'. Did you mean to write 'videoUrl'?[0m [1m[35m[plugin angular-compiler][0m

    src/app/services/curriculum.service.ts:136:8:
[37m      136 │         [32mvideoQuery[37m: 'frontend backend API nima uzbek',
          ╵         [32m~~~~~~~~~~[0m


[31mX [41;31m[[41;97mERROR[41;31m][0m [1mTS2561: Object literal may only specify known properties, but 'videoQuery' does not exist in type 'LessonSeed'. Did you mean to write 'videoUrl'?[0m [1m[35m[plugin angular-compiler][0m

    src/app/services/curriculum.service.ts:160:8:
[37m      160 │         [32mvideoQuery[37m: 'HTML 0 dan',
          ╵         [32m~~~~~~~~~~[0m


[31mX [41;31m[[41;97mERROR[41;31m][0m [1mTS2561: Object literal may only specify known properties, but 'videoQuery' does not exist in type 'LessonSeed'. Did you mean to write 'videoUrl'?[0m [1m[35m[plugin angular-compiler][0m

    src/app/services/curriculum.service.ts:189:8:
[37m      189 │         [32mvideoQuery[37m: 'HTML h1 p ul ol li uzbek',
          ╵         [32m~~~~~~~~~~[0m


[31mX [41;31m[[41;97mERROR[41;31m][0m [1mTS2561: Object literal may only specify known properties, but 'videoQuery' does not exist in type 'LessonSeed'. Did you mean to write 'videoUrl'?[0m [1m[35m[plugin angular-compiler][0m

    src/app/services/curriculum.service.ts:216:8:
[37m      216 │         [32mvideoQuery[37m: 'HTML link image alt uzbek',
          ╵         [32m~~~~~~~~~~[0m


[31mX [41;31m[[41;97mERROR[41;31m][0m [1mTS2561: Object literal may only specify known properties, but 'videoQuery' does not exist in type 'LessonSeed'. Did you mean to write 'videoUrl'?[0m [1m[35m[plugin angular-compiler][0m

    src/app/services/curriculum.service.ts:240:8:
[37m      240 │         [32mvideoQuery[37m: 'HTML form input label uzbek',
          ╵         [32m~~~~~~~~~~[0m


[31mX [41;31m[[41;97mERROR[41;31m][0m [1mTS2561: Object literal may only specify known properties, but 'videoQuery' does not exist in type 'LessonSeed'. Did you mean to write 'videoUrl'?[0m [1m[35m[plugin angular-compiler][0m

    src/app/services/curriculum.service.ts:270:8:
[37m      270 │         [32mvideoQuery[37m: 'semantic HTML uzbek',
          ╵         [32m~~~~~~~~~~[0m


[31mX [41;31m[[41;97mERROR[41;31m][0m [1mTS2561: Object literal may only specify known properties, but 'videoQuery' does not exist in type 'LessonSeed'. Did you mean to write 'videoUrl'?[0m [1m[35m[plugin angular-compiler][0m

    src/app/services/curriculum.service.ts:304:8:
[37m      304 │         [32mvideoQuery[37m: 'HTML portfolio project uzbek',
          ╵         [32m~~~~~~~~~~[0m


[31mX [41;31m[[41;97mERROR[41;31m][0m [1mTS2561: Object literal may only specify known properties, but 'videoQuery' does not exist in type 'LessonSeed'. Did you mean to write 'videoUrl'?[0m [1m[35m[plugin angular-compiler][0m

    src/app/services/curriculum.service.ts:338:8:
[37m      338 │         [32mvideoQuery[37m: 'CSS 0 dan uzbek',
          ╵         [32m~~~~~~~~~~[0m


[31mX [41;31m[[41;97mERROR[41;31m][0m [1mTS2561: Object literal may only specify known properties, but 'videoQuery' does not exist in type 'LessonSeed'. Did you mean to write 'videoUrl'?[0m [1m[35m[plugin angular-compiler][0m

    src/app/services/curriculum.service.ts:367:8:
[37m      367 │         [32mvideoQuery[37m: 'CSS box model uzbek',
          ╵         [32m~~~~~~~~~~[0m


[31mX [41;31m[[41;97mERROR[41;31m][0m [1mTS2561: Object literal may only specify known properties, but 'videoQuery' does not exist in type 'LessonSeed'. Did you mean to write 'videoUrl'?[0m [1m[35m[plugin angular-compiler][0m

    src/app/services/curriculum.service.ts:395:8:
[37m      395 │         [32mvideoQuery[37m: 'CSS Flexbox uzbek',
          ╵         [32m~~~~~~~~~~[0m


[31mX [41;31m[[41;97mERROR[41;31m][0m [1mTS2561: Object literal may only specify known properties, but 'videoQuery' does not exist in type 'LessonSeed'. Did you mean to write 'videoUrl'?[0m [1m[35m[plugin angular-compiler][0m

    src/app/services/curriculum.service.ts:430:8:
[37m      430 │         [32mvideoQuery[37m: 'CSS Grid uzbek',
          ╵         [32m~~~~~~~~~~[0m


[31mX [41;31m[[41;97mERROR[41;31m][0m [1mTS2561: Object literal may only specify known properties, but 'videoQuery' does not exist in type 'LessonSeed'. Did you mean to write 'videoUrl'?[0m [1m[35m[plugin angular-compiler][0m

    src/app/services/curriculum.service.ts:447:8:
[37m      447 │         [32mvideoQuery[37m: 'responsive design media query uzbek',
          ╵         [32m~~~~~~~~~~[0m


[31mX [41;31m[[41;97mERROR[41;31m][0m [1mTS2561: Object literal may only specify known properties, but 'videoQuery' does not exist in type 'LessonSeed'. Did you mean to write 'videoUrl'?[0m [1m[35m[plugin angular-compiler][0m

    src/app/services/curriculum.service.ts:471:8:
[37m      471 │         [32mvideoQuery[37m: 'CSS portfolio design uzbek',
          ╵         [32m~~~~~~~~~~[0m


[31mX [41;31m[[41;97mERROR[41;31m][0m [1mTS2561: Object literal may only specify known properties, but 'videoQuery' does not exist in type 'LessonSeed'. Did you mean to write 'videoUrl'?[0m [1m[35m[plugin angular-compiler][0m

    src/app/services/curriculum.service.ts:500:8:
[37m      500 │         [32mvideoQuery[37m: 'JavaScript 0 dan uzbek',
          ╵         [32m~~~~~~~~~~[0m


[31mX [41;31m[[41;97mERROR[41;31m][0m [1mTS2561: Object literal may only specify known properties, but 'videoQuery' does not exist in type 'LessonSeed'. Did you mean to write 'videoUrl'?[0m [1m[35m[plugin angular-compiler][0m

    src/app/services/curriculum.service.ts:527:8:
[37m      527 │         [32mvideoQuery[37m: 'JavaScript if else for loop uzbek',
          ╵         [32m~~~~~~~~~~[0m


[31mX [41;31m[[41;97mERROR[41;31m][0m [1mTS2561: Object literal may only specify known properties, but 'videoQuery' does not exist in type 'LessonSeed'. Did you mean to write 'videoUrl'?[0m [1m[35m[plugin angular-compiler][0m

    src/app/services/curriculum.service.ts:552:8:
[37m      552 │         [32mvideoQuery[37m: 'JavaScript functions uzbek',
          ╵         [32m~~~~~~~~~~[0m


[31mX [41;31m[[41;97mERROR[41;31m][0m [1mTS2561: Object literal may only specify known properties, but 'videoQuery' does not exist in type 'LessonSeed'. Did you mean to write 'videoUrl'?[0m [1m[35m[plugin angular-compiler][0m

    src/app/services/curriculum.service.ts:575:8:
[37m      575 │         [32mvideoQuery[37m: 'JavaScript DOM querySelector uzbek',
          ╵         [32m~~~~~~~~~~[0m


[31mX [41;31m[[41;97mERROR[41;31m][0m [1mTS2561: Object literal may only specify known properties, but 'videoQuery' does not exist in type 'LessonSeed'. Did you mean to write 'videoUrl'?[0m [1m[35m[plugin angular-compiler][0m

    src/app/services/curriculum.service.ts:597:8:
[37m      597 │         [32mvideoQuery[37m: 'JavaScript addEventListener form validation ...
          ╵         [32m~~~~~~~~~~[0m


[31mX [41;31m[[41;97mERROR[41;31m][0m [1mTS2561: Object literal may only specify known properties, but 'videoQuery' does not exist in type 'LessonSeed'. Did you mean to write 'videoUrl'?[0m [1m[35m[plugin angular-compiler][0m

    src/app/services/curriculum.service.ts:623:8:
[37m      623 │         [32mvideoQuery[37m: 'JavaScript localStorage JSON uzbek',
          ╵         [32m~~~~~~~~~~[0m


[31mX [41;31m[[41;97mERROR[41;31m][0m [1mTS2561: Object literal may only specify known properties, but 'videoQuery' does not exist in type 'LessonSeed'. Did you mean to write 'videoUrl'?[0m [1m[35m[plugin angular-compiler][0m

    src/app/services/curriculum.service.ts:643:8:
[37m      643 │         [32mvideoQuery[37m: 'JavaScript fetch API async await uzbek',
          ╵         [32m~~~~~~~~~~[0m


[31mX [41;31m[[41;97mERROR[41;31m][0m [1mTS2561: Object literal may only specify known properties, but 'videoQuery' does not exist in type 'LessonSeed'. Did you mean to write 'videoUrl'?[0m [1m[35m[plugin angular-compiler][0m

    src/app/services/curriculum.service.ts:698:8:
[37m      698 │         [32mvideoQuery[37m: 'Node.js 0 dan uzbek',
          ╵         [32m~~~~~~~~~~[0m


[31mX [41;31m[[41;97mERROR[41;31m][0m [1mTS2561: Object literal may only specify known properties, but 'videoQuery' does not exist in type 'LessonSeed'. Did you mean to write 'videoUrl'?[0m [1m[35m[plugin angular-compiler][0m

    src/app/services/curriculum.service.ts:723:8:
[37m      723 │         [32mvideoQuery[37m: 'REST API Node.js uzbek',
          ╵         [32m~~~~~~~~~~[0m


[31mX [41;31m[[41;97mERROR[41;31m][0m [1mTS2561: Object literal may only specify known properties, but 'videoQuery' does not exist in type 'LessonSeed'. Did you mean to write 'videoUrl'?[0m [1m[35m[plugin angular-compiler][0m

    src/app/services/curriculum.service.ts:746:8:
[37m      746 │         [32mvideoQuery[37m: 'Node.js register auth uzbek',
          ╵         [32m~~~~~~~~~~[0m


[31mX [41;31m[[41;97mERROR[41;31m][0m [1mTS2561: Object literal may only specify known properties, but 'videoQuery' does not exist in type 'LessonSeed'. Did you mean to write 'videoUrl'?[0m [1m[35m[plugin angular-compiler][0m

    src/app/services/curriculum.service.ts:767:8:
[37m      767 │         [32mvideoQuery[37m: 'Angular fetch API service uzbek',
          ╵         [32m~~~~~~~~~~[0m


[31mX [41;31m[[41;97mERROR[41;31m][0m [1mTS2561: Object literal may only specify known properties, but 'videoQuery' does not exist in type 'LessonSeed'. Did you mean to write 'videoUrl'?[0m [1m[35m[plugin angular-compiler][0m

    src/app/services/curriculum.service.ts:788:8:
[37m      788 │         [32mvideoQuery[37m: 'Node.js clean code validation error handling...
          ╵         [32m~~~~~~~~~~[0m


[31mX [41;31m[[41;97mERROR[41;31m][0m [1mTS2561: Object literal may only specify known properties, but 'videoQuery' does not exist in type 'LessonSeed'. Did you mean to write 'videoUrl'?[0m [1m[35m[plugin angular-compiler][0m

    src/app/services/curriculum.service.ts:811:8:
[37m      811 │         [32mvideoQuery[37m: 'Git 0 dan uzbek',
          ╵         [32m~~~~~~~~~~[0m


[31mX [41;31m[[41;97mERROR[41;31m][0m [1mTS2561: Object literal may only specify known properties, but 'videoQuery' does not exist in type 'LessonSeed'. Did you mean to write 'videoUrl'?[0m [1m[35m[plugin angular-compiler][0m

    src/app/services/curriculum.service.ts:834:8:
[37m      834 │         [32mvideoQuery[37m: 'GitHub account repo push uzbek',
          ╵         [32m~~~~~~~~~~[0m


[31mX [41;31m[[41;97mERROR[41;31m][0m [1mTS2561: Object literal may only specify known properties, but 'videoQuery' does not exist in type 'LessonSeed'. Did you mean to write 'videoUrl'?[0m [1m[35m[plugin angular-compiler][0m

    src/app/services/curriculum.service.ts:852:8:
[37m      852 │         [32mvideoQuery[37m: 'Git branch merge conflict uzbek',
          ╵         [32m~~~~~~~~~~[0m


[31mX [41;31m[[41;97mERROR[41;31m][0m [1mTS2561: Object literal may only specify known properties, but 'videoQuery' does not exist in type 'LessonSeed'. Did you mean to write 'videoUrl'?[0m [1m[35m[plugin angular-compiler][0m

    src/app/services/curriculum.service.ts:875:8:
[37m      875 │         [32mvideoQuery[37m: 'GitHub pull request code review uzbek',
          ╵         [32m~~~~~~~~~~[0m


[31mX [41;31m[[41;97mERROR[41;31m][0m [1mTS2561: Object literal may only specify known properties, but 'videoQuery' does not exist in type 'LessonSeed'. Did you mean to write 'videoUrl'?[0m [1m[35m[plugin angular-compiler][0m

    src/app/services/curriculum.service.ts:897:8:
[37m      897 │         [32mvideoQuery[37m: 'GitHub Pages deploy uzbek',
          ╵         [32m~~~~~~~~~~[0m


[31mX [41;31m[[41;97mERROR[41;31m][0m [1mTS2561: Object literal may only specify known properties, but 'videoQuery' does not exist in type 'LessonSeed'. Did you mean to write 'videoUrl'?[0m [1m[35m[plugin angular-compiler][0m

    src/app/services/curriculum.service.ts:916:8:
[37m      916 │         [32mvideoQuery[37m: 'Junior frontend portfolio final project uzbek',
          ╵         [32m~~~~~~~~~~[0m

[39m[22m
[1m[31m[31mX [41;31m[[41;97mERROR[41;31m][0m [1mNG8004: No pipe found with name 'date'.
To fix this, import the "DatePipe" class from "@angular/common" and add it to the "imports" array of the component.[0m [1m[35m[plugin angular-compiler][0m

    src/app/pages/certificate/certificate.html:81:53:
[37m      81 │ ...             <p>{{ certificate.issuedAt | [32mdate[37m:'dd.MM.yyyy' }}</p>
         ╵                                              [32m~~~~[0m

  Error occurs in the template of component CertificateComponent.

    src/app/pages/certificate/certificate.ts:19:17:
[37m      19 │     templateUrl: [32m'./certificate.html'[37m,
         ╵                  [32m~~~~~~~~~~~~~~~~~~~~[0m


[31mX [41;31m[[41;97mERROR[41;31m][0m [1mTS2561: Object literal may only specify known properties, but 'videoQuery' does not exist in type 'LessonSeed'. Did you mean to write 'videoUrl'?[0m [1m[35m[plugin angular-compiler][0m

    src/app/services/curriculum.service.ts:91:8:
[37m      91 │         [32mvideoQuery[37m: 'Chrome DevTools uzbek',
         ╵         [32m~~~~~~~~~~[0m


[31mX [41;31m[[41;97mERROR[41;31m][0m [1mTS2561: Object literal may only specify known properties, but 'videoQuery' does not exist in type 'LessonSeed'. Did you mean to write 'videoUrl'?[0m [1m[35m[plugin angular-compiler][0m

    src/app/services/curriculum.service.ts:111:8:
[37m      111 │         [32mvideoQuery[37m: 'frontend project folder structure uzbek',
          ╵         [32m~~~~~~~~~~[0m


[31mX [41;31m[[41;97mERROR[41;31m][0m [1mTS2561: Object literal may only specify known properties, but 'videoQuery' does not exist in type 'LessonSeed'. Did you mean to write 'videoUrl'?[0m [1m[35m[plugin angular-compiler][0m

    src/app/services/curriculum.service.ts:136:8:
[37m      136 │         [32mvideoQuery[37m: 'frontend backend API nima uzbek',
          ╵         [32m~~~~~~~~~~[0m


[31mX [41;31m[[41;97mERROR[41;31m][0m [1mTS2561: Object literal may only specify known properties, but 'videoQuery' does not exist in type 'LessonSeed'. Did you mean to write 'videoUrl'?[0m [1m[35m[plugin angular-compiler][0m

    src/app/services/curriculum.service.ts:160:8:
[37m      160 │         [32mvideoQuery[37m: 'HTML 0 dan',
          ╵         [32m~~~~~~~~~~[0m


[31mX [41;31m[[41;97mERROR[41;31m][0m [1mTS2561: Object literal may only specify known properties, but 'videoQuery' does not exist in type 'LessonSeed'. Did you mean to write 'videoUrl'?[0m [1m[35m[plugin angular-compiler][0m

    src/app/services/curriculum.service.ts:189:8:
[37m      189 │         [32mvideoQuery[37m: 'HTML h1 p ul ol li uzbek',
          ╵         [32m~~~~~~~~~~[0m


[31mX [41;31m[[41;97mERROR[41;31m][0m [1mTS2561: Object literal may only specify known properties, but 'videoQuery' does not exist in type 'LessonSeed'. Did you mean to write 'videoUrl'?[0m [1m[35m[plugin angular-compiler][0m

    src/app/services/curriculum.service.ts:216:8:
[37m      216 │         [32mvideoQuery[37m: 'HTML link image alt uzbek',
          ╵         [32m~~~~~~~~~~[0m


[31mX [41;31m[[41;97mERROR[41;31m][0m [1mTS2561: Object literal may only specify known properties, but 'videoQuery' does not exist in type 'LessonSeed'. Did you mean to write 'videoUrl'?[0m [1m[35m[plugin angular-compiler][0m

    src/app/services/curriculum.service.ts:240:8:
[37m      240 │         [32mvideoQuery[37m: 'HTML form input label uzbek',
          ╵         [32m~~~~~~~~~~[0m


[31mX [41;31m[[41;97mERROR[41;31m][0m [1mTS2561: Object literal may only specify known properties, but 'videoQuery' does not exist in type 'LessonSeed'. Did you mean to write 'videoUrl'?[0m [1m[35m[plugin angular-compiler][0m

    src/app/services/curriculum.service.ts:270:8:
[37m      270 │         [32mvideoQuery[37m: 'semantic HTML uzbek',
          ╵         [32m~~~~~~~~~~[0m


[31mX [41;31m[[41;97mERROR[41;31m][0m [1mTS2561: Object literal may only specify known properties, but 'videoQuery' does not exist in type 'LessonSeed'. Did you mean to write 'videoUrl'?[0m [1m[35m[plugin angular-compiler][0m

    src/app/services/curriculum.service.ts:304:8:
[37m      304 │         [32mvideoQuery[37m: 'HTML portfolio project uzbek',
          ╵         [32m~~~~~~~~~~[0m


[31mX [41;31m[[41;97mERROR[41;31m][0m [1mTS2561: Object literal may only specify known properties, but 'videoQuery' does not exist in type 'LessonSeed'. Did you mean to write 'videoUrl'?[0m [1m[35m[plugin angular-compiler][0m

    src/app/services/curriculum.service.ts:338:8:
[37m      338 │         [32mvideoQuery[37m: 'CSS 0 dan uzbek',
          ╵         [32m~~~~~~~~~~[0m


[31mX [41;31m[[41;97mERROR[41;31m][0m [1mTS2561: Object literal may only specify known properties, but 'videoQuery' does not exist in type 'LessonSeed'. Did you mean to write 'videoUrl'?[0m [1m[35m[plugin angular-compiler][0m

    src/app/services/curriculum.service.ts:367:8:
[37m      367 │         [32mvideoQuery[37m: 'CSS box model uzbek',
          ╵         [32m~~~~~~~~~~[0m


[31mX [41;31m[[41;97mERROR[41;31m][0m [1mTS2561: Object literal may only specify known properties, but 'videoQuery' does not exist in type 'LessonSeed'. Did you mean to write 'videoUrl'?[0m [1m[35m[plugin angular-compiler][0m

    src/app/services/curriculum.service.ts:395:8:
[37m      395 │         [32mvideoQuery[37m: 'CSS Flexbox uzbek',
          ╵         [32m~~~~~~~~~~[0m


[31mX [41;31m[[41;97mERROR[41;31m][0m [1mTS2561: Object literal may only specify known properties, but 'videoQuery' does not exist in type 'LessonSeed'. Did you mean to write 'videoUrl'?[0m [1m[35m[plugin angular-compiler][0m

    src/app/services/curriculum.service.ts:430:8:
[37m      430 │         [32mvideoQuery[37m: 'CSS Grid uzbek',
          ╵         [32m~~~~~~~~~~[0m


[31mX [41;31m[[41;97mERROR[41;31m][0m [1mTS2561: Object literal may only specify known properties, but 'videoQuery' does not exist in type 'LessonSeed'. Did you mean to write 'videoUrl'?[0m [1m[35m[plugin angular-compiler][0m

    src/app/services/curriculum.service.ts:447:8:
[37m      447 │         [32mvideoQuery[37m: 'responsive design media query uzbek',
          ╵         [32m~~~~~~~~~~[0m


[31mX [41;31m[[41;97mERROR[41;31m][0m [1mTS2561: Object literal may only specify known properties, but 'videoQuery' does not exist in type 'LessonSeed'. Did you mean to write 'videoUrl'?[0m [1m[35m[plugin angular-compiler][0m

    src/app/services/curriculum.service.ts:471:8:
[37m      471 │         [32mvideoQuery[37m: 'CSS portfolio design uzbek',
          ╵         [32m~~~~~~~~~~[0m


[31mX [41;31m[[41;97mERROR[41;31m][0m [1mTS2561: Object literal may only specify known properties, but 'videoQuery' does not exist in type 'LessonSeed'. Did you mean to write 'videoUrl'?[0m [1m[35m[plugin angular-compiler][0m

    src/app/services/curriculum.service.ts:500:8:
[37m      500 │         [32mvideoQuery[37m: 'JavaScript 0 dan uzbek',
          ╵         [32m~~~~~~~~~~[0m


[31mX [41;31m[[41;97mERROR[41;31m][0m [1mTS2561: Object literal may only specify known properties, but 'videoQuery' does not exist in type 'LessonSeed'. Did you mean to write 'videoUrl'?[0m [1m[35m[plugin angular-compiler][0m

    src/app/services/curriculum.service.ts:527:8:
[37m      527 │         [32mvideoQuery[37m: 'JavaScript if else for loop uzbek',
          ╵         [32m~~~~~~~~~~[0m


[31mX [41;31m[[41;97mERROR[41;31m][0m [1mTS2561: Object literal may only specify known properties, but 'videoQuery' does not exist in type 'LessonSeed'. Did you mean to write 'videoUrl'?[0m [1m[35m[plugin angular-compiler][0m

    src/app/services/curriculum.service.ts:552:8:
[37m      552 │         [32mvideoQuery[37m: 'JavaScript functions uzbek',
          ╵         [32m~~~~~~~~~~[0m


[31mX [41;31m[[41;97mERROR[41;31m][0m [1mTS2561: Object literal may only specify known properties, but 'videoQuery' does not exist in type 'LessonSeed'. Did you mean to write 'videoUrl'?[0m [1m[35m[plugin angular-compiler][0m

    src/app/services/curriculum.service.ts:575:8:
[37m      575 │         [32mvideoQuery[37m: 'JavaScript DOM querySelector uzbek',
          ╵         [32m~~~~~~~~~~[0m


[31mX [41;31m[[41;97mERROR[41;31m][0m [1mTS2561: Object literal may only specify known properties, but 'videoQuery' does not exist in type 'LessonSeed'. Did you mean to write 'videoUrl'?[0m [1m[35m[plugin angular-compiler][0m

    src/app/services/curriculum.service.ts:597:8:
[37m      597 │         [32mvideoQuery[37m: 'JavaScript addEventListener form validation ...
          ╵         [32m~~~~~~~~~~[0m


[31mX [41;31m[[41;97mERROR[41;31m][0m [1mTS2561: Object literal may only specify known properties, but 'videoQuery' does not exist in type 'LessonSeed'. Did you mean to write 'videoUrl'?[0m [1m[35m[plugin angular-compiler][0m

    src/app/services/curriculum.service.ts:623:8:
[37m      623 │         [32mvideoQuery[37m: 'JavaScript localStorage JSON uzbek',
          ╵         [32m~~~~~~~~~~[0m


[31mX [41;31m[[41;97mERROR[41;31m][0m [1mTS2561: Object literal may only specify known properties, but 'videoQuery' does not exist in type 'LessonSeed'. Did you mean to write 'videoUrl'?[0m [1m[35m[plugin angular-compiler][0m

    src/app/services/curriculum.service.ts:643:8:
[37m      643 │         [32mvideoQuery[37m: 'JavaScript fetch API async await uzbek',
          ╵         [32m~~~~~~~~~~[0m


[31mX [41;31m[[41;97mERROR[41;31m][0m [1mTS2561: Object literal may only specify known properties, but 'videoQuery' does not exist in type 'LessonSeed'. Did you mean to write 'videoUrl'?[0m [1m[35m[plugin angular-compiler][0m

    src/app/services/curriculum.service.ts:698:8:
[37m      698 │         [32mvideoQuery[37m: 'Node.js 0 dan uzbek',
          ╵         [32m~~~~~~~~~~[0m


[31mX [41;31m[[41;97mERROR[41;31m][0m [1mTS2561: Object literal may only specify known properties, but 'videoQuery' does not exist in type 'LessonSeed'. Did you mean to write 'videoUrl'?[0m [1m[35m[plugin angular-compiler][0m

    src/app/services/curriculum.service.ts:723:8:
[37m      723 │         [32mvideoQuery[37m: 'REST API Node.js uzbek',
          ╵         [32m~~~~~~~~~~[0m


[31mX [41;31m[[41;97mERROR[41;31m][0m [1mTS2561: Object literal may only specify known properties, but 'videoQuery' does not exist in type 'LessonSeed'. Did you mean to write 'videoUrl'?[0m [1m[35m[plugin angular-compiler][0m

    src/app/services/curriculum.service.ts:746:8:
[37m      746 │         [32mvideoQuery[37m: 'Node.js register auth uzbek',
          ╵         [32m~~~~~~~~~~[0m


[31mX [41;31m[[41;97mERROR[41;31m][0m [1mTS2561: Object literal may only specify known properties, but 'videoQuery' does not exist in type 'LessonSeed'. Did you mean to write 'videoUrl'?[0m [1m[35m[plugin angular-compiler][0m

    src/app/services/curriculum.service.ts:767:8:
[37m      767 │         [32mvideoQuery[37m: 'Angular fetch API service uzbek',
          ╵         [32m~~~~~~~~~~[0m


[31mX [41;31m[[41;97mERROR[41;31m][0m [1mTS2561: Object literal may only specify known properties, but 'videoQuery' does not exist in type 'LessonSeed'. Did you mean to write 'videoUrl'?[0m [1m[35m[plugin angular-compiler][0m

    src/app/services/curriculum.service.ts:788:8:
[37m      788 │         [32mvideoQuery[37m: 'Node.js clean code validation error handling...
          ╵         [32m~~~~~~~~~~[0m


[31mX [41;31m[[41;97mERROR[41;31m][0m [1mTS2561: Object literal may only specify known properties, but 'videoQuery' does not exist in type 'LessonSeed'. Did you mean to write 'videoUrl'?[0m [1m[35m[plugin angular-compiler][0m

    src/app/services/curriculum.service.ts:811:8:
[37m      811 │         [32mvideoQuery[37m: 'Git 0 dan uzbek',
          ╵         [32m~~~~~~~~~~[0m


[31mX [41;31m[[41;97mERROR[41;31m][0m [1mTS2561: Object literal may only specify known properties, but 'videoQuery' does not exist in type 'LessonSeed'. Did you mean to write 'videoUrl'?[0m [1m[35m[plugin angular-compiler][0m

    src/app/services/curriculum.service.ts:834:8:
[37m      834 │         [32mvideoQuery[37m: 'GitHub account repo push uzbek',
          ╵         [32m~~~~~~~~~~[0m


[31mX [41;31m[[41;97mERROR[41;31m][0m [1mTS2561: Object literal may only specify known properties, but 'videoQuery' does not exist in type 'LessonSeed'. Did you mean to write 'videoUrl'?[0m [1m[35m[plugin angular-compiler][0m

    src/app/services/curriculum.service.ts:852:8:
[37m      852 │         [32mvideoQuery[37m: 'Git branch merge conflict uzbek',
          ╵         [32m~~~~~~~~~~[0m


[31mX [41;31m[[41;97mERROR[41;31m][0m [1mTS2561: Object literal may only specify known properties, but 'videoQuery' does not exist in type 'LessonSeed'. Did you mean to write 'videoUrl'?[0m [1m[35m[plugin angular-compiler][0m

    src/app/services/curriculum.service.ts:875:8:
[37m      875 │         [32mvideoQuery[37m: 'GitHub pull request code review uzbek',
          ╵         [32m~~~~~~~~~~[0m


[31mX [41;31m[[41;97mERROR[41;31m][0m [1mTS2561: Object literal may only specify known properties, but 'videoQuery' does not exist in type 'LessonSeed'. Did you mean to write 'videoUrl'?[0m [1m[35m[plugin angular-compiler][0m

    src/app/services/curriculum.service.ts:897:8:
[37m      897 │         [32mvideoQuery[37m: 'GitHub Pages deploy uzbek',
          ╵         [32m~~~~~~~~~~[0m


[31mX [41;31m[[41;97mERROR[41;31m][0m [1mTS2561: Object literal may only specify known properties, but 'videoQuery' does not exist in type 'LessonSeed'. Did you mean to write 'videoUrl'?[0m [1m[35m[plugin angular-compiler][0m

    src/app/services/curriculum.service.ts:916:8:
[37m      916 │         [32mvideoQuery[37m: 'Junior frontend portfolio final project uzbek',
          ╵         [32m~~~~~~~~~~[0m

[39m[22m
[1m[31m[31mX [41;31m[[41;97mERROR[41;31m][0m [1mNG8004: No pipe found with name 'date'.
To fix this, import the "DatePipe" class from "@angular/common" and add it to the "imports" array of the component.[0m [1m[35m[plugin angular-compiler][0m

    src/app/pages/certificate/certificate.html:81:53:
[37m      81 │ ...             <p>{{ certificate.issuedAt | [32mdate[37m:'dd.MM.yyyy' }}</p>
         ╵                                              [32m~~~~[0m

  Error occurs in the template of component CertificateComponent.

    src/app/pages/certificate/certificate.ts:19:17:
[37m      19 │     templateUrl: [32m'./certificate.html'[37m,
         ╵                  [32m~~~~~~~~~~~~~~~~~~~~[0m


[31mX [41;31m[[41;97mERROR[41;31m][0m [1mTS2561: Object literal may only specify known properties, but 'videoQuery' does not exist in type 'LessonSeed'. Did you mean to write 'videoUrl'?[0m [1m[35m[plugin angular-compiler][0m

    src/app/services/curriculum.service.ts:91:8:
[37m      91 │         [32mvideoQuery[37m: 'Chrome DevTools uzbek',
         ╵         [32m~~~~~~~~~~[0m


[31mX [41;31m[[41;97mERROR[41;31m][0m [1mTS2561: Object literal may only specify known properties, but 'videoQuery' does not exist in type 'LessonSeed'. Did you mean to write 'videoUrl'?[0m [1m[35m[plugin angular-compiler][0m

    src/app/services/curriculum.service.ts:111:8:
[37m      111 │         [32mvideoQuery[37m: 'frontend project folder structure uzbek',
          ╵         [32m~~~~~~~~~~[0m


[31mX [41;31m[[41;97mERROR[41;31m][0m [1mTS2561: Object literal may only specify known properties, but 'videoQuery' does not exist in type 'LessonSeed'. Did you mean to write 'videoUrl'?[0m [1m[35m[plugin angular-compiler][0m

    src/app/services/curriculum.service.ts:136:8:
[37m      136 │         [32mvideoQuery[37m: 'frontend backend API nima uzbek',
          ╵         [32m~~~~~~~~~~[0m


[31mX [41;31m[[41;97mERROR[41;31m][0m [1mTS2561: Object literal may only specify known properties, but 'videoQuery' does not exist in type 'LessonSeed'. Did you mean to write 'videoUrl'?[0m [1m[35m[plugin angular-compiler][0m

    src/app/services/curriculum.service.ts:160:8:
[37m      160 │         [32mvideoQuery[37m: 'HTML 0 dan',
          ╵         [32m~~~~~~~~~~[0m


[31mX [41;31m[[41;97mERROR[41;31m][0m [1mTS2561: Object literal may only specify known properties, but 'videoQuery' does not exist in type 'LessonSeed'. Did you mean to write 'videoUrl'?[0m [1m[35m[plugin angular-compiler][0m

    src/app/services/curriculum.service.ts:189:8:
[37m      189 │         [32mvideoQuery[37m: 'HTML h1 p ul ol li uzbek',
          ╵         [32m~~~~~~~~~~[0m


[31mX [41;31m[[41;97mERROR[41;31m][0m [1mTS2561: Object literal may only specify known properties, but 'videoQuery' does not exist in type 'LessonSeed'. Did you mean to write 'videoUrl'?[0m [1m[35m[plugin angular-compiler][0m

    src/app/services/curriculum.service.ts:216:8:
[37m      216 │         [32mvideoQuery[37m: 'HTML link image alt uzbek',
          ╵         [32m~~~~~~~~~~[0m


[31mX [41;31m[[41;97mERROR[41;31m][0m [1mTS2561: Object literal may only specify known properties, but 'videoQuery' does not exist in type 'LessonSeed'. Did you mean to write 'videoUrl'?[0m [1m[35m[plugin angular-compiler][0m

    src/app/services/curriculum.service.ts:240:8:
[37m      240 │         [32mvideoQuery[37m: 'HTML form input label uzbek',
          ╵         [32m~~~~~~~~~~[0m


[31mX [41;31m[[41;97mERROR[41;31m][0m [1mTS2561: Object literal may only specify known properties, but 'videoQuery' does not exist in type 'LessonSeed'. Did you mean to write 'videoUrl'?[0m [1m[35m[plugin angular-compiler][0m

    src/app/services/curriculum.service.ts:270:8:
[37m      270 │         [32mvideoQuery[37m: 'semantic HTML uzbek',
          ╵         [32m~~~~~~~~~~[0m


[31mX [41;31m[[41;97mERROR[41;31m][0m [1mTS2561: Object literal may only specify known properties, but 'videoQuery' does not exist in type 'LessonSeed'. Did you mean to write 'videoUrl'?[0m [1m[35m[plugin angular-compiler][0m

    src/app/services/curriculum.service.ts:304:8:
[37m      304 │         [32mvideoQuery[37m: 'HTML portfolio project uzbek',
          ╵         [32m~~~~~~~~~~[0m


[31mX [41;31m[[41;97mERROR[41;31m][0m [1mTS2561: Object literal may only specify known properties, but 'videoQuery' does not exist in type 'LessonSeed'. Did you mean to write 'videoUrl'?[0m [1m[35m[plugin angular-compiler][0m

    src/app/services/curriculum.service.ts:338:8:
[37m      338 │         [32mvideoQuery[37m: 'CSS 0 dan uzbek',
          ╵         [32m~~~~~~~~~~[0m


[31mX [41;31m[[41;97mERROR[41;31m][0m [1mTS2561: Object literal may only specify known properties, but 'videoQuery' does not exist in type 'LessonSeed'. Did you mean to write 'videoUrl'?[0m [1m[35m[plugin angular-compiler][0m

    src/app/services/curriculum.service.ts:367:8:
[37m      367 │         [32mvideoQuery[37m: 'CSS box model uzbek',
          ╵         [32m~~~~~~~~~~[0m


[31mX [41;31m[[41;97mERROR[41;31m][0m [1mTS2561: Object literal may only specify known properties, but 'videoQuery' does not exist in type 'LessonSeed'. Did you mean to write 'videoUrl'?[0m [1m[35m[plugin angular-compiler][0m

    src/app/services/curriculum.service.ts:395:8:
[37m      395 │         [32mvideoQuery[37m: 'CSS Flexbox uzbek',
          ╵         [32m~~~~~~~~~~[0m


[31mX [41;31m[[41;97mERROR[41;31m][0m [1mTS2561: Object literal may only specify known properties, but 'videoQuery' does not exist in type 'LessonSeed'. Did you mean to write 'videoUrl'?[0m [1m[35m[plugin angular-compiler][0m

    src/app/services/curriculum.service.ts:430:8:
[37m      430 │         [32mvideoQuery[37m: 'CSS Grid uzbek',
          ╵         [32m~~~~~~~~~~[0m


[31mX [41;31m[[41;97mERROR[41;31m][0m [1mTS2561: Object literal may only specify known properties, but 'videoQuery' does not exist in type 'LessonSeed'. Did you mean to write 'videoUrl'?[0m [1m[35m[plugin angular-compiler][0m

    src/app/services/curriculum.service.ts:447:8:
[37m      447 │         [32mvideoQuery[37m: 'responsive design media query uzbek',
          ╵         [32m~~~~~~~~~~[0m


[31mX [41;31m[[41;97mERROR[41;31m][0m [1mTS2561: Object literal may only specify known properties, but 'videoQuery' does not exist in type 'LessonSeed'. Did you mean to write 'videoUrl'?[0m [1m[35m[plugin angular-compiler][0m

    src/app/services/curriculum.service.ts:471:8:
[37m      471 │         [32mvideoQuery[37m: 'CSS portfolio design uzbek',
          ╵         [32m~~~~~~~~~~[0m


[31mX [41;31m[[41;97mERROR[41;31m][0m [1mTS2561: Object literal may only specify known properties, but 'videoQuery' does not exist in type 'LessonSeed'. Did you mean to write 'videoUrl'?[0m [1m[35m[plugin angular-compiler][0m

    src/app/services/curriculum.service.ts:500:8:
[37m      500 │         [32mvideoQuery[37m: 'JavaScript 0 dan uzbek',
          ╵         [32m~~~~~~~~~~[0m


[31mX [41;31m[[41;97mERROR[41;31m][0m [1mTS2561: Object literal may only specify known properties, but 'videoQuery' does not exist in type 'LessonSeed'. Did you mean to write 'videoUrl'?[0m [1m[35m[plugin angular-compiler][0m

    src/app/services/curriculum.service.ts:527:8:
[37m      527 │         [32mvideoQuery[37m: 'JavaScript if else for loop uzbek',
          ╵         [32m~~~~~~~~~~[0m


[31mX [41;31m[[41;97mERROR[41;31m][0m [1mTS2561: Object literal may only specify known properties, but 'videoQuery' does not exist in type 'LessonSeed'. Did you mean to write 'videoUrl'?[0m [1m[35m[plugin angular-compiler][0m

    src/app/services/curriculum.service.ts:552:8:
[37m      552 │         [32mvideoQuery[37m: 'JavaScript functions uzbek',
          ╵         [32m~~~~~~~~~~[0m


[31mX [41;31m[[41;97mERROR[41;31m][0m [1mTS2561: Object literal may only specify known properties, but 'videoQuery' does not exist in type 'LessonSeed'. Did you mean to write 'videoUrl'?[0m [1m[35m[plugin angular-compiler][0m

    src/app/services/curriculum.service.ts:575:8:
[37m      575 │         [32mvideoQuery[37m: 'JavaScript DOM querySelector uzbek',
          ╵         [32m~~~~~~~~~~[0m


[31mX [41;31m[[41;97mERROR[41;31m][0m [1mTS2561: Object literal may only specify known properties, but 'videoQuery' does not exist in type 'LessonSeed'. Did you mean to write 'videoUrl'?[0m [1m[35m[plugin angular-compiler][0m

    src/app/services/curriculum.service.ts:597:8:
[37m      597 │         [32mvideoQuery[37m: 'JavaScript addEventListener form validation ...
          ╵         [32m~~~~~~~~~~[0m


[31mX [41;31m[[41;97mERROR[41;31m][0m [1mTS2561: Object literal may only specify known properties, but 'videoQuery' does not exist in type 'LessonSeed'. Did you mean to write 'videoUrl'?[0m [1m[35m[plugin angular-compiler][0m

    src/app/services/curriculum.service.ts:623:8:
[37m      623 │         [32mvideoQuery[37m: 'JavaScript localStorage JSON uzbek',
          ╵         [32m~~~~~~~~~~[0m


[31mX [41;31m[[41;97mERROR[41;31m][0m [1mTS2561: Object literal may only specify known properties, but 'videoQuery' does not exist in type 'LessonSeed'. Did you mean to write 'videoUrl'?[0m [1m[35m[plugin angular-compiler][0m

    src/app/services/curriculum.service.ts:643:8:
[37m      643 │         [32mvideoQuery[37m: 'JavaScript fetch API async await uzbek',
          ╵         [32m~~~~~~~~~~[0m


[31mX [41;31m[[41;97mERROR[41;31m][0m [1mTS2561: Object literal may only specify known properties, but 'videoQuery' does not exist in type 'LessonSeed'. Did you mean to write 'videoUrl'?[0m [1m[35m[plugin angular-compiler][0m

    src/app/services/curriculum.service.ts:698:8:
[37m      698 │         [32mvideoQuery[37m: 'Node.js 0 dan uzbek',
          ╵         [32m~~~~~~~~~~[0m


[31mX [41;31m[[41;97mERROR[41;31m][0m [1mTS2561: Object literal may only specify known properties, but 'videoQuery' does not exist in type 'LessonSeed'. Did you mean to write 'videoUrl'?[0m [1m[35m[plugin angular-compiler][0m

    src/app/services/curriculum.service.ts:723:8:
[37m      723 │         [32mvideoQuery[37m: 'REST API Node.js uzbek',
          ╵         [32m~~~~~~~~~~[0m


[31mX [41;31m[[41;97mERROR[41;31m][0m [1mTS2561: Object literal may only specify known properties, but 'videoQuery' does not exist in type 'LessonSeed'. Did you mean to write 'videoUrl'?[0m [1m[35m[plugin angular-compiler][0m

    src/app/services/curriculum.service.ts:746:8:
[37m      746 │         [32mvideoQuery[37m: 'Node.js register auth uzbek',
          ╵         [32m~~~~~~~~~~[0m


[31mX [41;31m[[41;97mERROR[41;31m][0m [1mTS2561: Object literal may only specify known properties, but 'videoQuery' does not exist in type 'LessonSeed'. Did you mean to write 'videoUrl'?[0m [1m[35m[plugin angular-compiler][0m

    src/app/services/curriculum.service.ts:767:8:
[37m      767 │         [32mvideoQuery[37m: 'Angular fetch API service uzbek',
          ╵         [32m~~~~~~~~~~[0m


[31mX [41;31m[[41;97mERROR[41;31m][0m [1mTS2561: Object literal may only specify known properties, but 'videoQuery' does not exist in type 'LessonSeed'. Did you mean to write 'videoUrl'?[0m [1m[35m[plugin angular-compiler][0m

    src/app/services/curriculum.service.ts:788:8:
[37m      788 │         [32mvideoQuery[37m: 'Node.js clean code validation error handling...
          ╵         [32m~~~~~~~~~~[0m


[31mX [41;31m[[41;97mERROR[41;31m][0m [1mTS2561: Object literal may only specify known properties, but 'videoQuery' does not exist in type 'LessonSeed'. Did you mean to write 'videoUrl'?[0m [1m[35m[plugin angular-compiler][0m

    src/app/services/curriculum.service.ts:811:8:
[37m      811 │         [32mvideoQuery[37m: 'Git 0 dan uzbek',
          ╵         [32m~~~~~~~~~~[0m


[31mX [41;31m[[41;97mERROR[41;31m][0m [1mTS2561: Object literal may only specify known properties, but 'videoQuery' does not exist in type 'LessonSeed'. Did you mean to write 'videoUrl'?[0m [1m[35m[plugin angular-compiler][0m

    src/app/services/curriculum.service.ts:834:8:
[37m      834 │         [32mvideoQuery[37m: 'GitHub account repo push uzbek',
          ╵         [32m~~~~~~~~~~[0m


[31mX [41;31m[[41;97mERROR[41;31m][0m [1mTS2561: Object literal may only specify known properties, but 'videoQuery' does not exist in type 'LessonSeed'. Did you mean to write 'videoUrl'?[0m [1m[35m[plugin angular-compiler][0m

    src/app/services/curriculum.service.ts:852:8:
[37m      852 │         [32mvideoQuery[37m: 'Git branch merge conflict uzbek',
          ╵         [32m~~~~~~~~~~[0m


[31mX [41;31m[[41;97mERROR[41;31m][0m [1mTS2561: Object literal may only specify known properties, but 'videoQuery' does not exist in type 'LessonSeed'. Did you mean to write 'videoUrl'?[0m [1m[35m[plugin angular-compiler][0m

    src/app/services/curriculum.service.ts:875:8:
[37m      875 │         [32mvideoQuery[37m: 'GitHub pull request code review uzbek',
          ╵         [32m~~~~~~~~~~[0m


[31mX [41;31m[[41;97mERROR[41;31m][0m [1mTS2561: Object literal may only specify known properties, but 'videoQuery' does not exist in type 'LessonSeed'. Did you mean to write 'videoUrl'?[0m [1m[35m[plugin angular-compiler][0m

    src/app/services/curriculum.service.ts:897:8:
[37m      897 │         [32mvideoQuery[37m: 'GitHub Pages deploy uzbek',
          ╵         [32m~~~~~~~~~~[0m


[31mX [41;31m[[41;97mERROR[41;31m][0m [1mTS2561: Object literal may only specify known properties, but 'videoQuery' does not exist in type 'LessonSeed'. Did you mean to write 'videoUrl'?[0m [1m[35m[plugin angular-compiler][0m

    src/app/services/curriculum.service.ts:916:8:
[37m      916 │         [32mvideoQuery[37m: 'Junior frontend portfolio final project uzbek',
          ╵         [32m~~~~~~~~~~[0m

[39m[22m
[1m[31m[31mX [41;31m[[41;97mERROR[41;31m][0m [1mNG8004: No pipe found with name 'date'.
To fix this, import the "DatePipe" class from "@angular/common" and add it to the "imports" array of the component.[0m [1m[35m[plugin angular-compiler][0m

    src/app/pages/certificate/certificate.html:81:53:
[37m      81 │ ...             <p>{{ certificate.issuedAt | [32mdate[37m:'dd.MM.yyyy' }}</p>
         ╵                                              [32m~~~~[0m

  Error occurs in the template of component CertificateComponent.

    src/app/pages/certificate/certificate.ts:19:17:
[37m      19 │     templateUrl: [32m'./certificate.html'[37m,
         ╵                  [32m~~~~~~~~~~~~~~~~~~~~[0m


[31mX [41;31m[[41;97mERROR[41;31m][0m [1mTS2561: Object literal may only specify known properties, but 'videoQuery' does not exist in type 'LessonSeed'. Did you mean to write 'videoUrl'?[0m [1m[35m[plugin angular-compiler][0m

    src/app/services/curriculum.service.ts:91:8:
[37m      91 │         [32mvideoQuery[37m: 'Chrome DevTools uzbek',
         ╵         [32m~~~~~~~~~~[0m


[31mX [41;31m[[41;97mERROR[41;31m][0m [1mTS2561: Object literal may only specify known properties, but 'videoQuery' does not exist in type 'LessonSeed'. Did you mean to write 'videoUrl'?[0m [1m[35m[plugin angular-compiler][0m

    src/app/services/curriculum.service.ts:111:8:
[37m      111 │         [32mvideoQuery[37m: 'frontend project folder structure uzbek',
          ╵         [32m~~~~~~~~~~[0m


[31mX [41;31m[[41;97mERROR[41;31m][0m [1mTS2561: Object literal may only specify known properties, but 'videoQuery' does not exist in type 'LessonSeed'. Did you mean to write 'videoUrl'?[0m [1m[35m[plugin angular-compiler][0m

    src/app/services/curriculum.service.ts:136:8:
[37m      136 │         [32mvideoQuery[37m: 'frontend backend API nima uzbek',
          ╵         [32m~~~~~~~~~~[0m


[31mX [41;31m[[41;97mERROR[41;31m][0m [1mTS2561: Object literal may only specify known properties, but 'videoQuery' does not exist in type 'LessonSeed'. Did you mean to write 'videoUrl'?[0m [1m[35m[plugin angular-compiler][0m

    src/app/services/curriculum.service.ts:160:8:
[37m      160 │         [32mvideoQuery[37m: 'HTML 0 dan',
          ╵         [32m~~~~~~~~~~[0m


[31mX [41;31m[[41;97mERROR[41;31m][0m [1mTS2561: Object literal may only specify known properties, but 'videoQuery' does not exist in type 'LessonSeed'. Did you mean to write 'videoUrl'?[0m [1m[35m[plugin angular-compiler][0m

    src/app/services/curriculum.service.ts:189:8:
[37m      189 │         [32mvideoQuery[37m: 'HTML h1 p ul ol li uzbek',
          ╵         [32m~~~~~~~~~~[0m


[31mX [41;31m[[41;97mERROR[41;31m][0m [1mTS2561: Object literal may only specify known properties, but 'videoQuery' does not exist in type 'LessonSeed'. Did you mean to write 'videoUrl'?[0m [1m[35m[plugin angular-compiler][0m

    src/app/services/curriculum.service.ts:216:8:
[37m      216 │         [32mvideoQuery[37m: 'HTML link image alt uzbek',
          ╵         [32m~~~~~~~~~~[0m


[31mX [41;31m[[41;97mERROR[41;31m][0m [1mTS2561: Object literal may only specify known properties, but 'videoQuery' does not exist in type 'LessonSeed'. Did you mean to write 'videoUrl'?[0m [1m[35m[plugin angular-compiler][0m

    src/app/services/curriculum.service.ts:240:8:
[37m      240 │         [32mvideoQuery[37m: 'HTML form input label uzbek',
          ╵         [32m~~~~~~~~~~[0m


[31mX [41;31m[[41;97mERROR[41;31m][0m [1mTS2561: Object literal may only specify known properties, but 'videoQuery' does not exist in type 'LessonSeed'. Did you mean to write 'videoUrl'?[0m [1m[35m[plugin angular-compiler][0m

    src/app/services/curriculum.service.ts:270:8:
[37m      270 │         [32mvideoQuery[37m: 'semantic HTML uzbek',
          ╵         [32m~~~~~~~~~~[0m


[31mX [41;31m[[41;97mERROR[41;31m][0m [1mTS2561: Object literal may only specify known properties, but 'videoQuery' does not exist in type 'LessonSeed'. Did you mean to write 'videoUrl'?[0m [1m[35m[plugin angular-compiler][0m

    src/app/services/curriculum.service.ts:304:8:
[37m      304 │         [32mvideoQuery[37m: 'HTML portfolio project uzbek',
          ╵         [32m~~~~~~~~~~[0m


[31mX [41;31m[[41;97mERROR[41;31m][0m [1mTS2561: Object literal may only specify known properties, but 'videoQuery' does not exist in type 'LessonSeed'. Did you mean to write 'videoUrl'?[0m [1m[35m[plugin angular-compiler][0m

    src/app/services/curriculum.service.ts:338:8:
[37m      338 │         [32mvideoQuery[37m: 'CSS 0 dan uzbek',
          ╵         [32m~~~~~~~~~~[0m


[31mX [41;31m[[41;97mERROR[41;31m][0m [1mTS2561: Object literal may only specify known properties, but 'videoQuery' does not exist in type 'LessonSeed'. Did you mean to write 'videoUrl'?[0m [1m[35m[plugin angular-compiler][0m

    src/app/services/curriculum.service.ts:367:8:
[37m      367 │         [32mvideoQuery[37m: 'CSS box model uzbek',
          ╵         [32m~~~~~~~~~~[0m


[31mX [41;31m[[41;97mERROR[41;31m][0m [1mTS2561: Object literal may only specify known properties, but 'videoQuery' does not exist in type 'LessonSeed'. Did you mean to write 'videoUrl'?[0m [1m[35m[plugin angular-compiler][0m

    src/app/services/curriculum.service.ts:395:8:
[37m      395 │         [32mvideoQuery[37m: 'CSS Flexbox uzbek',
          ╵         [32m~~~~~~~~~~[0m


[31mX [41;31m[[41;97mERROR[41;31m][0m [1mTS2561: Object literal may only specify known properties, but 'videoQuery' does not exist in type 'LessonSeed'. Did you mean to write 'videoUrl'?[0m [1m[35m[plugin angular-compiler][0m

    src/app/services/curriculum.service.ts:430:8:
[37m      430 │         [32mvideoQuery[37m: 'CSS Grid uzbek',
          ╵         [32m~~~~~~~~~~[0m


[31mX [41;31m[[41;97mERROR[41;31m][0m [1mTS2561: Object literal may only specify known properties, but 'videoQuery' does not exist in type 'LessonSeed'. Did you mean to write 'videoUrl'?[0m [1m[35m[plugin angular-compiler][0m

    src/app/services/curriculum.service.ts:447:8:
[37m      447 │         [32mvideoQuery[37m: 'responsive design media query uzbek',
          ╵         [32m~~~~~~~~~~[0m


[31mX [41;31m[[41;97mERROR[41;31m][0m [1mTS2561: Object literal may only specify known properties, but 'videoQuery' does not exist in type 'LessonSeed'. Did you mean to write 'videoUrl'?[0m [1m[35m[plugin angular-compiler][0m

    src/app/services/curriculum.service.ts:471:8:
[37m      471 │         [32mvideoQuery[37m: 'CSS portfolio design uzbek',
          ╵         [32m~~~~~~~~~~[0m


[31mX [41;31m[[41;97mERROR[41;31m][0m [1mTS2561: Object literal may only specify known properties, but 'videoQuery' does not exist in type 'LessonSeed'. Did you mean to write 'videoUrl'?[0m [1m[35m[plugin angular-compiler][0m

    src/app/services/curriculum.service.ts:500:8:
[37m      500 │         [32mvideoQuery[37m: 'JavaScript 0 dan uzbek',
          ╵         [32m~~~~~~~~~~[0m


[31mX [41;31m[[41;97mERROR[41;31m][0m [1mTS2561: Object literal may only specify known properties, but 'videoQuery' does not exist in type 'LessonSeed'. Did you mean to write 'videoUrl'?[0m [1m[35m[plugin angular-compiler][0m

    src/app/services/curriculum.service.ts:527:8:
[37m      527 │         [32mvideoQuery[37m: 'JavaScript if else for loop uzbek',
          ╵         [32m~~~~~~~~~~[0m


[31mX [41;31m[[41;97mERROR[41;31m][0m [1mTS2561: Object literal may only specify known properties, but 'videoQuery' does not exist in type 'LessonSeed'. Did you mean to write 'videoUrl'?[0m [1m[35m[plugin angular-compiler][0m

    src/app/services/curriculum.service.ts:552:8:
[37m      552 │         [32mvideoQuery[37m: 'JavaScript functions uzbek',
          ╵         [32m~~~~~~~~~~[0m


[31mX [41;31m[[41;97mERROR[41;31m][0m [1mTS2561: Object literal may only specify known properties, but 'videoQuery' does not exist in type 'LessonSeed'. Did you mean to write 'videoUrl'?[0m [1m[35m[plugin angular-compiler][0m

    src/app/services/curriculum.service.ts:575:8:
[37m      575 │         [32mvideoQuery[37m: 'JavaScript DOM querySelector uzbek',
          ╵         [32m~~~~~~~~~~[0m


[31mX [41;31m[[41;97mERROR[41;31m][0m [1mTS2561: Object literal may only specify known properties, but 'videoQuery' does not exist in type 'LessonSeed'. Did you mean to write 'videoUrl'?[0m [1m[35m[plugin angular-compiler][0m

    src/app/services/curriculum.service.ts:597:8:
[37m      597 │         [32mvideoQuery[37m: 'JavaScript addEventListener form validation ...
          ╵         [32m~~~~~~~~~~[0m


[31mX [41;31m[[41;97mERROR[41;31m][0m [1mTS2561: Object literal may only specify known properties, but 'videoQuery' does not exist in type 'LessonSeed'. Did you mean to write 'videoUrl'?[0m [1m[35m[plugin angular-compiler][0m

    src/app/services/curriculum.service.ts:623:8:
[37m      623 │         [32mvideoQuery[37m: 'JavaScript localStorage JSON uzbek',
          ╵         [32m~~~~~~~~~~[0m


[31mX [41;31m[[41;97mERROR[41;31m][0m [1mTS2561: Object literal may only specify known properties, but 'videoQuery' does not exist in type 'LessonSeed'. Did you mean to write 'videoUrl'?[0m [1m[35m[plugin angular-compiler][0m

    src/app/services/curriculum.service.ts:643:8:
[37m      643 │         [32mvideoQuery[37m: 'JavaScript fetch API async await uzbek',
          ╵         [32m~~~~~~~~~~[0m


[31mX [41;31m[[41;97mERROR[41;31m][0m [1mTS2561: Object literal may only specify known properties, but 'videoQuery' does not exist in type 'LessonSeed'. Did you mean to write 'videoUrl'?[0m [1m[35m[plugin angular-compiler][0m

    src/app/services/curriculum.service.ts:698:8:
[37m      698 │         [32mvideoQuery[37m: 'Node.js 0 dan uzbek',
          ╵         [32m~~~~~~~~~~[0m


[31mX [41;31m[[41;97mERROR[41;31m][0m [1mTS2561: Object literal may only specify known properties, but 'videoQuery' does not exist in type 'LessonSeed'. Did you mean to write 'videoUrl'?[0m [1m[35m[plugin angular-compiler][0m

    src/app/services/curriculum.service.ts:723:8:
[37m      723 │         [32mvideoQuery[37m: 'REST API Node.js uzbek',
          ╵         [32m~~~~~~~~~~[0m


[31mX [41;31m[[41;97mERROR[41;31m][0m [1mTS2561: Object literal may only specify known properties, but 'videoQuery' does not exist in type 'LessonSeed'. Did you mean to write 'videoUrl'?[0m [1m[35m[plugin angular-compiler][0m

    src/app/services/curriculum.service.ts:746:8:
[37m      746 │         [32mvideoQuery[37m: 'Node.js register auth uzbek',
          ╵         [32m~~~~~~~~~~[0m


[31mX [41;31m[[41;97mERROR[41;31m][0m [1mTS2561: Object literal may only specify known properties, but 'videoQuery' does not exist in type 'LessonSeed'. Did you mean to write 'videoUrl'?[0m [1m[35m[plugin angular-compiler][0m

    src/app/services/curriculum.service.ts:767:8:
[37m      767 │         [32mvideoQuery[37m: 'Angular fetch API service uzbek',
          ╵         [32m~~~~~~~~~~[0m


[31mX [41;31m[[41;97mERROR[41;31m][0m [1mTS2561: Object literal may only specify known properties, but 'videoQuery' does not exist in type 'LessonSeed'. Did you mean to write 'videoUrl'?[0m [1m[35m[plugin angular-compiler][0m

    src/app/services/curriculum.service.ts:788:8:
[37m      788 │         [32mvideoQuery[37m: 'Node.js clean code validation error handling...
          ╵         [32m~~~~~~~~~~[0m


[31mX [41;31m[[41;97mERROR[41;31m][0m [1mTS2561: Object literal may only specify known properties, but 'videoQuery' does not exist in type 'LessonSeed'. Did you mean to write 'videoUrl'?[0m [1m[35m[plugin angular-compiler][0m

    src/app/services/curriculum.service.ts:811:8:
[37m      811 │         [32mvideoQuery[37m: 'Git 0 dan uzbek',
          ╵         [32m~~~~~~~~~~[0m


[31mX [41;31m[[41;97mERROR[41;31m][0m [1mTS2561: Object literal may only specify known properties, but 'videoQuery' does not exist in type 'LessonSeed'. Did you mean to write 'videoUrl'?[0m [1m[35m[plugin angular-compiler][0m

    src/app/services/curriculum.service.ts:834:8:
[37m      834 │         [32mvideoQuery[37m: 'GitHub account repo push uzbek',
          ╵         [32m~~~~~~~~~~[0m


[31mX [41;31m[[41;97mERROR[41;31m][0m [1mTS2561: Object literal may only specify known properties, but 'videoQuery' does not exist in type 'LessonSeed'. Did you mean to write 'videoUrl'?[0m [1m[35m[plugin angular-compiler][0m

    src/app/services/curriculum.service.ts:852:8:
[37m      852 │         [32mvideoQuery[37m: 'Git branch merge conflict uzbek',
          ╵         [32m~~~~~~~~~~[0m


[31mX [41;31m[[41;97mERROR[41;31m][0m [1mTS2561: Object literal may only specify known properties, but 'videoQuery' does not exist in type 'LessonSeed'. Did you mean to write 'videoUrl'?[0m [1m[35m[plugin angular-compiler][0m

    src/app/services/curriculum.service.ts:875:8:
[37m      875 │         [32mvideoQuery[37m: 'GitHub pull request code review uzbek',
          ╵         [32m~~~~~~~~~~[0m


[31mX [41;31m[[41;97mERROR[41;31m][0m [1mTS2561: Object literal may only specify known properties, but 'videoQuery' does not exist in type 'LessonSeed'. Did you mean to write 'videoUrl'?[0m [1m[35m[plugin angular-compiler][0m

    src/app/services/curriculum.service.ts:897:8:
[37m      897 │         [32mvideoQuery[37m: 'GitHub Pages deploy uzbek',
          ╵         [32m~~~~~~~~~~[0m


[31mX [41;31m[[41;97mERROR[41;31m][0m [1mTS2561: Object literal may only specify known properties, but 'videoQuery' does not exist in type 'LessonSeed'. Did you mean to write 'videoUrl'?[0m [1m[35m[plugin angular-compiler][0m

    src/app/services/curriculum.service.ts:916:8:
[37m      916 │         [32mvideoQuery[37m: 'Junior frontend portfolio final project uzbek',
          ╵         [32m~~~~~~~~~~[0m

[39m[22m
[1m[31m[31mX [41;31m[[41;97mERROR[41;31m][0m [1mNG8004: No pipe found with name 'date'.
To fix this, import the "DatePipe" class from "@angular/common" and add it to the "imports" array of the component.[0m [1m[35m[plugin angular-compiler][0m

    src/app/pages/certificate/certificate.html:81:53:
[37m      81 │ ...             <p>{{ certificate.issuedAt | [32mdate[37m:'dd.MM.yyyy' }}</p>
         ╵                                              [32m~~~~[0m

  Error occurs in the template of component CertificateComponent.

    src/app/pages/certificate/certificate.ts:19:17:
[37m      19 │     templateUrl: [32m'./certificate.html'[37m,
         ╵                  [32m~~~~~~~~~~~~~~~~~~~~[0m


[31mX [41;31m[[41;97mERROR[41;31m][0m [1mTS2561: Object literal may only specify known properties, but 'videoQuery' does not exist in type 'LessonSeed'. Did you mean to write 'videoUrl'?[0m [1m[35m[plugin angular-compiler][0m

    src/app/services/curriculum.service.ts:91:8:
[37m      91 │         [32mvideoQuery[37m: 'Chrome DevTools uzbek',
         ╵         [32m~~~~~~~~~~[0m


[31mX [41;31m[[41;97mERROR[41;31m][0m [1mTS2561: Object literal may only specify known properties, but 'videoQuery' does not exist in type 'LessonSeed'. Did you mean to write 'videoUrl'?[0m [1m[35m[plugin angular-compiler][0m

    src/app/services/curriculum.service.ts:111:8:
[37m      111 │         [32mvideoQuery[37m: 'frontend project folder structure uzbek',
          ╵         [32m~~~~~~~~~~[0m


[31mX [41;31m[[41;97mERROR[41;31m][0m [1mTS2561: Object literal may only specify known properties, but 'videoQuery' does not exist in type 'LessonSeed'. Did you mean to write 'videoUrl'?[0m [1m[35m[plugin angular-compiler][0m

    src/app/services/curriculum.service.ts:136:8:
[37m      136 │         [32mvideoQuery[37m: 'frontend backend API nima uzbek',
          ╵         [32m~~~~~~~~~~[0m


[31mX [41;31m[[41;97mERROR[41;31m][0m [1mTS2561: Object literal may only specify known properties, but 'videoQuery' does not exist in type 'LessonSeed'. Did you mean to write 'videoUrl'?[0m [1m[35m[plugin angular-compiler][0m

    src/app/services/curriculum.service.ts:160:8:
[37m      160 │         [32mvideoQuery[37m: 'HTML 0 dan',
          ╵         [32m~~~~~~~~~~[0m


[31mX [41;31m[[41;97mERROR[41;31m][0m [1mTS2561: Object literal may only specify known properties, but 'videoQuery' does not exist in type 'LessonSeed'. Did you mean to write 'videoUrl'?[0m [1m[35m[plugin angular-compiler][0m

    src/app/services/curriculum.service.ts:189:8:
[37m      189 │         [32mvideoQuery[37m: 'HTML h1 p ul ol li uzbek',
          ╵         [32m~~~~~~~~~~[0m


[31mX [41;31m[[41;97mERROR[41;31m][0m [1mTS2561: Object literal may only specify known properties, but 'videoQuery' does not exist in type 'LessonSeed'. Did you mean to write 'videoUrl'?[0m [1m[35m[plugin angular-compiler][0m

    src/app/services/curriculum.service.ts:216:8:
[37m      216 │         [32mvideoQuery[37m: 'HTML link image alt uzbek',
          ╵         [32m~~~~~~~~~~[0m


[31mX [41;31m[[41;97mERROR[41;31m][0m [1mTS2561: Object literal may only specify known properties, but 'videoQuery' does not exist in type 'LessonSeed'. Did you mean to write 'videoUrl'?[0m [1m[35m[plugin angular-compiler][0m

    src/app/services/curriculum.service.ts:240:8:
[37m      240 │         [32mvideoQuery[37m: 'HTML form input label uzbek',
          ╵         [32m~~~~~~~~~~[0m


[31mX [41;31m[[41;97mERROR[41;31m][0m [1mTS2561: Object literal may only specify known properties, but 'videoQuery' does not exist in type 'LessonSeed'. Did you mean to write 'videoUrl'?[0m [1m[35m[plugin angular-compiler][0m

    src/app/services/curriculum.service.ts:270:8:
[37m      270 │         [32mvideoQuery[37m: 'semantic HTML uzbek',
          ╵         [32m~~~~~~~~~~[0m


[31mX [41;31m[[41;97mERROR[41;31m][0m [1mTS2561: Object literal may only specify known properties, but 'videoQuery' does not exist in type 'LessonSeed'. Did you mean to write 'videoUrl'?[0m [1m[35m[plugin angular-compiler][0m

    src/app/services/curriculum.service.ts:304:8:
[37m      304 │         [32mvideoQuery[37m: 'HTML portfolio project uzbek',
          ╵         [32m~~~~~~~~~~[0m


[31mX [41;31m[[41;97mERROR[41;31m][0m [1mTS2561: Object literal may only specify known properties, but 'videoQuery' does not exist in type 'LessonSeed'. Did you mean to write 'videoUrl'?[0m [1m[35m[plugin angular-compiler][0m

    src/app/services/curriculum.service.ts:338:8:
[37m      338 │         [32mvideoQuery[37m: 'CSS 0 dan uzbek',
          ╵         [32m~~~~~~~~~~[0m


[31mX [41;31m[[41;97mERROR[41;31m][0m [1mTS2561: Object literal may only specify known properties, but 'videoQuery' does not exist in type 'LessonSeed'. Did you mean to write 'videoUrl'?[0m [1m[35m[plugin angular-compiler][0m

    src/app/services/curriculum.service.ts:367:8:
[37m      367 │         [32mvideoQuery[37m: 'CSS box model uzbek',
          ╵         [32m~~~~~~~~~~[0m


[31mX [41;31m[[41;97mERROR[41;31m][0m [1mTS2561: Object literal may only specify known properties, but 'videoQuery' does not exist in type 'LessonSeed'. Did you mean to write 'videoUrl'?[0m [1m[35m[plugin angular-compiler][0m

    src/app/services/curriculum.service.ts:395:8:
[37m      395 │         [32mvideoQuery[37m: 'CSS Flexbox uzbek',
          ╵         [32m~~~~~~~~~~[0m


[31mX [41;31m[[41;97mERROR[41;31m][0m [1mTS2561: Object literal may only specify known properties, but 'videoQuery' does not exist in type 'LessonSeed'. Did you mean to write 'videoUrl'?[0m [1m[35m[plugin angular-compiler][0m

    src/app/services/curriculum.service.ts:430:8:
[37m      430 │         [32mvideoQuery[37m: 'CSS Grid uzbek',
          ╵         [32m~~~~~~~~~~[0m


[31mX [41;31m[[41;97mERROR[41;31m][0m [1mTS2561: Object literal may only specify known properties, but 'videoQuery' does not exist in type 'LessonSeed'. Did you mean to write 'videoUrl'?[0m [1m[35m[plugin angular-compiler][0m

    src/app/services/curriculum.service.ts:447:8:
[37m      447 │         [32mvideoQuery[37m: 'responsive design media query uzbek',
          ╵         [32m~~~~~~~~~~[0m


[31mX [41;31m[[41;97mERROR[41;31m][0m [1mTS2561: Object literal may only specify known properties, but 'videoQuery' does not exist in type 'LessonSeed'. Did you mean to write 'videoUrl'?[0m [1m[35m[plugin angular-compiler][0m

    src/app/services/curriculum.service.ts:471:8:
[37m      471 │         [32mvideoQuery[37m: 'CSS portfolio design uzbek',
          ╵         [32m~~~~~~~~~~[0m


[31mX [41;31m[[41;97mERROR[41;31m][0m [1mTS2561: Object literal may only specify known properties, but 'videoQuery' does not exist in type 'LessonSeed'. Did you mean to write 'videoUrl'?[0m [1m[35m[plugin angular-compiler][0m

    src/app/services/curriculum.service.ts:500:8:
[37m      500 │         [32mvideoQuery[37m: 'JavaScript 0 dan uzbek',
          ╵         [32m~~~~~~~~~~[0m


[31mX [41;31m[[41;97mERROR[41;31m][0m [1mTS2561: Object literal may only specify known properties, but 'videoQuery' does not exist in type 'LessonSeed'. Did you mean to write 'videoUrl'?[0m [1m[35m[plugin angular-compiler][0m

    src/app/services/curriculum.service.ts:527:8:
[37m      527 │         [32mvideoQuery[37m: 'JavaScript if else for loop uzbek',
          ╵         [32m~~~~~~~~~~[0m


[31mX [41;31m[[41;97mERROR[41;31m][0m [1mTS2561: Object literal may only specify known properties, but 'videoQuery' does not exist in type 'LessonSeed'. Did you mean to write 'videoUrl'?[0m [1m[35m[plugin angular-compiler][0m

    src/app/services/curriculum.service.ts:552:8:
[37m      552 │         [32mvideoQuery[37m: 'JavaScript functions uzbek',
          ╵         [32m~~~~~~~~~~[0m


[31mX [41;31m[[41;97mERROR[41;31m][0m [1mTS2561: Object literal may only specify known properties, but 'videoQuery' does not exist in type 'LessonSeed'. Did you mean to write 'videoUrl'?[0m [1m[35m[plugin angular-compiler][0m

    src/app/services/curriculum.service.ts:575:8:
[37m      575 │         [32mvideoQuery[37m: 'JavaScript DOM querySelector uzbek',
          ╵         [32m~~~~~~~~~~[0m


[31mX [41;31m[[41;97mERROR[41;31m][0m [1mTS2561: Object literal may only specify known properties, but 'videoQuery' does not exist in type 'LessonSeed'. Did you mean to write 'videoUrl'?[0m [1m[35m[plugin angular-compiler][0m

    src/app/services/curriculum.service.ts:597:8:
[37m      597 │         [32mvideoQuery[37m: 'JavaScript addEventListener form validation ...
          ╵         [32m~~~~~~~~~~[0m


[31mX [41;31m[[41;97mERROR[41;31m][0m [1mTS2561: Object literal may only specify known properties, but 'videoQuery' does not exist in type 'LessonSeed'. Did you mean to write 'videoUrl'?[0m [1m[35m[plugin angular-compiler][0m

    src/app/services/curriculum.service.ts:623:8:
[37m      623 │         [32mvideoQuery[37m: 'JavaScript localStorage JSON uzbek',
          ╵         [32m~~~~~~~~~~[0m


[31mX [41;31m[[41;97mERROR[41;31m][0m [1mTS2561: Object literal may only specify known properties, but 'videoQuery' does not exist in type 'LessonSeed'. Did you mean to write 'videoUrl'?[0m [1m[35m[plugin angular-compiler][0m

    src/app/services/curriculum.service.ts:643:8:
[37m      643 │         [32mvideoQuery[37m: 'JavaScript fetch API async await uzbek',
          ╵         [32m~~~~~~~~~~[0m


[31mX [41;31m[[41;97mERROR[41;31m][0m [1mTS2561: Object literal may only specify known properties, but 'videoQuery' does not exist in type 'LessonSeed'. Did you mean to write 'videoUrl'?[0m [1m[35m[plugin angular-compiler][0m

    src/app/services/curriculum.service.ts:698:8:
[37m      698 │         [32mvideoQuery[37m: 'Node.js 0 dan uzbek',
          ╵         [32m~~~~~~~~~~[0m


[31mX [41;31m[[41;97mERROR[41;31m][0m [1mTS2561: Object literal may only specify known properties, but 'videoQuery' does not exist in type 'LessonSeed'. Did you mean to write 'videoUrl'?[0m [1m[35m[plugin angular-compiler][0m

    src/app/services/curriculum.service.ts:723:8:
[37m      723 │         [32mvideoQuery[37m: 'REST API Node.js uzbek',
          ╵         [32m~~~~~~~~~~[0m


[31mX [41;31m[[41;97mERROR[41;31m][0m [1mTS2561: Object literal may only specify known properties, but 'videoQuery' does not exist in type 'LessonSeed'. Did you mean to write 'videoUrl'?[0m [1m[35m[plugin angular-compiler][0m

    src/app/services/curriculum.service.ts:746:8:
[37m      746 │         [32mvideoQuery[37m: 'Node.js register auth uzbek',
          ╵         [32m~~~~~~~~~~[0m


[31mX [41;31m[[41;97mERROR[41;31m][0m [1mTS2561: Object literal may only specify known properties, but 'videoQuery' does not exist in type 'LessonSeed'. Did you mean to write 'videoUrl'?[0m [1m[35m[plugin angular-compiler][0m

    src/app/services/curriculum.service.ts:767:8:
[37m      767 │         [32mvideoQuery[37m: 'Angular fetch API service uzbek',
          ╵         [32m~~~~~~~~~~[0m


[31mX [41;31m[[41;97mERROR[41;31m][0m [1mTS2561: Object literal may only specify known properties, but 'videoQuery' does not exist in type 'LessonSeed'. Did you mean to write 'videoUrl'?[0m [1m[35m[plugin angular-compiler][0m

    src/app/services/curriculum.service.ts:788:8:
[37m      788 │         [32mvideoQuery[37m: 'Node.js clean code validation error handling...
          ╵         [32m~~~~~~~~~~[0m


[31mX [41;31m[[41;97mERROR[41;31m][0m [1mTS2561: Object literal may only specify known properties, but 'videoQuery' does not exist in type 'LessonSeed'. Did you mean to write 'videoUrl'?[0m [1m[35m[plugin angular-compiler][0m

    src/app/services/curriculum.service.ts:811:8:
[37m      811 │         [32mvideoQuery[37m: 'Git 0 dan uzbek',
          ╵         [32m~~~~~~~~~~[0m


[31mX [41;31m[[41;97mERROR[41;31m][0m [1mTS2561: Object literal may only specify known properties, but 'videoQuery' does not exist in type 'LessonSeed'. Did you mean to write 'videoUrl'?[0m [1m[35m[plugin angular-compiler][0m

    src/app/services/curriculum.service.ts:834:8:
[37m      834 │         [32mvideoQuery[37m: 'GitHub account repo push uzbek',
          ╵         [32m~~~~~~~~~~[0m


[31mX [41;31m[[41;97mERROR[41;31m][0m [1mTS2561: Object literal may only specify known properties, but 'videoQuery' does not exist in type 'LessonSeed'. Did you mean to write 'videoUrl'?[0m [1m[35m[plugin angular-compiler][0m

    src/app/services/curriculum.service.ts:852:8:
[37m      852 │         [32mvideoQuery[37m: 'Git branch merge conflict uzbek',
          ╵         [32m~~~~~~~~~~[0m


[31mX [41;31m[[41;97mERROR[41;31m][0m [1mTS2561: Object literal may only specify known properties, but 'videoQuery' does not exist in type 'LessonSeed'. Did you mean to write 'videoUrl'?[0m [1m[35m[plugin angular-compiler][0m

    src/app/services/curriculum.service.ts:875:8:
[37m      875 │         [32mvideoQuery[37m: 'GitHub pull request code review uzbek',
          ╵         [32m~~~~~~~~~~[0m


[31mX [41;31m[[41;97mERROR[41;31m][0m [1mTS2561: Object literal may only specify known properties, but 'videoQuery' does not exist in type 'LessonSeed'. Did you mean to write 'videoUrl'?[0m [1m[35m[plugin angular-compiler][0m

    src/app/services/curriculum.service.ts:897:8:
[37m      897 │         [32mvideoQuery[37m: 'GitHub Pages deploy uzbek',
          ╵         [32m~~~~~~~~~~[0m


[31mX [41;31m[[41;97mERROR[41;31m][0m [1mTS2561: Object literal may only specify known properties, but 'videoQuery' does not exist in type 'LessonSeed'. Did you mean to write 'videoUrl'?[0m [1m[35m[plugin angular-compiler][0m

    src/app/services/curriculum.service.ts:916:8:
[37m      916 │         [32mvideoQuery[37m: 'Junior frontend portfolio final project uzbek',
          ╵         [32m~~~~~~~~~~[0m

[39m[22m
[1m[31m[31mX [41;31m[[41;97mERROR[41;31m][0m [1mNG8004: No pipe found with name 'date'.
To fix this, import the "DatePipe" class from "@angular/common" and add it to the "imports" array of the component.[0m [1m[35m[plugin angular-compiler][0m

    src/app/pages/certificate/certificate.html:81:53:
[37m      81 │ ...             <p>{{ certificate.issuedAt | [32mdate[37m:'dd.MM.yyyy' }}</p>
         ╵                                              [32m~~~~[0m

  Error occurs in the template of component CertificateComponent.

    src/app/pages/certificate/certificate.ts:19:17:
[37m      19 │     templateUrl: [32m'./certificate.html'[37m,
         ╵                  [32m~~~~~~~~~~~~~~~~~~~~[0m


[31mX [41;31m[[41;97mERROR[41;31m][0m [1mTS2561: Object literal may only specify known properties, but 'videoQuery' does not exist in type 'LessonSeed'. Did you mean to write 'videoUrl'?[0m [1m[35m[plugin angular-compiler][0m

    src/app/services/curriculum.service.ts:91:8:
[37m      91 │         [32mvideoQuery[37m: 'Chrome DevTools uzbek',
         ╵         [32m~~~~~~~~~~[0m


[31mX [41;31m[[41;97mERROR[41;31m][0m [1mTS2561: Object literal may only specify known properties, but 'videoQuery' does not exist in type 'LessonSeed'. Did you mean to write 'videoUrl'?[0m [1m[35m[plugin angular-compiler][0m

    src/app/services/curriculum.service.ts:111:8:
[37m      111 │         [32mvideoQuery[37m: 'frontend project folder structure uzbek',
          ╵         [32m~~~~~~~~~~[0m


[31mX [41;31m[[41;97mERROR[41;31m][0m [1mTS2561: Object literal may only specify known properties, but 'videoQuery' does not exist in type 'LessonSeed'. Did you mean to write 'videoUrl'?[0m [1m[35m[plugin angular-compiler][0m

    src/app/services/curriculum.service.ts:136:8:
[37m      136 │         [32mvideoQuery[37m: 'frontend backend API nima uzbek',
          ╵         [32m~~~~~~~~~~[0m


[31mX [41;31m[[41;97mERROR[41;31m][0m [1mTS2561: Object literal may only specify known properties, but 'videoQuery' does not exist in type 'LessonSeed'. Did you mean to write 'videoUrl'?[0m [1m[35m[plugin angular-compiler][0m

    src/app/services/curriculum.service.ts:160:8:
[37m      160 │         [32mvideoQuery[37m: 'HTML 0 dan',
          ╵         [32m~~~~~~~~~~[0m


[31mX [41;31m[[41;97mERROR[41;31m][0m [1mTS2561: Object literal may only specify known properties, but 'videoQuery' does not exist in type 'LessonSeed'. Did you mean to write 'videoUrl'?[0m [1m[35m[plugin angular-compiler][0m

    src/app/services/curriculum.service.ts:189:8:
[37m      189 │         [32mvideoQuery[37m: 'HTML h1 p ul ol li uzbek',
          ╵         [32m~~~~~~~~~~[0m


[31mX [41;31m[[41;97mERROR[41;31m][0m [1mTS2561: Object literal may only specify known properties, but 'videoQuery' does not exist in type 'LessonSeed'. Did you mean to write 'videoUrl'?[0m [1m[35m[plugin angular-compiler][0m

    src/app/services/curriculum.service.ts:216:8:
[37m      216 │         [32mvideoQuery[37m: 'HTML link image alt uzbek',
          ╵         [32m~~~~~~~~~~[0m


[31mX [41;31m[[41;97mERROR[41;31m][0m [1mTS2561: Object literal may only specify known properties, but 'videoQuery' does not exist in type 'LessonSeed'. Did you mean to write 'videoUrl'?[0m [1m[35m[plugin angular-compiler][0m

    src/app/services/curriculum.service.ts:240:8:
[37m      240 │         [32mvideoQuery[37m: 'HTML form input label uzbek',
          ╵         [32m~~~~~~~~~~[0m


[31mX [41;31m[[41;97mERROR[41;31m][0m [1mTS2561: Object literal may only specify known properties, but 'videoQuery' does not exist in type 'LessonSeed'. Did you mean to write 'videoUrl'?[0m [1m[35m[plugin angular-compiler][0m

    src/app/services/curriculum.service.ts:270:8:
[37m      270 │         [32mvideoQuery[37m: 'semantic HTML uzbek',
          ╵         [32m~~~~~~~~~~[0m


[31mX [41;31m[[41;97mERROR[41;31m][0m [1mTS2561: Object literal may only specify known properties, but 'videoQuery' does not exist in type 'LessonSeed'. Did you mean to write 'videoUrl'?[0m [1m[35m[plugin angular-compiler][0m

    src/app/services/curriculum.service.ts:304:8:
[37m      304 │         [32mvideoQuery[37m: 'HTML portfolio project uzbek',
          ╵         [32m~~~~~~~~~~[0m


[31mX [41;31m[[41;97mERROR[41;31m][0m [1mTS2561: Object literal may only specify known properties, but 'videoQuery' does not exist in type 'LessonSeed'. Did you mean to write 'videoUrl'?[0m [1m[35m[plugin angular-compiler][0m

    src/app/services/curriculum.service.ts:338:8:
[37m      338 │         [32mvideoQuery[37m: 'CSS 0 dan uzbek',
          ╵         [32m~~~~~~~~~~[0m


[31mX [41;31m[[41;97mERROR[41;31m][0m [1mTS2561: Object literal may only specify known properties, but 'videoQuery' does not exist in type 'LessonSeed'. Did you mean to write 'videoUrl'?[0m [1m[35m[plugin angular-compiler][0m

    src/app/services/curriculum.service.ts:367:8:
[37m      367 │         [32mvideoQuery[37m: 'CSS box model uzbek',
          ╵         [32m~~~~~~~~~~[0m


[31mX [41;31m[[41;97mERROR[41;31m][0m [1mTS2561: Object literal may only specify known properties, but 'videoQuery' does not exist in type 'LessonSeed'. Did you mean to write 'videoUrl'?[0m [1m[35m[plugin angular-compiler][0m

    src/app/services/curriculum.service.ts:395:8:
[37m      395 │         [32mvideoQuery[37m: 'CSS Flexbox uzbek',
          ╵         [32m~~~~~~~~~~[0m


[31mX [41;31m[[41;97mERROR[41;31m][0m [1mTS2561: Object literal may only specify known properties, but 'videoQuery' does not exist in type 'LessonSeed'. Did you mean to write 'videoUrl'?[0m [1m[35m[plugin angular-compiler][0m

    src/app/services/curriculum.service.ts:430:8:
[37m      430 │         [32mvideoQuery[37m: 'CSS Grid uzbek',
          ╵         [32m~~~~~~~~~~[0m


[31mX [41;31m[[41;97mERROR[41;31m][0m [1mTS2561: Object literal may only specify known properties, but 'videoQuery' does not exist in type 'LessonSeed'. Did you mean to write 'videoUrl'?[0m [1m[35m[plugin angular-compiler][0m

    src/app/services/curriculum.service.ts:447:8:
[37m      447 │         [32mvideoQuery[37m: 'responsive design media query uzbek',
          ╵         [32m~~~~~~~~~~[0m


[31mX [41;31m[[41;97mERROR[41;31m][0m [1mTS2561: Object literal may only specify known properties, but 'videoQuery' does not exist in type 'LessonSeed'. Did you mean to write 'videoUrl'?[0m [1m[35m[plugin angular-compiler][0m

    src/app/services/curriculum.service.ts:471:8:
[37m      471 │         [32mvideoQuery[37m: 'CSS portfolio design uzbek',
          ╵         [32m~~~~~~~~~~[0m


[31mX [41;31m[[41;97mERROR[41;31m][0m [1mTS2561: Object literal may only specify known properties, but 'videoQuery' does not exist in type 'LessonSeed'. Did you mean to write 'videoUrl'?[0m [1m[35m[plugin angular-compiler][0m

    src/app/services/curriculum.service.ts:500:8:
[37m      500 │         [32mvideoQuery[37m: 'JavaScript 0 dan uzbek',
          ╵         [32m~~~~~~~~~~[0m


[31mX [41;31m[[41;97mERROR[41;31m][0m [1mTS2561: Object literal may only specify known properties, but 'videoQuery' does not exist in type 'LessonSeed'. Did you mean to write 'videoUrl'?[0m [1m[35m[plugin angular-compiler][0m

    src/app/services/curriculum.service.ts:527:8:
[37m      527 │         [32mvideoQuery[37m: 'JavaScript if else for loop uzbek',
          ╵         [32m~~~~~~~~~~[0m


[31mX [41;31m[[41;97mERROR[41;31m][0m [1mTS2561: Object literal may only specify known properties, but 'videoQuery' does not exist in type 'LessonSeed'. Did you mean to write 'videoUrl'?[0m [1m[35m[plugin angular-compiler][0m

    src/app/services/curriculum.service.ts:552:8:
[37m      552 │         [32mvideoQuery[37m: 'JavaScript functions uzbek',
          ╵         [32m~~~~~~~~~~[0m


[31mX [41;31m[[41;97mERROR[41;31m][0m [1mTS2561: Object literal may only specify known properties, but 'videoQuery' does not exist in type 'LessonSeed'. Did you mean to write 'videoUrl'?[0m [1m[35m[plugin angular-compiler][0m

    src/app/services/curriculum.service.ts:575:8:
[37m      575 │         [32mvideoQuery[37m: 'JavaScript DOM querySelector uzbek',
          ╵         [32m~~~~~~~~~~[0m


[31mX [41;31m[[41;97mERROR[41;31m][0m [1mTS2561: Object literal may only specify known properties, but 'videoQuery' does not exist in type 'LessonSeed'. Did you mean to write 'videoUrl'?[0m [1m[35m[plugin angular-compiler][0m

    src/app/services/curriculum.service.ts:597:8:
[37m      597 │         [32mvideoQuery[37m: 'JavaScript addEventListener form validation ...
          ╵         [32m~~~~~~~~~~[0m


[31mX [41;31m[[41;97mERROR[41;31m][0m [1mTS2561: Object literal may only specify known properties, but 'videoQuery' does not exist in type 'LessonSeed'. Did you mean to write 'videoUrl'?[0m [1m[35m[plugin angular-compiler][0m

    src/app/services/curriculum.service.ts:623:8:
[37m      623 │         [32mvideoQuery[37m: 'JavaScript localStorage JSON uzbek',
          ╵         [32m~~~~~~~~~~[0m


[31mX [41;31m[[41;97mERROR[41;31m][0m [1mTS2561: Object literal may only specify known properties, but 'videoQuery' does not exist in type 'LessonSeed'. Did you mean to write 'videoUrl'?[0m [1m[35m[plugin angular-compiler][0m

    src/app/services/curriculum.service.ts:643:8:
[37m      643 │         [32mvideoQuery[37m: 'JavaScript fetch API async await uzbek',
          ╵         [32m~~~~~~~~~~[0m


[31mX [41;31m[[41;97mERROR[41;31m][0m [1mTS2561: Object literal may only specify known properties, but 'videoQuery' does not exist in type 'LessonSeed'. Did you mean to write 'videoUrl'?[0m [1m[35m[plugin angular-compiler][0m

    src/app/services/curriculum.service.ts:698:8:
[37m      698 │         [32mvideoQuery[37m: 'Node.js 0 dan uzbek',
          ╵         [32m~~~~~~~~~~[0m


[31mX [41;31m[[41;97mERROR[41;31m][0m [1mTS2561: Object literal may only specify known properties, but 'videoQuery' does not exist in type 'LessonSeed'. Did you mean to write 'videoUrl'?[0m [1m[35m[plugin angular-compiler][0m

    src/app/services/curriculum.service.ts:723:8:
[37m      723 │         [32mvideoQuery[37m: 'REST API Node.js uzbek',
          ╵         [32m~~~~~~~~~~[0m


[31mX [41;31m[[41;97mERROR[41;31m][0m [1mTS2561: Object literal may only specify known properties, but 'videoQuery' does not exist in type 'LessonSeed'. Did you mean to write 'videoUrl'?[0m [1m[35m[plugin angular-compiler][0m

    src/app/services/curriculum.service.ts:746:8:
[37m      746 │         [32mvideoQuery[37m: 'Node.js register auth uzbek',
          ╵         [32m~~~~~~~~~~[0m


[31mX [41;31m[[41;97mERROR[41;31m][0m [1mTS2561: Object literal may only specify known properties, but 'videoQuery' does not exist in type 'LessonSeed'. Did you mean to write 'videoUrl'?[0m [1m[35m[plugin angular-compiler][0m

    src/app/services/curriculum.service.ts:767:8:
[37m      767 │         [32mvideoQuery[37m: 'Angular fetch API service uzbek',
          ╵         [32m~~~~~~~~~~[0m


[31mX [41;31m[[41;97mERROR[41;31m][0m [1mTS2561: Object literal may only specify known properties, but 'videoQuery' does not exist in type 'LessonSeed'. Did you mean to write 'videoUrl'?[0m [1m[35m[plugin angular-compiler][0m

    src/app/services/curriculum.service.ts:788:8:
[37m      788 │         [32mvideoQuery[37m: 'Node.js clean code validation error handling...
          ╵         [32m~~~~~~~~~~[0m


[31mX [41;31m[[41;97mERROR[41;31m][0m [1mTS2561: Object literal may only specify known properties, but 'videoQuery' does not exist in type 'LessonSeed'. Did you mean to write 'videoUrl'?[0m [1m[35m[plugin angular-compiler][0m

    src/app/services/curriculum.service.ts:811:8:
[37m      811 │         [32mvideoQuery[37m: 'Git 0 dan uzbek',
          ╵         [32m~~~~~~~~~~[0m


[31mX [41;31m[[41;97mERROR[41;31m][0m [1mTS2561: Object literal may only specify known properties, but 'videoQuery' does not exist in type 'LessonSeed'. Did you mean to write 'videoUrl'?[0m [1m[35m[plugin angular-compiler][0m

    src/app/services/curriculum.service.ts:834:8:
[37m      834 │         [32mvideoQuery[37m: 'GitHub account repo push uzbek',
          ╵         [32m~~~~~~~~~~[0m


[31mX [41;31m[[41;97mERROR[41;31m][0m [1mTS2561: Object literal may only specify known properties, but 'videoQuery' does not exist in type 'LessonSeed'. Did you mean to write 'videoUrl'?[0m [1m[35m[plugin angular-compiler][0m

    src/app/services/curriculum.service.ts:852:8:
[37m      852 │         [32mvideoQuery[37m: 'Git branch merge conflict uzbek',
          ╵         [32m~~~~~~~~~~[0m


[31mX [41;31m[[41;97mERROR[41;31m][0m [1mTS2561: Object literal may only specify known properties, but 'videoQuery' does not exist in type 'LessonSeed'. Did you mean to write 'videoUrl'?[0m [1m[35m[plugin angular-compiler][0m

    src/app/services/curriculum.service.ts:875:8:
[37m      875 │         [32mvideoQuery[37m: 'GitHub pull request code review uzbek',
          ╵         [32m~~~~~~~~~~[0m


[31mX [41;31m[[41;97mERROR[41;31m][0m [1mTS2561: Object literal may only specify known properties, but 'videoQuery' does not exist in type 'LessonSeed'. Did you mean to write 'videoUrl'?[0m [1m[35m[plugin angular-compiler][0m

    src/app/services/curriculum.service.ts:897:8:
[37m      897 │         [32mvideoQuery[37m: 'GitHub Pages deploy uzbek',
          ╵         [32m~~~~~~~~~~[0m


[31mX [41;31m[[41;97mERROR[41;31m][0m [1mTS2561: Object literal may only specify known properties, but 'videoQuery' does not exist in type 'LessonSeed'. Did you mean to write 'videoUrl'?[0m [1m[35m[plugin angular-compiler][0m

    src/app/services/curriculum.service.ts:916:8:
[37m      916 │         [32mvideoQuery[37m: 'Junior frontend portfolio final project uzbek',
          ╵         [32m~~~~~~~~~~[0m

[39m[22m
[1m[31m[31mX [41;31m[[41;97mERROR[41;31m][0m [1mNG8004: No pipe found with name 'date'.
To fix this, import the "DatePipe" class from "@angular/common" and add it to the "imports" array of the component.[0m [1m[35m[plugin angular-compiler][0m

    src/app/pages/certificate/certificate.html:81:53:
[37m      81 │ ...             <p>{{ certificate.issuedAt | [32mdate[37m:'dd.MM.yyyy' }}</p>
         ╵                                              [32m~~~~[0m

  Error occurs in the template of component CertificateComponent.

    src/app/pages/certificate/certificate.ts:19:17:
[37m      19 │     templateUrl: [32m'./certificate.html'[37m,
         ╵                  [32m~~~~~~~~~~~~~~~~~~~~[0m


[31mX [41;31m[[41;97mERROR[41;31m][0m [1mTS2561: Object literal may only specify known properties, but 'videoQuery' does not exist in type 'LessonSeed'. Did you mean to write 'videoUrl'?[0m [1m[35m[plugin angular-compiler][0m

    src/app/services/curriculum.service.ts:91:8:
[37m      91 │         [32mvideoQuery[37m: 'Chrome DevTools uzbek',
         ╵         [32m~~~~~~~~~~[0m


[31mX [41;31m[[41;97mERROR[41;31m][0m [1mTS2561: Object literal may only specify known properties, but 'videoQuery' does not exist in type 'LessonSeed'. Did you mean to write 'videoUrl'?[0m [1m[35m[plugin angular-compiler][0m

    src/app/services/curriculum.service.ts:111:8:
[37m      111 │         [32mvideoQuery[37m: 'frontend project folder structure uzbek',
          ╵         [32m~~~~~~~~~~[0m


[31mX [41;31m[[41;97mERROR[41;31m][0m [1mTS2561: Object literal may only specify known properties, but 'videoQuery' does not exist in type 'LessonSeed'. Did you mean to write 'videoUrl'?[0m [1m[35m[plugin angular-compiler][0m

    src/app/services/curriculum.service.ts:136:8:
[37m      136 │         [32mvideoQuery[37m: 'frontend backend API nima uzbek',
          ╵         [32m~~~~~~~~~~[0m


[31mX [41;31m[[41;97mERROR[41;31m][0m [1mTS2561: Object literal may only specify known properties, but 'videoQuery' does not exist in type 'LessonSeed'. Did you mean to write 'videoUrl'?[0m [1m[35m[plugin angular-compiler][0m

    src/app/services/curriculum.service.ts:160:8:
[37m      160 │         [32mvideoQuery[37m: 'HTML 0 dan',
          ╵         [32m~~~~~~~~~~[0m


[31mX [41;31m[[41;97mERROR[41;31m][0m [1mTS2561: Object literal may only specify known properties, but 'videoQuery' does not exist in type 'LessonSeed'. Did you mean to write 'videoUrl'?[0m [1m[35m[plugin angular-compiler][0m

    src/app/services/curriculum.service.ts:189:8:
[37m      189 │         [32mvideoQuery[37m: 'HTML h1 p ul ol li uzbek',
          ╵         [32m~~~~~~~~~~[0m


[31mX [41;31m[[41;97mERROR[41;31m][0m [1mTS2561: Object literal may only specify known properties, but 'videoQuery' does not exist in type 'LessonSeed'. Did you mean to write 'videoUrl'?[0m [1m[35m[plugin angular-compiler][0m

    src/app/services/curriculum.service.ts:216:8:
[37m      216 │         [32mvideoQuery[37m: 'HTML link image alt uzbek',
          ╵         [32m~~~~~~~~~~[0m


[31mX [41;31m[[41;97mERROR[41;31m][0m [1mTS2561: Object literal may only specify known properties, but 'videoQuery' does not exist in type 'LessonSeed'. Did you mean to write 'videoUrl'?[0m [1m[35m[plugin angular-compiler][0m

    src/app/services/curriculum.service.ts:240:8:
[37m      240 │         [32mvideoQuery[37m: 'HTML form input label uzbek',
          ╵         [32m~~~~~~~~~~[0m


[31mX [41;31m[[41;97mERROR[41;31m][0m [1mTS2561: Object literal may only specify known properties, but 'videoQuery' does not exist in type 'LessonSeed'. Did you mean to write 'videoUrl'?[0m [1m[35m[plugin angular-compiler][0m

    src/app/services/curriculum.service.ts:270:8:
[37m      270 │         [32mvideoQuery[37m: 'semantic HTML uzbek',
          ╵         [32m~~~~~~~~~~[0m


[31mX [41;31m[[41;97mERROR[41;31m][0m [1mTS2561: Object literal may only specify known properties, but 'videoQuery' does not exist in type 'LessonSeed'. Did you mean to write 'videoUrl'?[0m [1m[35m[plugin angular-compiler][0m

    src/app/services/curriculum.service.ts:304:8:
[37m      304 │         [32mvideoQuery[37m: 'HTML portfolio project uzbek',
          ╵         [32m~~~~~~~~~~[0m


[31mX [41;31m[[41;97mERROR[41;31m][0m [1mTS2561: Object literal may only specify known properties, but 'videoQuery' does not exist in type 'LessonSeed'. Did you mean to write 'videoUrl'?[0m [1m[35m[plugin angular-compiler][0m

    src/app/services/curriculum.service.ts:338:8:
[37m      338 │         [32mvideoQuery[37m: 'CSS 0 dan uzbek',
          ╵         [32m~~~~~~~~~~[0m


[31mX [41;31m[[41;97mERROR[41;31m][0m [1mTS2561: Object literal may only specify known properties, but 'videoQuery' does not exist in type 'LessonSeed'. Did you mean to write 'videoUrl'?[0m [1m[35m[plugin angular-compiler][0m

    src/app/services/curriculum.service.ts:367:8:
[37m      367 │         [32mvideoQuery[37m: 'CSS box model uzbek',
          ╵         [32m~~~~~~~~~~[0m


[31mX [41;31m[[41;97mERROR[41;31m][0m [1mTS2561: Object literal may only specify known properties, but 'videoQuery' does not exist in type 'LessonSeed'. Did you mean to write 'videoUrl'?[0m [1m[35m[plugin angular-compiler][0m

    src/app/services/curriculum.service.ts:395:8:
[37m      395 │         [32mvideoQuery[37m: 'CSS Flexbox uzbek',
          ╵         [32m~~~~~~~~~~[0m


[31mX [41;31m[[41;97mERROR[41;31m][0m [1mTS2561: Object literal may only specify known properties, but 'videoQuery' does not exist in type 'LessonSeed'. Did you mean to write 'videoUrl'?[0m [1m[35m[plugin angular-compiler][0m

    src/app/services/curriculum.service.ts:430:8:
[37m      430 │         [32mvideoQuery[37m: 'CSS Grid uzbek',
          ╵         [32m~~~~~~~~~~[0m


[31mX [41;31m[[41;97mERROR[41;31m][0m [1mTS2561: Object literal may only specify known properties, but 'videoQuery' does not exist in type 'LessonSeed'. Did you mean to write 'videoUrl'?[0m [1m[35m[plugin angular-compiler][0m

    src/app/services/curriculum.service.ts:447:8:
[37m      447 │         [32mvideoQuery[37m: 'responsive design media query uzbek',
          ╵         [32m~~~~~~~~~~[0m


[31mX [41;31m[[41;97mERROR[41;31m][0m [1mTS2561: Object literal may only specify known properties, but 'videoQuery' does not exist in type 'LessonSeed'. Did you mean to write 'videoUrl'?[0m [1m[35m[plugin angular-compiler][0m

    src/app/services/curriculum.service.ts:471:8:
[37m      471 │         [32mvideoQuery[37m: 'CSS portfolio design uzbek',
          ╵         [32m~~~~~~~~~~[0m


[31mX [41;31m[[41;97mERROR[41;31m][0m [1mTS2561: Object literal may only specify known properties, but 'videoQuery' does not exist in type 'LessonSeed'. Did you mean to write 'videoUrl'?[0m [1m[35m[plugin angular-compiler][0m

    src/app/services/curriculum.service.ts:500:8:
[37m      500 │         [32mvideoQuery[37m: 'JavaScript 0 dan uzbek',
          ╵         [32m~~~~~~~~~~[0m


[31mX [41;31m[[41;97mERROR[41;31m][0m [1mTS2561: Object literal may only specify known properties, but 'videoQuery' does not exist in type 'LessonSeed'. Did you mean to write 'videoUrl'?[0m [1m[35m[plugin angular-compiler][0m

    src/app/services/curriculum.service.ts:527:8:
[37m      527 │         [32mvideoQuery[37m: 'JavaScript if else for loop uzbek',
          ╵         [32m~~~~~~~~~~[0m


[31mX [41;31m[[41;97mERROR[41;31m][0m [1mTS2561: Object literal may only specify known properties, but 'videoQuery' does not exist in type 'LessonSeed'. Did you mean to write 'videoUrl'?[0m [1m[35m[plugin angular-compiler][0m

    src/app/services/curriculum.service.ts:552:8:
[37m      552 │         [32mvideoQuery[37m: 'JavaScript functions uzbek',
          ╵         [32m~~~~~~~~~~[0m


[31mX [41;31m[[41;97mERROR[41;31m][0m [1mTS2561: Object literal may only specify known properties, but 'videoQuery' does not exist in type 'LessonSeed'. Did you mean to write 'videoUrl'?[0m [1m[35m[plugin angular-compiler][0m

    src/app/services/curriculum.service.ts:575:8:
[37m      575 │         [32mvideoQuery[37m: 'JavaScript DOM querySelector uzbek',
          ╵         [32m~~~~~~~~~~[0m


[31mX [41;31m[[41;97mERROR[41;31m][0m [1mTS2561: Object literal may only specify known properties, but 'videoQuery' does not exist in type 'LessonSeed'. Did you mean to write 'videoUrl'?[0m [1m[35m[plugin angular-compiler][0m

    src/app/services/curriculum.service.ts:597:8:
[37m      597 │         [32mvideoQuery[37m: 'JavaScript addEventListener form validation ...
          ╵         [32m~~~~~~~~~~[0m


[31mX [41;31m[[41;97mERROR[41;31m][0m [1mTS2561: Object literal may only specify known properties, but 'videoQuery' does not exist in type 'LessonSeed'. Did you mean to write 'videoUrl'?[0m [1m[35m[plugin angular-compiler][0m

    src/app/services/curriculum.service.ts:623:8:
[37m      623 │         [32mvideoQuery[37m: 'JavaScript localStorage JSON uzbek',
          ╵         [32m~~~~~~~~~~[0m


[31mX [41;31m[[41;97mERROR[41;31m][0m [1mTS2561: Object literal may only specify known properties, but 'videoQuery' does not exist in type 'LessonSeed'. Did you mean to write 'videoUrl'?[0m [1m[35m[plugin angular-compiler][0m

    src/app/services/curriculum.service.ts:643:8:
[37m      643 │         [32mvideoQuery[37m: 'JavaScript fetch API async await uzbek',
          ╵         [32m~~~~~~~~~~[0m


[31mX [41;31m[[41;97mERROR[41;31m][0m [1mTS2561: Object literal may only specify known properties, but 'videoQuery' does not exist in type 'LessonSeed'. Did you mean to write 'videoUrl'?[0m [1m[35m[plugin angular-compiler][0m

    src/app/services/curriculum.service.ts:698:8:
[37m      698 │         [32mvideoQuery[37m: 'Node.js 0 dan uzbek',
          ╵         [32m~~~~~~~~~~[0m


[31mX [41;31m[[41;97mERROR[41;31m][0m [1mTS2561: Object literal may only specify known properties, but 'videoQuery' does not exist in type 'LessonSeed'. Did you mean to write 'videoUrl'?[0m [1m[35m[plugin angular-compiler][0m

    src/app/services/curriculum.service.ts:723:8:
[37m      723 │         [32mvideoQuery[37m: 'REST API Node.js uzbek',
          ╵         [32m~~~~~~~~~~[0m


[31mX [41;31m[[41;97mERROR[41;31m][0m [1mTS2561: Object literal may only specify known properties, but 'videoQuery' does not exist in type 'LessonSeed'. Did you mean to write 'videoUrl'?[0m [1m[35m[plugin angular-compiler][0m

    src/app/services/curriculum.service.ts:746:8:
[37m      746 │         [32mvideoQuery[37m: 'Node.js register auth uzbek',
          ╵         [32m~~~~~~~~~~[0m


[31mX [41;31m[[41;97mERROR[41;31m][0m [1mTS2561: Object literal may only specify known properties, but 'videoQuery' does not exist in type 'LessonSeed'. Did you mean to write 'videoUrl'?[0m [1m[35m[plugin angular-compiler][0m

    src/app/services/curriculum.service.ts:767:8:
[37m      767 │         [32mvideoQuery[37m: 'Angular fetch API service uzbek',
          ╵         [32m~~~~~~~~~~[0m


[31mX [41;31m[[41;97mERROR[41;31m][0m [1mTS2561: Object literal may only specify known properties, but 'videoQuery' does not exist in type 'LessonSeed'. Did you mean to write 'videoUrl'?[0m [1m[35m[plugin angular-compiler][0m

    src/app/services/curriculum.service.ts:788:8:
[37m      788 │         [32mvideoQuery[37m: 'Node.js clean code validation error handling...
          ╵         [32m~~~~~~~~~~[0m


[31mX [41;31m[[41;97mERROR[41;31m][0m [1mTS2561: Object literal may only specify known properties, but 'videoQuery' does not exist in type 'LessonSeed'. Did you mean to write 'videoUrl'?[0m [1m[35m[plugin angular-compiler][0m

    src/app/services/curriculum.service.ts:811:8:
[37m      811 │         [32mvideoQuery[37m: 'Git 0 dan uzbek',
          ╵         [32m~~~~~~~~~~[0m


[31mX [41;31m[[41;97mERROR[41;31m][0m [1mTS2561: Object literal may only specify known properties, but 'videoQuery' does not exist in type 'LessonSeed'. Did you mean to write 'videoUrl'?[0m [1m[35m[plugin angular-compiler][0m

    src/app/services/curriculum.service.ts:852:8:
[37m      852 │         [32mvideoQuery[37m: 'Git branch merge conflict uzbek',
          ╵         [32m~~~~~~~~~~[0m


[31mX [41;31m[[41;97mERROR[41;31m][0m [1mTS2561: Object literal may only specify known properties, but 'videoQuery' does not exist in type 'LessonSeed'. Did you mean to write 'videoUrl'?[0m [1m[35m[plugin angular-compiler][0m

    src/app/services/curriculum.service.ts:875:8:
[37m      875 │         [32mvideoQuery[37m: 'GitHub pull request code review uzbek',
          ╵         [32m~~~~~~~~~~[0m


[31mX [41;31m[[41;97mERROR[41;31m][0m [1mTS2561: Object literal may only specify known properties, but 'videoQuery' does not exist in type 'LessonSeed'. Did you mean to write 'videoUrl'?[0m [1m[35m[plugin angular-compiler][0m

    src/app/services/curriculum.service.ts:897:8:
[37m      897 │         [32mvideoQuery[37m: 'GitHub Pages deploy uzbek',
          ╵         [32m~~~~~~~~~~[0m


[31mX [41;31m[[41;97mERROR[41;31m][0m [1mTS2561: Object literal may only specify known properties, but 'videoQuery' does not exist in type 'LessonSeed'. Did you mean to write 'videoUrl'?[0m [1m[35m[plugin angular-compiler][0m

    src/app/services/curriculum.service.ts:916:8:
[37m      916 │         [32mvideoQuery[37m: 'Junior frontend portfolio final project uzbek',
          ╵         [32m~~~~~~~~~~[0m

[39m[22m
[1m[31m[31mX [41;31m[[41;97mERROR[41;31m][0m [1mNG8004: No pipe found with name 'date'.
To fix this, import the "DatePipe" class from "@angular/common" and add it to the "imports" array of the component.[0m [1m[35m[plugin angular-compiler][0m

    src/app/pages/certificate/certificate.html:81:53:
[37m      81 │ ...             <p>{{ certificate.issuedAt | [32mdate[37m:'dd.MM.yyyy' }}</p>
         ╵                                              [32m~~~~[0m

  Error occurs in the template of component CertificateComponent.

    src/app/pages/certificate/certificate.ts:19:17:
[37m      19 │     templateUrl: [32m'./certificate.html'[37m,
         ╵                  [32m~~~~~~~~~~~~~~~~~~~~[0m


[31mX [41;31m[[41;97mERROR[41;31m][0m [1mTS2561: Object literal may only specify known properties, but 'videoQuery' does not exist in type 'LessonSeed'. Did you mean to write 'videoUrl'?[0m [1m[35m[plugin angular-compiler][0m

    src/app/services/curriculum.service.ts:91:8:
[37m      91 │         [32mvideoQuery[37m: 'Chrome DevTools uzbek',
         ╵         [32m~~~~~~~~~~[0m


[31mX [41;31m[[41;97mERROR[41;31m][0m [1mTS2561: Object literal may only specify known properties, but 'videoQuery' does not exist in type 'LessonSeed'. Did you mean to write 'videoUrl'?[0m [1m[35m[plugin angular-compiler][0m

    src/app/services/curriculum.service.ts:111:8:
[37m      111 │         [32mvideoQuery[37m: 'frontend project folder structure uzbek',
          ╵         [32m~~~~~~~~~~[0m


[31mX [41;31m[[41;97mERROR[41;31m][0m [1mTS2561: Object literal may only specify known properties, but 'videoQuery' does not exist in type 'LessonSeed'. Did you mean to write 'videoUrl'?[0m [1m[35m[plugin angular-compiler][0m

    src/app/services/curriculum.service.ts:136:8:
[37m      136 │         [32mvideoQuery[37m: 'frontend backend API nima uzbek',
          ╵         [32m~~~~~~~~~~[0m


[31mX [41;31m[[41;97mERROR[41;31m][0m [1mTS2561: Object literal may only specify known properties, but 'videoQuery' does not exist in type 'LessonSeed'. Did you mean to write 'videoUrl'?[0m [1m[35m[plugin angular-compiler][0m

    src/app/services/curriculum.service.ts:160:8:
[37m      160 │         [32mvideoQuery[37m: 'HTML 0 dan',
          ╵         [32m~~~~~~~~~~[0m


[31mX [41;31m[[41;97mERROR[41;31m][0m [1mTS2561: Object literal may only specify known properties, but 'videoQuery' does not exist in type 'LessonSeed'. Did you mean to write 'videoUrl'?[0m [1m[35m[plugin angular-compiler][0m

    src/app/services/curriculum.service.ts:189:8:
[37m      189 │         [32mvideoQuery[37m: 'HTML h1 p ul ol li uzbek',
          ╵         [32m~~~~~~~~~~[0m


[31mX [41;31m[[41;97mERROR[41;31m][0m [1mTS2561: Object literal may only specify known properties, but 'videoQuery' does not exist in type 'LessonSeed'. Did you mean to write 'videoUrl'?[0m [1m[35m[plugin angular-compiler][0m

    src/app/services/curriculum.service.ts:216:8:
[37m      216 │         [32mvideoQuery[37m: 'HTML link image alt uzbek',
          ╵         [32m~~~~~~~~~~[0m


[31mX [41;31m[[41;97mERROR[41;31m][0m [1mTS2561: Object literal may only specify known properties, but 'videoQuery' does not exist in type 'LessonSeed'. Did you mean to write 'videoUrl'?[0m [1m[35m[plugin angular-compiler][0m

    src/app/services/curriculum.service.ts:240:8:
[37m      240 │         [32mvideoQuery[37m: 'HTML form input label uzbek',
          ╵         [32m~~~~~~~~~~[0m


[31mX [41;31m[[41;97mERROR[41;31m][0m [1mTS2561: Object literal may only specify known properties, but 'videoQuery' does not exist in type 'LessonSeed'. Did you mean to write 'videoUrl'?[0m [1m[35m[plugin angular-compiler][0m

    src/app/services/curriculum.service.ts:270:8:
[37m      270 │         [32mvideoQuery[37m: 'semantic HTML uzbek',
          ╵         [32m~~~~~~~~~~[0m


[31mX [41;31m[[41;97mERROR[41;31m][0m [1mTS2561: Object literal may only specify known properties, but 'videoQuery' does not exist in type 'LessonSeed'. Did you mean to write 'videoUrl'?[0m [1m[35m[plugin angular-compiler][0m

    src/app/services/curriculum.service.ts:304:8:
[37m      304 │         [32mvideoQuery[37m: 'HTML portfolio project uzbek',
          ╵         [32m~~~~~~~~~~[0m


[31mX [41;31m[[41;97mERROR[41;31m][0m [1mTS2561: Object literal may only specify known properties, but 'videoQuery' does not exist in type 'LessonSeed'. Did you mean to write 'videoUrl'?[0m [1m[35m[plugin angular-compiler][0m

    src/app/services/curriculum.service.ts:338:8:
[37m      338 │         [32mvideoQuery[37m: 'CSS 0 dan uzbek',
          ╵         [32m~~~~~~~~~~[0m


[31mX [41;31m[[41;97mERROR[41;31m][0m [1mTS2561: Object literal may only specify known properties, but 'videoQuery' does not exist in type 'LessonSeed'. Did you mean to write 'videoUrl'?[0m [1m[35m[plugin angular-compiler][0m

    src/app/services/curriculum.service.ts:367:8:
[37m      367 │         [32mvideoQuery[37m: 'CSS box model uzbek',
          ╵         [32m~~~~~~~~~~[0m


[31mX [41;31m[[41;97mERROR[41;31m][0m [1mTS2561: Object literal may only specify known properties, but 'videoQuery' does not exist in type 'LessonSeed'. Did you mean to write 'videoUrl'?[0m [1m[35m[plugin angular-compiler][0m

    src/app/services/curriculum.service.ts:395:8:
[37m      395 │         [32mvideoQuery[37m: 'CSS Flexbox uzbek',
          ╵         [32m~~~~~~~~~~[0m


[31mX [41;31m[[41;97mERROR[41;31m][0m [1mTS2561: Object literal may only specify known properties, but 'videoQuery' does not exist in type 'LessonSeed'. Did you mean to write 'videoUrl'?[0m [1m[35m[plugin angular-compiler][0m

    src/app/services/curriculum.service.ts:430:8:
[37m      430 │         [32mvideoQuery[37m: 'CSS Grid uzbek',
          ╵         [32m~~~~~~~~~~[0m


[31mX [41;31m[[41;97mERROR[41;31m][0m [1mTS2561: Object literal may only specify known properties, but 'videoQuery' does not exist in type 'LessonSeed'. Did you mean to write 'videoUrl'?[0m [1m[35m[plugin angular-compiler][0m

    src/app/services/curriculum.service.ts:447:8:
[37m      447 │         [32mvideoQuery[37m: 'responsive design media query uzbek',
          ╵         [32m~~~~~~~~~~[0m


[31mX [41;31m[[41;97mERROR[41;31m][0m [1mTS2561: Object literal may only specify known properties, but 'videoQuery' does not exist in type 'LessonSeed'. Did you mean to write 'videoUrl'?[0m [1m[35m[plugin angular-compiler][0m

    src/app/services/curriculum.service.ts:471:8:
[37m      471 │         [32mvideoQuery[37m: 'CSS portfolio design uzbek',
          ╵         [32m~~~~~~~~~~[0m


[31mX [41;31m[[41;97mERROR[41;31m][0m [1mTS2561: Object literal may only specify known properties, but 'videoQuery' does not exist in type 'LessonSeed'. Did you mean to write 'videoUrl'?[0m [1m[35m[plugin angular-compiler][0m

    src/app/services/curriculum.service.ts:500:8:
[37m      500 │         [32mvideoQuery[37m: 'JavaScript 0 dan uzbek',
          ╵         [32m~~~~~~~~~~[0m


[31mX [41;31m[[41;97mERROR[41;31m][0m [1mTS2561: Object literal may only specify known properties, but 'videoQuery' does not exist in type 'LessonSeed'. Did you mean to write 'videoUrl'?[0m [1m[35m[plugin angular-compiler][0m

    src/app/services/curriculum.service.ts:527:8:
[37m      527 │         [32mvideoQuery[37m: 'JavaScript if else for loop uzbek',
          ╵         [32m~~~~~~~~~~[0m


[31mX [41;31m[[41;97mERROR[41;31m][0m [1mTS2561: Object literal may only specify known properties, but 'videoQuery' does not exist in type 'LessonSeed'. Did you mean to write 'videoUrl'?[0m [1m[35m[plugin angular-compiler][0m

    src/app/services/curriculum.service.ts:552:8:
[37m      552 │         [32mvideoQuery[37m: 'JavaScript functions uzbek',
          ╵         [32m~~~~~~~~~~[0m


[31mX [41;31m[[41;97mERROR[41;31m][0m [1mTS2561: Object literal may only specify known properties, but 'videoQuery' does not exist in type 'LessonSeed'. Did you mean to write 'videoUrl'?[0m [1m[35m[plugin angular-compiler][0m

    src/app/services/curriculum.service.ts:575:8:
[37m      575 │         [32mvideoQuery[37m: 'JavaScript DOM querySelector uzbek',
          ╵         [32m~~~~~~~~~~[0m


[31mX [41;31m[[41;97mERROR[41;31m][0m [1mTS2561: Object literal may only specify known properties, but 'videoQuery' does not exist in type 'LessonSeed'. Did you mean to write 'videoUrl'?[0m [1m[35m[plugin angular-compiler][0m

    src/app/services/curriculum.service.ts:597:8:
[37m      597 │         [32mvideoQuery[37m: 'JavaScript addEventListener form validation ...
          ╵         [32m~~~~~~~~~~[0m


[31mX [41;31m[[41;97mERROR[41;31m][0m [1mTS2561: Object literal may only specify known properties, but 'videoQuery' does not exist in type 'LessonSeed'. Did you mean to write 'videoUrl'?[0m [1m[35m[plugin angular-compiler][0m

    src/app/services/curriculum.service.ts:623:8:
[37m      623 │         [32mvideoQuery[37m: 'JavaScript localStorage JSON uzbek',
          ╵         [32m~~~~~~~~~~[0m


[31mX [41;31m[[41;97mERROR[41;31m][0m [1mTS2561: Object literal may only specify known properties, but 'videoQuery' does not exist in type 'LessonSeed'. Did you mean to write 'videoUrl'?[0m [1m[35m[plugin angular-compiler][0m

    src/app/services/curriculum.service.ts:643:8:
[37m      643 │         [32mvideoQuery[37m: 'JavaScript fetch API async await uzbek',
          ╵         [32m~~~~~~~~~~[0m


[31mX [41;31m[[41;97mERROR[41;31m][0m [1mTS2561: Object literal may only specify known properties, but 'videoQuery' does not exist in type 'LessonSeed'. Did you mean to write 'videoUrl'?[0m [1m[35m[plugin angular-compiler][0m

    src/app/services/curriculum.service.ts:698:8:
[37m      698 │         [32mvideoQuery[37m: 'Node.js 0 dan uzbek',
          ╵         [32m~~~~~~~~~~[0m


[31mX [41;31m[[41;97mERROR[41;31m][0m [1mTS2561: Object literal may only specify known properties, but 'videoQuery' does not exist in type 'LessonSeed'. Did you mean to write 'videoUrl'?[0m [1m[35m[plugin angular-compiler][0m

    src/app/services/curriculum.service.ts:723:8:
[37m      723 │         [32mvideoQuery[37m: 'REST API Node.js uzbek',
          ╵         [32m~~~~~~~~~~[0m


[31mX [41;31m[[41;97mERROR[41;31m][0m [1mTS2561: Object literal may only specify known properties, but 'videoQuery' does not exist in type 'LessonSeed'. Did you mean to write 'videoUrl'?[0m [1m[35m[plugin angular-compiler][0m

    src/app/services/curriculum.service.ts:746:8:
[37m      746 │         [32mvideoQuery[37m: 'Node.js register auth uzbek',
          ╵         [32m~~~~~~~~~~[0m


[31mX [41;31m[[41;97mERROR[41;31m][0m [1mTS2561: Object literal may only specify known properties, but 'videoQuery' does not exist in type 'LessonSeed'. Did you mean to write 'videoUrl'?[0m [1m[35m[plugin angular-compiler][0m

    src/app/services/curriculum.service.ts:767:8:
[37m      767 │         [32mvideoQuery[37m: 'Angular fetch API service uzbek',
          ╵         [32m~~~~~~~~~~[0m


[31mX [41;31m[[41;97mERROR[41;31m][0m [1mTS2561: Object literal may only specify known properties, but 'videoQuery' does not exist in type 'LessonSeed'. Did you mean to write 'videoUrl'?[0m [1m[35m[plugin angular-compiler][0m

    src/app/services/curriculum.service.ts:788:8:
[37m      788 │         [32mvideoQuery[37m: 'Node.js clean code validation error handling...
          ╵         [32m~~~~~~~~~~[0m


[31mX [41;31m[[41;97mERROR[41;31m][0m [1mTS2561: Object literal may only specify known properties, but 'videoQuery' does not exist in type 'LessonSeed'. Did you mean to write 'videoUrl'?[0m [1m[35m[plugin angular-compiler][0m

    src/app/services/curriculum.service.ts:811:8:
[37m      811 │         [32mvideoQuery[37m: 'Git 0 dan uzbek',
          ╵         [32m~~~~~~~~~~[0m


[31mX [41;31m[[41;97mERROR[41;31m][0m [1mTS2561: Object literal may only specify known properties, but 'videoQuery' does not exist in type 'LessonSeed'. Did you mean to write 'videoUrl'?[0m [1m[35m[plugin angular-compiler][0m

    src/app/services/curriculum.service.ts:875:8:
[37m      875 │         [32mvideoQuery[37m: 'GitHub pull request code review uzbek',
          ╵         [32m~~~~~~~~~~[0m


[31mX [41;31m[[41;97mERROR[41;31m][0m [1mTS2561: Object literal may only specify known properties, but 'videoQuery' does not exist in type 'LessonSeed'. Did you mean to write 'videoUrl'?[0m [1m[35m[plugin angular-compiler][0m

    src/app/services/curriculum.service.ts:897:8:
[37m      897 │         [32mvideoQuery[37m: 'GitHub Pages deploy uzbek',
          ╵         [32m~~~~~~~~~~[0m


[31mX [41;31m[[41;97mERROR[41;31m][0m [1mTS2561: Object literal may only specify known properties, but 'videoQuery' does not exist in type 'LessonSeed'. Did you mean to write 'videoUrl'?[0m [1m[35m[plugin angular-compiler][0m

    src/app/services/curriculum.service.ts:916:8:
[37m      916 │         [32mvideoQuery[37m: 'Junior frontend portfolio final project uzbek',
          ╵         [32m~~~~~~~~~~[0m

[39m[22m
[1m[31m[31mX [41;31m[[41;97mERROR[41;31m][0m [1mNG8004: No pipe found with name 'date'.
To fix this, import the "DatePipe" class from "@angular/common" and add it to the "imports" array of the component.[0m [1m[35m[plugin angular-compiler][0m

    src/app/pages/certificate/certificate.html:81:53:
[37m      81 │ ...             <p>{{ certificate.issuedAt | [32mdate[37m:'dd.MM.yyyy' }}</p>
         ╵                                              [32m~~~~[0m

  Error occurs in the template of component CertificateComponent.

    src/app/pages/certificate/certificate.ts:19:17:
[37m      19 │     templateUrl: [32m'./certificate.html'[37m,
         ╵                  [32m~~~~~~~~~~~~~~~~~~~~[0m


[31mX [41;31m[[41;97mERROR[41;31m][0m [1mTS2561: Object literal may only specify known properties, but 'videoQuery' does not exist in type 'LessonSeed'. Did you mean to write 'videoUrl'?[0m [1m[35m[plugin angular-compiler][0m

    src/app/services/curriculum.service.ts:91:8:
[37m      91 │         [32mvideoQuery[37m: 'Chrome DevTools uzbek',
         ╵         [32m~~~~~~~~~~[0m


[31mX [41;31m[[41;97mERROR[41;31m][0m [1mTS2561: Object literal may only specify known properties, but 'videoQuery' does not exist in type 'LessonSeed'. Did you mean to write 'videoUrl'?[0m [1m[35m[plugin angular-compiler][0m

    src/app/services/curriculum.service.ts:111:8:
[37m      111 │         [32mvideoQuery[37m: 'frontend project folder structure uzbek',
          ╵         [32m~~~~~~~~~~[0m


[31mX [41;31m[[41;97mERROR[41;31m][0m [1mTS2561: Object literal may only specify known properties, but 'videoQuery' does not exist in type 'LessonSeed'. Did you mean to write 'videoUrl'?[0m [1m[35m[plugin angular-compiler][0m

    src/app/services/curriculum.service.ts:136:8:
[37m      136 │         [32mvideoQuery[37m: 'frontend backend API nima uzbek',
          ╵         [32m~~~~~~~~~~[0m


[31mX [41;31m[[41;97mERROR[41;31m][0m [1mTS2561: Object literal may only specify known properties, but 'videoQuery' does not exist in type 'LessonSeed'. Did you mean to write 'videoUrl'?[0m [1m[35m[plugin angular-compiler][0m

    src/app/services/curriculum.service.ts:160:8:
[37m      160 │         [32mvideoQuery[37m: 'HTML 0 dan',
          ╵         [32m~~~~~~~~~~[0m


[31mX [41;31m[[41;97mERROR[41;31m][0m [1mTS2561: Object literal may only specify known properties, but 'videoQuery' does not exist in type 'LessonSeed'. Did you mean to write 'videoUrl'?[0m [1m[35m[plugin angular-compiler][0m

    src/app/services/curriculum.service.ts:189:8:
[37m      189 │         [32mvideoQuery[37m: 'HTML h1 p ul ol li uzbek',
          ╵         [32m~~~~~~~~~~[0m


[31mX [41;31m[[41;97mERROR[41;31m][0m [1mTS2561: Object literal may only specify known properties, but 'videoQuery' does not exist in type 'LessonSeed'. Did you mean to write 'videoUrl'?[0m [1m[35m[plugin angular-compiler][0m

    src/app/services/curriculum.service.ts:216:8:
[37m      216 │         [32mvideoQuery[37m: 'HTML link image alt uzbek',
          ╵         [32m~~~~~~~~~~[0m


[31mX [41;31m[[41;97mERROR[41;31m][0m [1mTS2561: Object literal may only specify known properties, but 'videoQuery' does not exist in type 'LessonSeed'. Did you mean to write 'videoUrl'?[0m [1m[35m[plugin angular-compiler][0m

    src/app/services/curriculum.service.ts:240:8:
[37m      240 │         [32mvideoQuery[37m: 'HTML form input label uzbek',
          ╵         [32m~~~~~~~~~~[0m


[31mX [41;31m[[41;97mERROR[41;31m][0m [1mTS2561: Object literal may only specify known properties, but 'videoQuery' does not exist in type 'LessonSeed'. Did you mean to write 'videoUrl'?[0m [1m[35m[plugin angular-compiler][0m

    src/app/services/curriculum.service.ts:270:8:
[37m      270 │         [32mvideoQuery[37m: 'semantic HTML uzbek',
          ╵         [32m~~~~~~~~~~[0m


[31mX [41;31m[[41;97mERROR[41;31m][0m [1mTS2561: Object literal may only specify known properties, but 'videoQuery' does not exist in type 'LessonSeed'. Did you mean to write 'videoUrl'?[0m [1m[35m[plugin angular-compiler][0m

    src/app/services/curriculum.service.ts:304:8:
[37m      304 │         [32mvideoQuery[37m: 'HTML portfolio project uzbek',
          ╵         [32m~~~~~~~~~~[0m


[31mX [41;31m[[41;97mERROR[41;31m][0m [1mTS2561: Object literal may only specify known properties, but 'videoQuery' does not exist in type 'LessonSeed'. Did you mean to write 'videoUrl'?[0m [1m[35m[plugin angular-compiler][0m

    src/app/services/curriculum.service.ts:338:8:
[37m      338 │         [32mvideoQuery[37m: 'CSS 0 dan uzbek',
          ╵         [32m~~~~~~~~~~[0m


[31mX [41;31m[[41;97mERROR[41;31m][0m [1mTS2561: Object literal may only specify known properties, but 'videoQuery' does not exist in type 'LessonSeed'. Did you mean to write 'videoUrl'?[0m [1m[35m[plugin angular-compiler][0m

    src/app/services/curriculum.service.ts:367:8:
[37m      367 │         [32mvideoQuery[37m: 'CSS box model uzbek',
          ╵         [32m~~~~~~~~~~[0m


[31mX [41;31m[[41;97mERROR[41;31m][0m [1mTS2561: Object literal may only specify known properties, but 'videoQuery' does not exist in type 'LessonSeed'. Did you mean to write 'videoUrl'?[0m [1m[35m[plugin angular-compiler][0m

    src/app/services/curriculum.service.ts:395:8:
[37m      395 │         [32mvideoQuery[37m: 'CSS Flexbox uzbek',
          ╵         [32m~~~~~~~~~~[0m


[31mX [41;31m[[41;97mERROR[41;31m][0m [1mTS2561: Object literal may only specify known properties, but 'videoQuery' does not exist in type 'LessonSeed'. Did you mean to write 'videoUrl'?[0m [1m[35m[plugin angular-compiler][0m

    src/app/services/curriculum.service.ts:430:8:
[37m      430 │         [32mvideoQuery[37m: 'CSS Grid uzbek',
          ╵         [32m~~~~~~~~~~[0m


[31mX [41;31m[[41;97mERROR[41;31m][0m [1mTS2561: Object literal may only specify known properties, but 'videoQuery' does not exist in type 'LessonSeed'. Did you mean to write 'videoUrl'?[0m [1m[35m[plugin angular-compiler][0m

    src/app/services/curriculum.service.ts:447:8:
[37m      447 │         [32mvideoQuery[37m: 'responsive design media query uzbek',
          ╵         [32m~~~~~~~~~~[0m


[31mX [41;31m[[41;97mERROR[41;31m][0m [1mTS2561: Object literal may only specify known properties, but 'videoQuery' does not exist in type 'LessonSeed'. Did you mean to write 'videoUrl'?[0m [1m[35m[plugin angular-compiler][0m

    src/app/services/curriculum.service.ts:471:8:
[37m      471 │         [32mvideoQuery[37m: 'CSS portfolio design uzbek',
          ╵         [32m~~~~~~~~~~[0m


[31mX [41;31m[[41;97mERROR[41;31m][0m [1mTS2561: Object literal may only specify known properties, but 'videoQuery' does not exist in type 'LessonSeed'. Did you mean to write 'videoUrl'?[0m [1m[35m[plugin angular-compiler][0m

    src/app/services/curriculum.service.ts:500:8:
[37m      500 │         [32mvideoQuery[37m: 'JavaScript 0 dan uzbek',
          ╵         [32m~~~~~~~~~~[0m


[31mX [41;31m[[41;97mERROR[41;31m][0m [1mTS2561: Object literal may only specify known properties, but 'videoQuery' does not exist in type 'LessonSeed'. Did you mean to write 'videoUrl'?[0m [1m[35m[plugin angular-compiler][0m

    src/app/services/curriculum.service.ts:527:8:
[37m      527 │         [32mvideoQuery[37m: 'JavaScript if else for loop uzbek',
          ╵         [32m~~~~~~~~~~[0m


[31mX [41;31m[[41;97mERROR[41;31m][0m [1mTS2561: Object literal may only specify known properties, but 'videoQuery' does not exist in type 'LessonSeed'. Did you mean to write 'videoUrl'?[0m [1m[35m[plugin angular-compiler][0m

    src/app/services/curriculum.service.ts:552:8:
[37m      552 │         [32mvideoQuery[37m: 'JavaScript functions uzbek',
          ╵         [32m~~~~~~~~~~[0m


[31mX [41;31m[[41;97mERROR[41;31m][0m [1mTS2561: Object literal may only specify known properties, but 'videoQuery' does not exist in type 'LessonSeed'. Did you mean to write 'videoUrl'?[0m [1m[35m[plugin angular-compiler][0m

    src/app/services/curriculum.service.ts:575:8:
[37m      575 │         [32mvideoQuery[37m: 'JavaScript DOM querySelector uzbek',
          ╵         [32m~~~~~~~~~~[0m


[31mX [41;31m[[41;97mERROR[41;31m][0m [1mTS2561: Object literal may only specify known properties, but 'videoQuery' does not exist in type 'LessonSeed'. Did you mean to write 'videoUrl'?[0m [1m[35m[plugin angular-compiler][0m

    src/app/services/curriculum.service.ts:597:8:
[37m      597 │         [32mvideoQuery[37m: 'JavaScript addEventListener form validation ...
          ╵         [32m~~~~~~~~~~[0m


[31mX [41;31m[[41;97mERROR[41;31m][0m [1mTS2561: Object literal may only specify known properties, but 'videoQuery' does not exist in type 'LessonSeed'. Did you mean to write 'videoUrl'?[0m [1m[35m[plugin angular-compiler][0m

    src/app/services/curriculum.service.ts:623:8:
[37m      623 │         [32mvideoQuery[37m: 'JavaScript localStorage JSON uzbek',
          ╵         [32m~~~~~~~~~~[0m


[31mX [41;31m[[41;97mERROR[41;31m][0m [1mTS2561: Object literal may only specify known properties, but 'videoQuery' does not exist in type 'LessonSeed'. Did you mean to write 'videoUrl'?[0m [1m[35m[plugin angular-compiler][0m

    src/app/services/curriculum.service.ts:643:8:
[37m      643 │         [32mvideoQuery[37m: 'JavaScript fetch API async await uzbek',
          ╵         [32m~~~~~~~~~~[0m


[31mX [41;31m[[41;97mERROR[41;31m][0m [1mTS2561: Object literal may only specify known properties, but 'videoQuery' does not exist in type 'LessonSeed'. Did you mean to write 'videoUrl'?[0m [1m[35m[plugin angular-compiler][0m

    src/app/services/curriculum.service.ts:698:8:
[37m      698 │         [32mvideoQuery[37m: 'Node.js 0 dan uzbek',
          ╵         [32m~~~~~~~~~~[0m


[31mX [41;31m[[41;97mERROR[41;31m][0m [1mTS2561: Object literal may only specify known properties, but 'videoQuery' does not exist in type 'LessonSeed'. Did you mean to write 'videoUrl'?[0m [1m[35m[plugin angular-compiler][0m

    src/app/services/curriculum.service.ts:723:8:
[37m      723 │         [32mvideoQuery[37m: 'REST API Node.js uzbek',
          ╵         [32m~~~~~~~~~~[0m


[31mX [41;31m[[41;97mERROR[41;31m][0m [1mTS2561: Object literal may only specify known properties, but 'videoQuery' does not exist in type 'LessonSeed'. Did you mean to write 'videoUrl'?[0m [1m[35m[plugin angular-compiler][0m

    src/app/services/curriculum.service.ts:746:8:
[37m      746 │         [32mvideoQuery[37m: 'Node.js register auth uzbek',
          ╵         [32m~~~~~~~~~~[0m


[31mX [41;31m[[41;97mERROR[41;31m][0m [1mTS2561: Object literal may only specify known properties, but 'videoQuery' does not exist in type 'LessonSeed'. Did you mean to write 'videoUrl'?[0m [1m[35m[plugin angular-compiler][0m

    src/app/services/curriculum.service.ts:767:8:
[37m      767 │         [32mvideoQuery[37m: 'Angular fetch API service uzbek',
          ╵         [32m~~~~~~~~~~[0m


[31mX [41;31m[[41;97mERROR[41;31m][0m [1mTS2561: Object literal may only specify known properties, but 'videoQuery' does not exist in type 'LessonSeed'. Did you mean to write 'videoUrl'?[0m [1m[35m[plugin angular-compiler][0m

    src/app/services/curriculum.service.ts:788:8:
[37m      788 │         [32mvideoQuery[37m: 'Node.js clean code validation error handling...
          ╵         [32m~~~~~~~~~~[0m


[31mX [41;31m[[41;97mERROR[41;31m][0m [1mTS2561: Object literal may only specify known properties, but 'videoQuery' does not exist in type 'LessonSeed'. Did you mean to write 'videoUrl'?[0m [1m[35m[plugin angular-compiler][0m

    src/app/services/curriculum.service.ts:811:8:
[37m      811 │         [32mvideoQuery[37m: 'Git 0 dan uzbek',
          ╵         [32m~~~~~~~~~~[0m


[31mX [41;31m[[41;97mERROR[41;31m][0m [1mTS2561: Object literal may only specify known properties, but 'videoQuery' does not exist in type 'LessonSeed'. Did you mean to write 'videoUrl'?[0m [1m[35m[plugin angular-compiler][0m

    src/app/services/curriculum.service.ts:897:8:
[37m      897 │         [32mvideoQuery[37m: 'GitHub Pages deploy uzbek',
          ╵         [32m~~~~~~~~~~[0m


[31mX [41;31m[[41;97mERROR[41;31m][0m [1mTS2561: Object literal may only specify known properties, but 'videoQuery' does not exist in type 'LessonSeed'. Did you mean to write 'videoUrl'?[0m [1m[35m[plugin angular-compiler][0m

    src/app/services/curriculum.service.ts:916:8:
[37m      916 │         [32mvideoQuery[37m: 'Junior frontend portfolio final project uzbek',
          ╵         [32m~~~~~~~~~~[0m

[39m[22m
[1m[31m[31mX [41;31m[[41;97mERROR[41;31m][0m [1mNG8004: No pipe found with name 'date'.
To fix this, import the "DatePipe" class from "@angular/common" and add it to the "imports" array of the component.[0m [1m[35m[plugin angular-compiler][0m

    src/app/pages/certificate/certificate.html:81:53:
[37m      81 │ ...             <p>{{ certificate.issuedAt | [32mdate[37m:'dd.MM.yyyy' }}</p>
         ╵                                              [32m~~~~[0m

  Error occurs in the template of component CertificateComponent.

    src/app/pages/certificate/certificate.ts:19:17:
[37m      19 │     templateUrl: [32m'./certificate.html'[37m,
         ╵                  [32m~~~~~~~~~~~~~~~~~~~~[0m


[31mX [41;31m[[41;97mERROR[41;31m][0m [1mTS2561: Object literal may only specify known properties, but 'videoQuery' does not exist in type 'LessonSeed'. Did you mean to write 'videoUrl'?[0m [1m[35m[plugin angular-compiler][0m

    src/app/services/curriculum.service.ts:91:8:
[37m      91 │         [32mvideoQuery[37m: 'Chrome DevTools uzbek',
         ╵         [32m~~~~~~~~~~[0m


[31mX [41;31m[[41;97mERROR[41;31m][0m [1mTS2561: Object literal may only specify known properties, but 'videoQuery' does not exist in type 'LessonSeed'. Did you mean to write 'videoUrl'?[0m [1m[35m[plugin angular-compiler][0m

    src/app/services/curriculum.service.ts:111:8:
[37m      111 │         [32mvideoQuery[37m: 'frontend project folder structure uzbek',
          ╵         [32m~~~~~~~~~~[0m


[31mX [41;31m[[41;97mERROR[41;31m][0m [1mTS2561: Object literal may only specify known properties, but 'videoQuery' does not exist in type 'LessonSeed'. Did you mean to write 'videoUrl'?[0m [1m[35m[plugin angular-compiler][0m

    src/app/services/curriculum.service.ts:136:8:
[37m      136 │         [32mvideoQuery[37m: 'frontend backend API nima uzbek',
          ╵         [32m~~~~~~~~~~[0m


[31mX [41;31m[[41;97mERROR[41;31m][0m [1mTS2561: Object literal may only specify known properties, but 'videoQuery' does not exist in type 'LessonSeed'. Did you mean to write 'videoUrl'?[0m [1m[35m[plugin angular-compiler][0m

    src/app/services/curriculum.service.ts:160:8:
[37m      160 │         [32mvideoQuery[37m: 'HTML 0 dan',
          ╵         [32m~~~~~~~~~~[0m


[31mX [41;31m[[41;97mERROR[41;31m][0m [1mTS2561: Object literal may only specify known properties, but 'videoQuery' does not exist in type 'LessonSeed'. Did you mean to write 'videoUrl'?[0m [1m[35m[plugin angular-compiler][0m

    src/app/services/curriculum.service.ts:189:8:
[37m      189 │         [32mvideoQuery[37m: 'HTML h1 p ul ol li uzbek',
          ╵         [32m~~~~~~~~~~[0m


[31mX [41;31m[[41;97mERROR[41;31m][0m [1mTS2561: Object literal may only specify known properties, but 'videoQuery' does not exist in type 'LessonSeed'. Did you mean to write 'videoUrl'?[0m [1m[35m[plugin angular-compiler][0m

    src/app/services/curriculum.service.ts:216:8:
[37m      216 │         [32mvideoQuery[37m: 'HTML link image alt uzbek',
          ╵         [32m~~~~~~~~~~[0m


[31mX [41;31m[[41;97mERROR[41;31m][0m [1mTS2561: Object literal may only specify known properties, but 'videoQuery' does not exist in type 'LessonSeed'. Did you mean to write 'videoUrl'?[0m [1m[35m[plugin angular-compiler][0m

    src/app/services/curriculum.service.ts:240:8:
[37m      240 │         [32mvideoQuery[37m: 'HTML form input label uzbek',
          ╵         [32m~~~~~~~~~~[0m


[31mX [41;31m[[41;97mERROR[41;31m][0m [1mTS2561: Object literal may only specify known properties, but 'videoQuery' does not exist in type 'LessonSeed'. Did you mean to write 'videoUrl'?[0m [1m[35m[plugin angular-compiler][0m

    src/app/services/curriculum.service.ts:270:8:
[37m      270 │         [32mvideoQuery[37m: 'semantic HTML uzbek',
          ╵         [32m~~~~~~~~~~[0m


[31mX [41;31m[[41;97mERROR[41;31m][0m [1mTS2561: Object literal may only specify known properties, but 'videoQuery' does not exist in type 'LessonSeed'. Did you mean to write 'videoUrl'?[0m [1m[35m[plugin angular-compiler][0m

    src/app/services/curriculum.service.ts:304:8:
[37m      304 │         [32mvideoQuery[37m: 'HTML portfolio project uzbek',
          ╵         [32m~~~~~~~~~~[0m


[31mX [41;31m[[41;97mERROR[41;31m][0m [1mTS2561: Object literal may only specify known properties, but 'videoQuery' does not exist in type 'LessonSeed'. Did you mean to write 'videoUrl'?[0m [1m[35m[plugin angular-compiler][0m

    src/app/services/curriculum.service.ts:338:8:
[37m      338 │         [32mvideoQuery[37m: 'CSS 0 dan uzbek',
          ╵         [32m~~~~~~~~~~[0m


[31mX [41;31m[[41;97mERROR[41;31m][0m [1mTS2561: Object literal may only specify known properties, but 'videoQuery' does not exist in type 'LessonSeed'. Did you mean to write 'videoUrl'?[0m [1m[35m[plugin angular-compiler][0m

    src/app/services/curriculum.service.ts:367:8:
[37m      367 │         [32mvideoQuery[37m: 'CSS box model uzbek',
          ╵         [32m~~~~~~~~~~[0m


[31mX [41;31m[[41;97mERROR[41;31m][0m [1mTS2561: Object literal may only specify known properties, but 'videoQuery' does not exist in type 'LessonSeed'. Did you mean to write 'videoUrl'?[0m [1m[35m[plugin angular-compiler][0m

    src/app/services/curriculum.service.ts:395:8:
[37m      395 │         [32mvideoQuery[37m: 'CSS Flexbox uzbek',
          ╵         [32m~~~~~~~~~~[0m


[31mX [41;31m[[41;97mERROR[41;31m][0m [1mTS2561: Object literal may only specify known properties, but 'videoQuery' does not exist in type 'LessonSeed'. Did you mean to write 'videoUrl'?[0m [1m[35m[plugin angular-compiler][0m

    src/app/services/curriculum.service.ts:430:8:
[37m      430 │         [32mvideoQuery[37m: 'CSS Grid uzbek',
          ╵         [32m~~~~~~~~~~[0m


[31mX [41;31m[[41;97mERROR[41;31m][0m [1mTS2561: Object literal may only specify known properties, but 'videoQuery' does not exist in type 'LessonSeed'. Did you mean to write 'videoUrl'?[0m [1m[35m[plugin angular-compiler][0m

    src/app/services/curriculum.service.ts:447:8:
[37m      447 │         [32mvideoQuery[37m: 'responsive design media query uzbek',
          ╵         [32m~~~~~~~~~~[0m


[31mX [41;31m[[41;97mERROR[41;31m][0m [1mTS2561: Object literal may only specify known properties, but 'videoQuery' does not exist in type 'LessonSeed'. Did you mean to write 'videoUrl'?[0m [1m[35m[plugin angular-compiler][0m

    src/app/services/curriculum.service.ts:471:8:
[37m      471 │         [32mvideoQuery[37m: 'CSS portfolio design uzbek',
          ╵         [32m~~~~~~~~~~[0m


[31mX [41;31m[[41;97mERROR[41;31m][0m [1mTS2561: Object literal may only specify known properties, but 'videoQuery' does not exist in type 'LessonSeed'. Did you mean to write 'videoUrl'?[0m [1m[35m[plugin angular-compiler][0m

    src/app/services/curriculum.service.ts:500:8:
[37m      500 │         [32mvideoQuery[37m: 'JavaScript 0 dan uzbek',
          ╵         [32m~~~~~~~~~~[0m


[31mX [41;31m[[41;97mERROR[41;31m][0m [1mTS2561: Object literal may only specify known properties, but 'videoQuery' does not exist in type 'LessonSeed'. Did you mean to write 'videoUrl'?[0m [1m[35m[plugin angular-compiler][0m

    src/app/services/curriculum.service.ts:527:8:
[37m      527 │         [32mvideoQuery[37m: 'JavaScript if else for loop uzbek',
          ╵         [32m~~~~~~~~~~[0m


[31mX [41;31m[[41;97mERROR[41;31m][0m [1mTS2561: Object literal may only specify known properties, but 'videoQuery' does not exist in type 'LessonSeed'. Did you mean to write 'videoUrl'?[0m [1m[35m[plugin angular-compiler][0m

    src/app/services/curriculum.service.ts:552:8:
[37m      552 │         [32mvideoQuery[37m: 'JavaScript functions uzbek',
          ╵         [32m~~~~~~~~~~[0m


[31mX [41;31m[[41;97mERROR[41;31m][0m [1mTS2561: Object literal may only specify known properties, but 'videoQuery' does not exist in type 'LessonSeed'. Did you mean to write 'videoUrl'?[0m [1m[35m[plugin angular-compiler][0m

    src/app/services/curriculum.service.ts:575:8:
[37m      575 │         [32mvideoQuery[37m: 'JavaScript DOM querySelector uzbek',
          ╵         [32m~~~~~~~~~~[0m


[31mX [41;31m[[41;97mERROR[41;31m][0m [1mTS2561: Object literal may only specify known properties, but 'videoQuery' does not exist in type 'LessonSeed'. Did you mean to write 'videoUrl'?[0m [1m[35m[plugin angular-compiler][0m

    src/app/services/curriculum.service.ts:597:8:
[37m      597 │         [32mvideoQuery[37m: 'JavaScript addEventListener form validation ...
          ╵         [32m~~~~~~~~~~[0m


[31mX [41;31m[[41;97mERROR[41;31m][0m [1mTS2561: Object literal may only specify known properties, but 'videoQuery' does not exist in type 'LessonSeed'. Did you mean to write 'videoUrl'?[0m [1m[35m[plugin angular-compiler][0m

    src/app/services/curriculum.service.ts:623:8:
[37m      623 │         [32mvideoQuery[37m: 'JavaScript localStorage JSON uzbek',
          ╵         [32m~~~~~~~~~~[0m


[31mX [41;31m[[41;97mERROR[41;31m][0m [1mTS2561: Object literal may only specify known properties, but 'videoQuery' does not exist in type 'LessonSeed'. Did you mean to write 'videoUrl'?[0m [1m[35m[plugin angular-compiler][0m

    src/app/services/curriculum.service.ts:643:8:
[37m      643 │         [32mvideoQuery[37m: 'JavaScript fetch API async await uzbek',
          ╵         [32m~~~~~~~~~~[0m


[31mX [41;31m[[41;97mERROR[41;31m][0m [1mTS2561: Object literal may only specify known properties, but 'videoQuery' does not exist in type 'LessonSeed'. Did you mean to write 'videoUrl'?[0m [1m[35m[plugin angular-compiler][0m

    src/app/services/curriculum.service.ts:698:8:
[37m      698 │         [32mvideoQuery[37m: 'Node.js 0 dan uzbek',
          ╵         [32m~~~~~~~~~~[0m


[31mX [41;31m[[41;97mERROR[41;31m][0m [1mTS2561: Object literal may only specify known properties, but 'videoQuery' does not exist in type 'LessonSeed'. Did you mean to write 'videoUrl'?[0m [1m[35m[plugin angular-compiler][0m

    src/app/services/curriculum.service.ts:723:8:
[37m      723 │         [32mvideoQuery[37m: 'REST API Node.js uzbek',
          ╵         [32m~~~~~~~~~~[0m


[31mX [41;31m[[41;97mERROR[41;31m][0m [1mTS2561: Object literal may only specify known properties, but 'videoQuery' does not exist in type 'LessonSeed'. Did you mean to write 'videoUrl'?[0m [1m[35m[plugin angular-compiler][0m

    src/app/services/curriculum.service.ts:746:8:
[37m      746 │         [32mvideoQuery[37m: 'Node.js register auth uzbek',
          ╵         [32m~~~~~~~~~~[0m


[31mX [41;31m[[41;97mERROR[41;31m][0m [1mTS2561: Object literal may only specify known properties, but 'videoQuery' does not exist in type 'LessonSeed'. Did you mean to write 'videoUrl'?[0m [1m[35m[plugin angular-compiler][0m

    src/app/services/curriculum.service.ts:767:8:
[37m      767 │         [32mvideoQuery[37m: 'Angular fetch API service uzbek',
          ╵         [32m~~~~~~~~~~[0m


[31mX [41;31m[[41;97mERROR[41;31m][0m [1mTS2561: Object literal may only specify known properties, but 'videoQuery' does not exist in type 'LessonSeed'. Did you mean to write 'videoUrl'?[0m [1m[35m[plugin angular-compiler][0m

    src/app/services/curriculum.service.ts:788:8:
[37m      788 │         [32mvideoQuery[37m: 'Node.js clean code validation error handling...
          ╵         [32m~~~~~~~~~~[0m


[31mX [41;31m[[41;97mERROR[41;31m][0m [1mTS2561: Object literal may only specify known properties, but 'videoQuery' does not exist in type 'LessonSeed'. Did you mean to write 'videoUrl'?[0m [1m[35m[plugin angular-compiler][0m

    src/app/services/curriculum.service.ts:811:8:
[37m      811 │         [32mvideoQuery[37m: 'Git 0 dan uzbek',
          ╵         [32m~~~~~~~~~~[0m


[31mX [41;31m[[41;97mERROR[41;31m][0m [1mTS2561: Object literal may only specify known properties, but 'videoQuery' does not exist in type 'LessonSeed'. Did you mean to write 'videoUrl'?[0m [1m[35m[plugin angular-compiler][0m

    src/app/services/curriculum.service.ts:897:8:
[37m      897 │         [32mvideoQuery[37m: 'GitHub Pages deploy uzbek',
          ╵         [32m~~~~~~~~~~[0m


[31mX [41;31m[[41;97mERROR[41;31m][0m [1mTS2561: Object literal may only specify known properties, but 'videoQuery' does not exist in type 'LessonSeed'. Did you mean to write 'videoUrl'?[0m [1m[35m[plugin angular-compiler][0m

    src/app/services/curriculum.service.ts:916:8:
[37m      916 │         [32mvideoQuery[37m: 'Junior frontend portfolio final project uzbek',
          ╵         [32m~~~~~~~~~~[0m

[39m[22m
[1m[31m[31mX [41;31m[[41;97mERROR[41;31m][0m [1mNG8004: No pipe found with name 'date'.
To fix this, import the "DatePipe" class from "@angular/common" and add it to the "imports" array of the component.[0m [1m[35m[plugin angular-compiler][0m

    src/app/pages/certificate/certificate.html:81:53:
[37m      81 │ ...             <p>{{ certificate.issuedAt | [32mdate[37m:'dd.MM.yyyy' }}</p>
         ╵                                              [32m~~~~[0m

  Error occurs in the template of component CertificateComponent.

    src/app/pages/certificate/certificate.ts:19:17:
[37m      19 │     templateUrl: [32m'./certificate.html'[37m,
         ╵                  [32m~~~~~~~~~~~~~~~~~~~~[0m


[31mX [41;31m[[41;97mERROR[41;31m][0m [1mTS2561: Object literal may only specify known properties, but 'videoQuery' does not exist in type 'LessonSeed'. Did you mean to write 'videoUrl'?[0m [1m[35m[plugin angular-compiler][0m

    src/app/services/curriculum.service.ts:91:8:
[37m      91 │         [32mvideoQuery[37m: 'Chrome DevTools uzbek',
         ╵         [32m~~~~~~~~~~[0m


[31mX [41;31m[[41;97mERROR[41;31m][0m [1mTS2561: Object literal may only specify known properties, but 'videoQuery' does not exist in type 'LessonSeed'. Did you mean to write 'videoUrl'?[0m [1m[35m[plugin angular-compiler][0m

    src/app/services/curriculum.service.ts:111:8:
[37m      111 │         [32mvideoQuery[37m: 'frontend project folder structure uzbek',
          ╵         [32m~~~~~~~~~~[0m


[31mX [41;31m[[41;97mERROR[41;31m][0m [1mTS2561: Object literal may only specify known properties, but 'videoQuery' does not exist in type 'LessonSeed'. Did you mean to write 'videoUrl'?[0m [1m[35m[plugin angular-compiler][0m

    src/app/services/curriculum.service.ts:136:8:
[37m      136 │         [32mvideoQuery[37m: 'frontend backend API nima uzbek',
          ╵         [32m~~~~~~~~~~[0m


[31mX [41;31m[[41;97mERROR[41;31m][0m [1mTS2561: Object literal may only specify known properties, but 'videoQuery' does not exist in type 'LessonSeed'. Did you mean to write 'videoUrl'?[0m [1m[35m[plugin angular-compiler][0m

    src/app/services/curriculum.service.ts:160:8:
[37m      160 │         [32mvideoQuery[37m: 'HTML 0 dan',
          ╵         [32m~~~~~~~~~~[0m


[31mX [41;31m[[41;97mERROR[41;31m][0m [1mTS2561: Object literal may only specify known properties, but 'videoQuery' does not exist in type 'LessonSeed'. Did you mean to write 'videoUrl'?[0m [1m[35m[plugin angular-compiler][0m

    src/app/services/curriculum.service.ts:189:8:
[37m      189 │         [32mvideoQuery[37m: 'HTML h1 p ul ol li uzbek',
          ╵         [32m~~~~~~~~~~[0m


[31mX [41;31m[[41;97mERROR[41;31m][0m [1mTS2561: Object literal may only specify known properties, but 'videoQuery' does not exist in type 'LessonSeed'. Did you mean to write 'videoUrl'?[0m [1m[35m[plugin angular-compiler][0m

    src/app/services/curriculum.service.ts:216:8:
[37m      216 │         [32mvideoQuery[37m: 'HTML link image alt uzbek',
          ╵         [32m~~~~~~~~~~[0m


[31mX [41;31m[[41;97mERROR[41;31m][0m [1mTS2561: Object literal may only specify known properties, but 'videoQuery' does not exist in type 'LessonSeed'. Did you mean to write 'videoUrl'?[0m [1m[35m[plugin angular-compiler][0m

    src/app/services/curriculum.service.ts:240:8:
[37m      240 │         [32mvideoQuery[37m: 'HTML form input label uzbek',
          ╵         [32m~~~~~~~~~~[0m


[31mX [41;31m[[41;97mERROR[41;31m][0m [1mTS2561: Object literal may only specify known properties, but 'videoQuery' does not exist in type 'LessonSeed'. Did you mean to write 'videoUrl'?[0m [1m[35m[plugin angular-compiler][0m

    src/app/services/curriculum.service.ts:270:8:
[37m      270 │         [32mvideoQuery[37m: 'semantic HTML uzbek',
          ╵         [32m~~~~~~~~~~[0m


[31mX [41;31m[[41;97mERROR[41;31m][0m [1mTS2561: Object literal may only specify known properties, but 'videoQuery' does not exist in type 'LessonSeed'. Did you mean to write 'videoUrl'?[0m [1m[35m[plugin angular-compiler][0m

    src/app/services/curriculum.service.ts:304:8:
[37m      304 │         [32mvideoQuery[37m: 'HTML portfolio project uzbek',
          ╵         [32m~~~~~~~~~~[0m


[31mX [41;31m[[41;97mERROR[41;31m][0m [1mTS2561: Object literal may only specify known properties, but 'videoQuery' does not exist in type 'LessonSeed'. Did you mean to write 'videoUrl'?[0m [1m[35m[plugin angular-compiler][0m

    src/app/services/curriculum.service.ts:338:8:
[37m      338 │         [32mvideoQuery[37m: 'CSS 0 dan uzbek',
          ╵         [32m~~~~~~~~~~[0m


[31mX [41;31m[[41;97mERROR[41;31m][0m [1mTS2561: Object literal may only specify known properties, but 'videoQuery' does not exist in type 'LessonSeed'. Did you mean to write 'videoUrl'?[0m [1m[35m[plugin angular-compiler][0m

    src/app/services/curriculum.service.ts:367:8:
[37m      367 │         [32mvideoQuery[37m: 'CSS box model uzbek',
          ╵         [32m~~~~~~~~~~[0m


[31mX [41;31m[[41;97mERROR[41;31m][0m [1mTS2561: Object literal may only specify known properties, but 'videoQuery' does not exist in type 'LessonSeed'. Did you mean to write 'videoUrl'?[0m [1m[35m[plugin angular-compiler][0m

    src/app/services/curriculum.service.ts:395:8:
[37m      395 │         [32mvideoQuery[37m: 'CSS Flexbox uzbek',
          ╵         [32m~~~~~~~~~~[0m


[31mX [41;31m[[41;97mERROR[41;31m][0m [1mTS2561: Object literal may only specify known properties, but 'videoQuery' does not exist in type 'LessonSeed'. Did you mean to write 'videoUrl'?[0m [1m[35m[plugin angular-compiler][0m

    src/app/services/curriculum.service.ts:430:8:
[37m      430 │         [32mvideoQuery[37m: 'CSS Grid uzbek',
          ╵         [32m~~~~~~~~~~[0m


[31mX [41;31m[[41;97mERROR[41;31m][0m [1mTS2561: Object literal may only specify known properties, but 'videoQuery' does not exist in type 'LessonSeed'. Did you mean to write 'videoUrl'?[0m [1m[35m[plugin angular-compiler][0m

    src/app/services/curriculum.service.ts:447:8:
[37m      447 │         [32mvideoQuery[37m: 'responsive design media query uzbek',
          ╵         [32m~~~~~~~~~~[0m


[31mX [41;31m[[41;97mERROR[41;31m][0m [1mTS2561: Object literal may only specify known properties, but 'videoQuery' does not exist in type 'LessonSeed'. Did you mean to write 'videoUrl'?[0m [1m[35m[plugin angular-compiler][0m

    src/app/services/curriculum.service.ts:471:8:
[37m      471 │         [32mvideoQuery[37m: 'CSS portfolio design uzbek',
          ╵         [32m~~~~~~~~~~[0m


[31mX [41;31m[[41;97mERROR[41;31m][0m [1mTS2561: Object literal may only specify known properties, but 'videoQuery' does not exist in type 'LessonSeed'. Did you mean to write 'videoUrl'?[0m [1m[35m[plugin angular-compiler][0m

    src/app/services/curriculum.service.ts:500:8:
[37m      500 │         [32mvideoQuery[37m: 'JavaScript 0 dan uzbek',
          ╵         [32m~~~~~~~~~~[0m


[31mX [41;31m[[41;97mERROR[41;31m][0m [1mTS2561: Object literal may only specify known properties, but 'videoQuery' does not exist in type 'LessonSeed'. Did you mean to write 'videoUrl'?[0m [1m[35m[plugin angular-compiler][0m

    src/app/services/curriculum.service.ts:527:8:
[37m      527 │         [32mvideoQuery[37m: 'JavaScript if else for loop uzbek',
          ╵         [32m~~~~~~~~~~[0m


[31mX [41;31m[[41;97mERROR[41;31m][0m [1mTS2561: Object literal may only specify known properties, but 'videoQuery' does not exist in type 'LessonSeed'. Did you mean to write 'videoUrl'?[0m [1m[35m[plugin angular-compiler][0m

    src/app/services/curriculum.service.ts:552:8:
[37m      552 │         [32mvideoQuery[37m: 'JavaScript functions uzbek',
          ╵         [32m~~~~~~~~~~[0m


[31mX [41;31m[[41;97mERROR[41;31m][0m [1mTS2561: Object literal may only specify known properties, but 'videoQuery' does not exist in type 'LessonSeed'. Did you mean to write 'videoUrl'?[0m [1m[35m[plugin angular-compiler][0m

    src/app/services/curriculum.service.ts:575:8:
[37m      575 │         [32mvideoQuery[37m: 'JavaScript DOM querySelector uzbek',
          ╵         [32m~~~~~~~~~~[0m


[31mX [41;31m[[41;97mERROR[41;31m][0m [1mTS2561: Object literal may only specify known properties, but 'videoQuery' does not exist in type 'LessonSeed'. Did you mean to write 'videoUrl'?[0m [1m[35m[plugin angular-compiler][0m

    src/app/services/curriculum.service.ts:597:8:
[37m      597 │         [32mvideoQuery[37m: 'JavaScript addEventListener form validation ...
          ╵         [32m~~~~~~~~~~[0m


[31mX [41;31m[[41;97mERROR[41;31m][0m [1mTS2561: Object literal may only specify known properties, but 'videoQuery' does not exist in type 'LessonSeed'. Did you mean to write 'videoUrl'?[0m [1m[35m[plugin angular-compiler][0m

    src/app/services/curriculum.service.ts:623:8:
[37m      623 │         [32mvideoQuery[37m: 'JavaScript localStorage JSON uzbek',
          ╵         [32m~~~~~~~~~~[0m


[31mX [41;31m[[41;97mERROR[41;31m][0m [1mTS2561: Object literal may only specify known properties, but 'videoQuery' does not exist in type 'LessonSeed'. Did you mean to write 'videoUrl'?[0m [1m[35m[plugin angular-compiler][0m

    src/app/services/curriculum.service.ts:643:8:
[37m      643 │         [32mvideoQuery[37m: 'JavaScript fetch API async await uzbek',
          ╵         [32m~~~~~~~~~~[0m


[31mX [41;31m[[41;97mERROR[41;31m][0m [1mTS2561: Object literal may only specify known properties, but 'videoQuery' does not exist in type 'LessonSeed'. Did you mean to write 'videoUrl'?[0m [1m[35m[plugin angular-compiler][0m

    src/app/services/curriculum.service.ts:698:8:
[37m      698 │         [32mvideoQuery[37m: 'Node.js 0 dan uzbek',
          ╵         [32m~~~~~~~~~~[0m


[31mX [41;31m[[41;97mERROR[41;31m][0m [1mTS2561: Object literal may only specify known properties, but 'videoQuery' does not exist in type 'LessonSeed'. Did you mean to write 'videoUrl'?[0m [1m[35m[plugin angular-compiler][0m

    src/app/services/curriculum.service.ts:723:8:
[37m      723 │         [32mvideoQuery[37m: 'REST API Node.js uzbek',
          ╵         [32m~~~~~~~~~~[0m


[31mX [41;31m[[41;97mERROR[41;31m][0m [1mTS2561: Object literal may only specify known properties, but 'videoQuery' does not exist in type 'LessonSeed'. Did you mean to write 'videoUrl'?[0m [1m[35m[plugin angular-compiler][0m

    src/app/services/curriculum.service.ts:746:8:
[37m      746 │         [32mvideoQuery[37m: 'Node.js register auth uzbek',
          ╵         [32m~~~~~~~~~~[0m


[31mX [41;31m[[41;97mERROR[41;31m][0m [1mTS2561: Object literal may only specify known properties, but 'videoQuery' does not exist in type 'LessonSeed'. Did you mean to write 'videoUrl'?[0m [1m[35m[plugin angular-compiler][0m

    src/app/services/curriculum.service.ts:767:8:
[37m      767 │         [32mvideoQuery[37m: 'Angular fetch API service uzbek',
          ╵         [32m~~~~~~~~~~[0m


[31mX [41;31m[[41;97mERROR[41;31m][0m [1mTS2561: Object literal may only specify known properties, but 'videoQuery' does not exist in type 'LessonSeed'. Did you mean to write 'videoUrl'?[0m [1m[35m[plugin angular-compiler][0m

    src/app/services/curriculum.service.ts:788:8:
[37m      788 │         [32mvideoQuery[37m: 'Node.js clean code validation error handling...
          ╵         [32m~~~~~~~~~~[0m


[31mX [41;31m[[41;97mERROR[41;31m][0m [1mTS2561: Object literal may only specify known properties, but 'videoQuery' does not exist in type 'LessonSeed'. Did you mean to write 'videoUrl'?[0m [1m[35m[plugin angular-compiler][0m

    src/app/services/curriculum.service.ts:811:8:
[37m      811 │         [32mvideoQuery[37m: 'Git 0 dan uzbek',
          ╵         [32m~~~~~~~~~~[0m


[31mX [41;31m[[41;97mERROR[41;31m][0m [1mTS2561: Object literal may only specify known properties, but 'videoQuery' does not exist in type 'LessonSeed'. Did you mean to write 'videoUrl'?[0m [1m[35m[plugin angular-compiler][0m

    src/app/services/curriculum.service.ts:916:8:
[37m      916 │         [32mvideoQuery[37m: 'Junior frontend portfolio final project uzbek',
          ╵         [32m~~~~~~~~~~[0m

[39m[22m
[1m[31m[31mX [41;31m[[41;97mERROR[41;31m][0m [1mNG8004: No pipe found with name 'date'.
To fix this, import the "DatePipe" class from "@angular/common" and add it to the "imports" array of the component.[0m [1m[35m[plugin angular-compiler][0m

    src/app/pages/certificate/certificate.html:81:53:
[37m      81 │ ...             <p>{{ certificate.issuedAt | [32mdate[37m:'dd.MM.yyyy' }}</p>
         ╵                                              [32m~~~~[0m

  Error occurs in the template of component CertificateComponent.

    src/app/pages/certificate/certificate.ts:19:17:
[37m      19 │     templateUrl: [32m'./certificate.html'[37m,
         ╵                  [32m~~~~~~~~~~~~~~~~~~~~[0m


[31mX [41;31m[[41;97mERROR[41;31m][0m [1mTS2561: Object literal may only specify known properties, but 'videoQuery' does not exist in type 'LessonSeed'. Did you mean to write 'videoUrl'?[0m [1m[35m[plugin angular-compiler][0m

    src/app/services/curriculum.service.ts:91:8:
[37m      91 │         [32mvideoQuery[37m: 'Chrome DevTools uzbek',
         ╵         [32m~~~~~~~~~~[0m


[31mX [41;31m[[41;97mERROR[41;31m][0m [1mTS2561: Object literal may only specify known properties, but 'videoQuery' does not exist in type 'LessonSeed'. Did you mean to write 'videoUrl'?[0m [1m[35m[plugin angular-compiler][0m

    src/app/services/curriculum.service.ts:111:8:
[37m      111 │         [32mvideoQuery[37m: 'frontend project folder structure uzbek',
          ╵         [32m~~~~~~~~~~[0m


[31mX [41;31m[[41;97mERROR[41;31m][0m [1mTS2561: Object literal may only specify known properties, but 'videoQuery' does not exist in type 'LessonSeed'. Did you mean to write 'videoUrl'?[0m [1m[35m[plugin angular-compiler][0m

    src/app/services/curriculum.service.ts:136:8:
[37m      136 │         [32mvideoQuery[37m: 'frontend backend API nima uzbek',
          ╵         [32m~~~~~~~~~~[0m


[31mX [41;31m[[41;97mERROR[41;31m][0m [1mTS2561: Object literal may only specify known properties, but 'videoQuery' does not exist in type 'LessonSeed'. Did you mean to write 'videoUrl'?[0m [1m[35m[plugin angular-compiler][0m

    src/app/services/curriculum.service.ts:160:8:
[37m      160 │         [32mvideoQuery[37m: 'HTML 0 dan',
          ╵         [32m~~~~~~~~~~[0m


[31mX [41;31m[[41;97mERROR[41;31m][0m [1mTS2561: Object literal may only specify known properties, but 'videoQuery' does not exist in type 'LessonSeed'. Did you mean to write 'videoUrl'?[0m [1m[35m[plugin angular-compiler][0m

    src/app/services/curriculum.service.ts:189:8:
[37m      189 │         [32mvideoQuery[37m: 'HTML h1 p ul ol li uzbek',
          ╵         [32m~~~~~~~~~~[0m


[31mX [41;31m[[41;97mERROR[41;31m][0m [1mTS2561: Object literal may only specify known properties, but 'videoQuery' does not exist in type 'LessonSeed'. Did you mean to write 'videoUrl'?[0m [1m[35m[plugin angular-compiler][0m

    src/app/services/curriculum.service.ts:216:8:
[37m      216 │         [32mvideoQuery[37m: 'HTML link image alt uzbek',
          ╵         [32m~~~~~~~~~~[0m


[31mX [41;31m[[41;97mERROR[41;31m][0m [1mTS2561: Object literal may only specify known properties, but 'videoQuery' does not exist in type 'LessonSeed'. Did you mean to write 'videoUrl'?[0m [1m[35m[plugin angular-compiler][0m

    src/app/services/curriculum.service.ts:240:8:
[37m      240 │         [32mvideoQuery[37m: 'HTML form input label uzbek',
          ╵         [32m~~~~~~~~~~[0m


[31mX [41;31m[[41;97mERROR[41;31m][0m [1mTS2561: Object literal may only specify known properties, but 'videoQuery' does not exist in type 'LessonSeed'. Did you mean to write 'videoUrl'?[0m [1m[35m[plugin angular-compiler][0m

    src/app/services/curriculum.service.ts:270:8:
[37m      270 │         [32mvideoQuery[37m: 'semantic HTML uzbek',
          ╵         [32m~~~~~~~~~~[0m


[31mX [41;31m[[41;97mERROR[41;31m][0m [1mTS2561: Object literal may only specify known properties, but 'videoQuery' does not exist in type 'LessonSeed'. Did you mean to write 'videoUrl'?[0m [1m[35m[plugin angular-compiler][0m

    src/app/services/curriculum.service.ts:304:8:
[37m      304 │         [32mvideoQuery[37m: 'HTML portfolio project uzbek',
          ╵         [32m~~~~~~~~~~[0m


[31mX [41;31m[[41;97mERROR[41;31m][0m [1mTS2561: Object literal may only specify known properties, but 'videoQuery' does not exist in type 'LessonSeed'. Did you mean to write 'videoUrl'?[0m [1m[35m[plugin angular-compiler][0m

    src/app/services/curriculum.service.ts:338:8:
[37m      338 │         [32mvideoQuery[37m: 'CSS 0 dan uzbek',
          ╵         [32m~~~~~~~~~~[0m


[31mX [41;31m[[41;97mERROR[41;31m][0m [1mTS2561: Object literal may only specify known properties, but 'videoQuery' does not exist in type 'LessonSeed'. Did you mean to write 'videoUrl'?[0m [1m[35m[plugin angular-compiler][0m

    src/app/services/curriculum.service.ts:367:8:
[37m      367 │         [32mvideoQuery[37m: 'CSS box model uzbek',
          ╵         [32m~~~~~~~~~~[0m


[31mX [41;31m[[41;97mERROR[41;31m][0m [1mTS2561: Object literal may only specify known properties, but 'videoQuery' does not exist in type 'LessonSeed'. Did you mean to write 'videoUrl'?[0m [1m[35m[plugin angular-compiler][0m

    src/app/services/curriculum.service.ts:395:8:
[37m      395 │         [32mvideoQuery[37m: 'CSS Flexbox uzbek',
          ╵         [32m~~~~~~~~~~[0m


[31mX [41;31m[[41;97mERROR[41;31m][0m [1mTS2561: Object literal may only specify known properties, but 'videoQuery' does not exist in type 'LessonSeed'. Did you mean to write 'videoUrl'?[0m [1m[35m[plugin angular-compiler][0m

    src/app/services/curriculum.service.ts:430:8:
[37m      430 │         [32mvideoQuery[37m: 'CSS Grid uzbek',
          ╵         [32m~~~~~~~~~~[0m


[31mX [41;31m[[41;97mERROR[41;31m][0m [1mTS2561: Object literal may only specify known properties, but 'videoQuery' does not exist in type 'LessonSeed'. Did you mean to write 'videoUrl'?[0m [1m[35m[plugin angular-compiler][0m

    src/app/services/curriculum.service.ts:447:8:
[37m      447 │         [32mvideoQuery[37m: 'responsive design media query uzbek',
          ╵         [32m~~~~~~~~~~[0m


[31mX [41;31m[[41;97mERROR[41;31m][0m [1mTS2561: Object literal may only specify known properties, but 'videoQuery' does not exist in type 'LessonSeed'. Did you mean to write 'videoUrl'?[0m [1m[35m[plugin angular-compiler][0m

    src/app/services/curriculum.service.ts:471:8:
[37m      471 │         [32mvideoQuery[37m: 'CSS portfolio design uzbek',
          ╵         [32m~~~~~~~~~~[0m


[31mX [41;31m[[41;97mERROR[41;31m][0m [1mTS2561: Object literal may only specify known properties, but 'videoQuery' does not exist in type 'LessonSeed'. Did you mean to write 'videoUrl'?[0m [1m[35m[plugin angular-compiler][0m

    src/app/services/curriculum.service.ts:500:8:
[37m      500 │         [32mvideoQuery[37m: 'JavaScript 0 dan uzbek',
          ╵         [32m~~~~~~~~~~[0m


[31mX [41;31m[[41;97mERROR[41;31m][0m [1mTS2561: Object literal may only specify known properties, but 'videoQuery' does not exist in type 'LessonSeed'. Did you mean to write 'videoUrl'?[0m [1m[35m[plugin angular-compiler][0m

    src/app/services/curriculum.service.ts:527:8:
[37m      527 │         [32mvideoQuery[37m: 'JavaScript if else for loop uzbek',
          ╵         [32m~~~~~~~~~~[0m


[31mX [41;31m[[41;97mERROR[41;31m][0m [1mTS2561: Object literal may only specify known properties, but 'videoQuery' does not exist in type 'LessonSeed'. Did you mean to write 'videoUrl'?[0m [1m[35m[plugin angular-compiler][0m

    src/app/services/curriculum.service.ts:552:8:
[37m      552 │         [32mvideoQuery[37m: 'JavaScript functions uzbek',
          ╵         [32m~~~~~~~~~~[0m


[31mX [41;31m[[41;97mERROR[41;31m][0m [1mTS2561: Object literal may only specify known properties, but 'videoQuery' does not exist in type 'LessonSeed'. Did you mean to write 'videoUrl'?[0m [1m[35m[plugin angular-compiler][0m

    src/app/services/curriculum.service.ts:575:8:
[37m      575 │         [32mvideoQuery[37m: 'JavaScript DOM querySelector uzbek',
          ╵         [32m~~~~~~~~~~[0m


[31mX [41;31m[[41;97mERROR[41;31m][0m [1mTS2561: Object literal may only specify known properties, but 'videoQuery' does not exist in type 'LessonSeed'. Did you mean to write 'videoUrl'?[0m [1m[35m[plugin angular-compiler][0m

    src/app/services/curriculum.service.ts:597:8:
[37m      597 │         [32mvideoQuery[37m: 'JavaScript addEventListener form validation ...
          ╵         [32m~~~~~~~~~~[0m


[31mX [41;31m[[41;97mERROR[41;31m][0m [1mTS2561: Object literal may only specify known properties, but 'videoQuery' does not exist in type 'LessonSeed'. Did you mean to write 'videoUrl'?[0m [1m[35m[plugin angular-compiler][0m

    src/app/services/curriculum.service.ts:623:8:
[37m      623 │         [32mvideoQuery[37m: 'JavaScript localStorage JSON uzbek',
          ╵         [32m~~~~~~~~~~[0m


[31mX [41;31m[[41;97mERROR[41;31m][0m [1mTS2561: Object literal may only specify known properties, but 'videoQuery' does not exist in type 'LessonSeed'. Did you mean to write 'videoUrl'?[0m [1m[35m[plugin angular-compiler][0m

    src/app/services/curriculum.service.ts:643:8:
[37m      643 │         [32mvideoQuery[37m: 'JavaScript fetch API async await uzbek',
          ╵         [32m~~~~~~~~~~[0m


[31mX [41;31m[[41;97mERROR[41;31m][0m [1mTS2561: Object literal may only specify known properties, but 'videoQuery' does not exist in type 'LessonSeed'. Did you mean to write 'videoUrl'?[0m [1m[35m[plugin angular-compiler][0m

    src/app/services/curriculum.service.ts:698:8:
[37m      698 │         [32mvideoQuery[37m: 'Node.js 0 dan uzbek',
          ╵         [32m~~~~~~~~~~[0m


[31mX [41;31m[[41;97mERROR[41;31m][0m [1mTS2561: Object literal may only specify known properties, but 'videoQuery' does not exist in type 'LessonSeed'. Did you mean to write 'videoUrl'?[0m [1m[35m[plugin angular-compiler][0m

    src/app/services/curriculum.service.ts:723:8:
[37m      723 │         [32mvideoQuery[37m: 'REST API Node.js uzbek',
          ╵         [32m~~~~~~~~~~[0m


[31mX [41;31m[[41;97mERROR[41;31m][0m [1mTS2561: Object literal may only specify known properties, but 'videoQuery' does not exist in type 'LessonSeed'. Did you mean to write 'videoUrl'?[0m [1m[35m[plugin angular-compiler][0m

    src/app/services/curriculum.service.ts:746:8:
[37m      746 │         [32mvideoQuery[37m: 'Node.js register auth uzbek',
          ╵         [32m~~~~~~~~~~[0m


[31mX [41;31m[[41;97mERROR[41;31m][0m [1mTS2561: Object literal may only specify known properties, but 'videoQuery' does not exist in type 'LessonSeed'. Did you mean to write 'videoUrl'?[0m [1m[35m[plugin angular-compiler][0m

    src/app/services/curriculum.service.ts:767:8:
[37m      767 │         [32mvideoQuery[37m: 'Angular fetch API service uzbek',
          ╵         [32m~~~~~~~~~~[0m


[31mX [41;31m[[41;97mERROR[41;31m][0m [1mTS2561: Object literal may only specify known properties, but 'videoQuery' does not exist in type 'LessonSeed'. Did you mean to write 'videoUrl'?[0m [1m[35m[plugin angular-compiler][0m

    src/app/services/curriculum.service.ts:788:8:
[37m      788 │         [32mvideoQuery[37m: 'Node.js clean code validation error handling...
          ╵         [32m~~~~~~~~~~[0m


[31mX [41;31m[[41;97mERROR[41;31m][0m [1mTS2561: Object literal may only specify known properties, but 'videoQuery' does not exist in type 'LessonSeed'. Did you mean to write 'videoUrl'?[0m [1m[35m[plugin angular-compiler][0m

    src/app/services/curriculum.service.ts:811:8:
[37m      811 │         [32mvideoQuery[37m: 'Git 0 dan uzbek',
          ╵         [32m~~~~~~~~~~[0m


[31mX [41;31m[[41;97mERROR[41;31m][0m [1mTS2561: Object literal may only specify known properties, but 'videoQuery' does not exist in type 'LessonSeed'. Did you mean to write 'videoUrl'?[0m [1m[35m[plugin angular-compiler][0m

    src/app/services/curriculum.service.ts:916:8:
[37m      916 │         [32mvideoQuery[37m: 'Junior frontend portfolio final project uzbek',
          ╵         [32m~~~~~~~~~~[0m

[39m[22m
[1m[31m[31mX [41;31m[[41;97mERROR[41;31m][0m [1mNG8004: No pipe found with name 'date'.
To fix this, import the "DatePipe" class from "@angular/common" and add it to the "imports" array of the component.[0m [1m[35m[plugin angular-compiler][0m

    src/app/pages/certificate/certificate.html:81:53:
[37m      81 │ ...             <p>{{ certificate.issuedAt | [32mdate[37m:'dd.MM.yyyy' }}</p>
         ╵                                              [32m~~~~[0m

  Error occurs in the template of component CertificateComponent.

    src/app/pages/certificate/certificate.ts:19:17:
[37m      19 │     templateUrl: [32m'./certificate.html'[37m,
         ╵                  [32m~~~~~~~~~~~~~~~~~~~~[0m


[31mX [41;31m[[41;97mERROR[41;31m][0m [1mTS2561: Object literal may only specify known properties, but 'videoQuery' does not exist in type 'LessonSeed'. Did you mean to write 'videoUrl'?[0m [1m[35m[plugin angular-compiler][0m

    src/app/services/curriculum.service.ts:91:8:
[37m      91 │         [32mvideoQuery[37m: 'Chrome DevTools uzbek',
         ╵         [32m~~~~~~~~~~[0m


[31mX [41;31m[[41;97mERROR[41;31m][0m [1mTS2561: Object literal may only specify known properties, but 'videoQuery' does not exist in type 'LessonSeed'. Did you mean to write 'videoUrl'?[0m [1m[35m[plugin angular-compiler][0m

    src/app/services/curriculum.service.ts:111:8:
[37m      111 │         [32mvideoQuery[37m: 'frontend project folder structure uzbek',
          ╵         [32m~~~~~~~~~~[0m


[31mX [41;31m[[41;97mERROR[41;31m][0m [1mTS2561: Object literal may only specify known properties, but 'videoQuery' does not exist in type 'LessonSeed'. Did you mean to write 'videoUrl'?[0m [1m[35m[plugin angular-compiler][0m

    src/app/services/curriculum.service.ts:136:8:
[37m      136 │         [32mvideoQuery[37m: 'frontend backend API nima uzbek',
          ╵         [32m~~~~~~~~~~[0m


[31mX [41;31m[[41;97mERROR[41;31m][0m [1mTS2561: Object literal may only specify known properties, but 'videoQuery' does not exist in type 'LessonSeed'. Did you mean to write 'videoUrl'?[0m [1m[35m[plugin angular-compiler][0m

    src/app/services/curriculum.service.ts:160:8:
[37m      160 │         [32mvideoQuery[37m: 'HTML 0 dan',
          ╵         [32m~~~~~~~~~~[0m


[31mX [41;31m[[41;97mERROR[41;31m][0m [1mTS2561: Object literal may only specify known properties, but 'videoQuery' does not exist in type 'LessonSeed'. Did you mean to write 'videoUrl'?[0m [1m[35m[plugin angular-compiler][0m

    src/app/services/curriculum.service.ts:189:8:
[37m      189 │         [32mvideoQuery[37m: 'HTML h1 p ul ol li uzbek',
          ╵         [32m~~~~~~~~~~[0m


[31mX [41;31m[[41;97mERROR[41;31m][0m [1mTS2561: Object literal may only specify known properties, but 'videoQuery' does not exist in type 'LessonSeed'. Did you mean to write 'videoUrl'?[0m [1m[35m[plugin angular-compiler][0m

    src/app/services/curriculum.service.ts:216:8:
[37m      216 │         [32mvideoQuery[37m: 'HTML link image alt uzbek',
          ╵         [32m~~~~~~~~~~[0m


[31mX [41;31m[[41;97mERROR[41;31m][0m [1mTS2561: Object literal may only specify known properties, but 'videoQuery' does not exist in type 'LessonSeed'. Did you mean to write 'videoUrl'?[0m [1m[35m[plugin angular-compiler][0m

    src/app/services/curriculum.service.ts:240:8:
[37m      240 │         [32mvideoQuery[37m: 'HTML form input label uzbek',
          ╵         [32m~~~~~~~~~~[0m


[31mX [41;31m[[41;97mERROR[41;31m][0m [1mTS2561: Object literal may only specify known properties, but 'videoQuery' does not exist in type 'LessonSeed'. Did you mean to write 'videoUrl'?[0m [1m[35m[plugin angular-compiler][0m

    src/app/services/curriculum.service.ts:270:8:
[37m      270 │         [32mvideoQuery[37m: 'semantic HTML uzbek',
          ╵         [32m~~~~~~~~~~[0m


[31mX [41;31m[[41;97mERROR[41;31m][0m [1mTS2561: Object literal may only specify known properties, but 'videoQuery' does not exist in type 'LessonSeed'. Did you mean to write 'videoUrl'?[0m [1m[35m[plugin angular-compiler][0m

    src/app/services/curriculum.service.ts:304:8:
[37m      304 │         [32mvideoQuery[37m: 'HTML portfolio project uzbek',
          ╵         [32m~~~~~~~~~~[0m


[31mX [41;31m[[41;97mERROR[41;31m][0m [1mTS2561: Object literal may only specify known properties, but 'videoQuery' does not exist in type 'LessonSeed'. Did you mean to write 'videoUrl'?[0m [1m[35m[plugin angular-compiler][0m

    src/app/services/curriculum.service.ts:338:8:
[37m      338 │         [32mvideoQuery[37m: 'CSS 0 dan uzbek',
          ╵         [32m~~~~~~~~~~[0m


[31mX [41;31m[[41;97mERROR[41;31m][0m [1mTS2561: Object literal may only specify known properties, but 'videoQuery' does not exist in type 'LessonSeed'. Did you mean to write 'videoUrl'?[0m [1m[35m[plugin angular-compiler][0m

    src/app/services/curriculum.service.ts:367:8:
[37m      367 │         [32mvideoQuery[37m: 'CSS box model uzbek',
          ╵         [32m~~~~~~~~~~[0m


[31mX [41;31m[[41;97mERROR[41;31m][0m [1mTS2561: Object literal may only specify known properties, but 'videoQuery' does not exist in type 'LessonSeed'. Did you mean to write 'videoUrl'?[0m [1m[35m[plugin angular-compiler][0m

    src/app/services/curriculum.service.ts:395:8:
[37m      395 │         [32mvideoQuery[37m: 'CSS Flexbox uzbek',
          ╵         [32m~~~~~~~~~~[0m


[31mX [41;31m[[41;97mERROR[41;31m][0m [1mTS2561: Object literal may only specify known properties, but 'videoQuery' does not exist in type 'LessonSeed'. Did you mean to write 'videoUrl'?[0m [1m[35m[plugin angular-compiler][0m

    src/app/services/curriculum.service.ts:430:8:
[37m      430 │         [32mvideoQuery[37m: 'CSS Grid uzbek',
          ╵         [32m~~~~~~~~~~[0m


[31mX [41;31m[[41;97mERROR[41;31m][0m [1mTS2561: Object literal may only specify known properties, but 'videoQuery' does not exist in type 'LessonSeed'. Did you mean to write 'videoUrl'?[0m [1m[35m[plugin angular-compiler][0m

    src/app/services/curriculum.service.ts:447:8:
[37m      447 │         [32mvideoQuery[37m: 'responsive design media query uzbek',
          ╵         [32m~~~~~~~~~~[0m


[31mX [41;31m[[41;97mERROR[41;31m][0m [1mTS2561: Object literal may only specify known properties, but 'videoQuery' does not exist in type 'LessonSeed'. Did you mean to write 'videoUrl'?[0m [1m[35m[plugin angular-compiler][0m

    src/app/services/curriculum.service.ts:471:8:
[37m      471 │         [32mvideoQuery[37m: 'CSS portfolio design uzbek',
          ╵         [32m~~~~~~~~~~[0m


[31mX [41;31m[[41;97mERROR[41;31m][0m [1mTS2561: Object literal may only specify known properties, but 'videoQuery' does not exist in type 'LessonSeed'. Did you mean to write 'videoUrl'?[0m [1m[35m[plugin angular-compiler][0m

    src/app/services/curriculum.service.ts:500:8:
[37m      500 │         [32mvideoQuery[37m: 'JavaScript 0 dan uzbek',
          ╵         [32m~~~~~~~~~~[0m


[31mX [41;31m[[41;97mERROR[41;31m][0m [1mTS2561: Object literal may only specify known properties, but 'videoQuery' does not exist in type 'LessonSeed'. Did you mean to write 'videoUrl'?[0m [1m[35m[plugin angular-compiler][0m

    src/app/services/curriculum.service.ts:527:8:
[37m      527 │         [32mvideoQuery[37m: 'JavaScript if else for loop uzbek',
          ╵         [32m~~~~~~~~~~[0m


[31mX [41;31m[[41;97mERROR[41;31m][0m [1mTS2561: Object literal may only specify known properties, but 'videoQuery' does not exist in type 'LessonSeed'. Did you mean to write 'videoUrl'?[0m [1m[35m[plugin angular-compiler][0m

    src/app/services/curriculum.service.ts:552:8:
[37m      552 │         [32mvideoQuery[37m: 'JavaScript functions uzbek',
          ╵         [32m~~~~~~~~~~[0m


[31mX [41;31m[[41;97mERROR[41;31m][0m [1mTS2561: Object literal may only specify known properties, but 'videoQuery' does not exist in type 'LessonSeed'. Did you mean to write 'videoUrl'?[0m [1m[35m[plugin angular-compiler][0m

    src/app/services/curriculum.service.ts:575:8:
[37m      575 │         [32mvideoQuery[37m: 'JavaScript DOM querySelector uzbek',
          ╵         [32m~~~~~~~~~~[0m


[31mX [41;31m[[41;97mERROR[41;31m][0m [1mTS2561: Object literal may only specify known properties, but 'videoQuery' does not exist in type 'LessonSeed'. Did you mean to write 'videoUrl'?[0m [1m[35m[plugin angular-compiler][0m

    src/app/services/curriculum.service.ts:597:8:
[37m      597 │         [32mvideoQuery[37m: 'JavaScript addEventListener form validation ...
          ╵         [32m~~~~~~~~~~[0m


[31mX [41;31m[[41;97mERROR[41;31m][0m [1mTS2561: Object literal may only specify known properties, but 'videoQuery' does not exist in type 'LessonSeed'. Did you mean to write 'videoUrl'?[0m [1m[35m[plugin angular-compiler][0m

    src/app/services/curriculum.service.ts:623:8:
[37m      623 │         [32mvideoQuery[37m: 'JavaScript localStorage JSON uzbek',
          ╵         [32m~~~~~~~~~~[0m


[31mX [41;31m[[41;97mERROR[41;31m][0m [1mTS2561: Object literal may only specify known properties, but 'videoQuery' does not exist in type 'LessonSeed'. Did you mean to write 'videoUrl'?[0m [1m[35m[plugin angular-compiler][0m

    src/app/services/curriculum.service.ts:643:8:
[37m      643 │         [32mvideoQuery[37m: 'JavaScript fetch API async await uzbek',
          ╵         [32m~~~~~~~~~~[0m


[31mX [41;31m[[41;97mERROR[41;31m][0m [1mTS2561: Object literal may only specify known properties, but 'videoQuery' does not exist in type 'LessonSeed'. Did you mean to write 'videoUrl'?[0m [1m[35m[plugin angular-compiler][0m

    src/app/services/curriculum.service.ts:698:8:
[37m      698 │         [32mvideoQuery[37m: 'Node.js 0 dan uzbek',
          ╵         [32m~~~~~~~~~~[0m


[31mX [41;31m[[41;97mERROR[41;31m][0m [1mTS2561: Object literal may only specify known properties, but 'videoQuery' does not exist in type 'LessonSeed'. Did you mean to write 'videoUrl'?[0m [1m[35m[plugin angular-compiler][0m

    src/app/services/curriculum.service.ts:723:8:
[37m      723 │         [32mvideoQuery[37m: 'REST API Node.js uzbek',
          ╵         [32m~~~~~~~~~~[0m


[31mX [41;31m[[41;97mERROR[41;31m][0m [1mTS2561: Object literal may only specify known properties, but 'videoQuery' does not exist in type 'LessonSeed'. Did you mean to write 'videoUrl'?[0m [1m[35m[plugin angular-compiler][0m

    src/app/services/curriculum.service.ts:746:8:
[37m      746 │         [32mvideoQuery[37m: 'Node.js register auth uzbek',
          ╵         [32m~~~~~~~~~~[0m


[31mX [41;31m[[41;97mERROR[41;31m][0m [1mTS2561: Object literal may only specify known properties, but 'videoQuery' does not exist in type 'LessonSeed'. Did you mean to write 'videoUrl'?[0m [1m[35m[plugin angular-compiler][0m

    src/app/services/curriculum.service.ts:767:8:
[37m      767 │         [32mvideoQuery[37m: 'Angular fetch API service uzbek',
          ╵         [32m~~~~~~~~~~[0m


[31mX [41;31m[[41;97mERROR[41;31m][0m [1mTS2561: Object literal may only specify known properties, but 'videoQuery' does not exist in type 'LessonSeed'. Did you mean to write 'videoUrl'?[0m [1m[35m[plugin angular-compiler][0m

    src/app/services/curriculum.service.ts:788:8:
[37m      788 │         [32mvideoQuery[37m: 'Node.js clean code validation error handling...
          ╵         [32m~~~~~~~~~~[0m


[31mX [41;31m[[41;97mERROR[41;31m][0m [1mTS2561: Object literal may only specify known properties, but 'videoQuery' does not exist in type 'LessonSeed'. Did you mean to write 'videoUrl'?[0m [1m[35m[plugin angular-compiler][0m

    src/app/services/curriculum.service.ts:811:8:
[37m      811 │         [32mvideoQuery[37m: 'Git 0 dan uzbek',
          ╵         [32m~~~~~~~~~~[0m

[39m[22m
[1m[31m[31mX [41;31m[[41;97mERROR[41;31m][0m [1mNG8004: No pipe found with name 'date'.
To fix this, import the "DatePipe" class from "@angular/common" and add it to the "imports" array of the component.[0m [1m[35m[plugin angular-compiler][0m

    src/app/pages/certificate/certificate.html:81:53:
[37m      81 │ ...             <p>{{ certificate.issuedAt | [32mdate[37m:'dd.MM.yyyy' }}</p>
         ╵                                              [32m~~~~[0m

  Error occurs in the template of component CertificateComponent.

    src/app/pages/certificate/certificate.ts:19:17:
[37m      19 │     templateUrl: [32m'./certificate.html'[37m,
         ╵                  [32m~~~~~~~~~~~~~~~~~~~~[0m


[31mX [41;31m[[41;97mERROR[41;31m][0m [1mTS2561: Object literal may only specify known properties, but 'videoQuery' does not exist in type 'LessonSeed'. Did you mean to write 'videoUrl'?[0m [1m[35m[plugin angular-compiler][0m

    src/app/services/curriculum.service.ts:91:8:
[37m      91 │         [32mvideoQuery[37m: 'Chrome DevTools uzbek',
         ╵         [32m~~~~~~~~~~[0m


[31mX [41;31m[[41;97mERROR[41;31m][0m [1mTS2561: Object literal may only specify known properties, but 'videoQuery' does not exist in type 'LessonSeed'. Did you mean to write 'videoUrl'?[0m [1m[35m[plugin angular-compiler][0m

    src/app/services/curriculum.service.ts:111:8:
[37m      111 │         [32mvideoQuery[37m: 'frontend project folder structure uzbek',
          ╵         [32m~~~~~~~~~~[0m


[31mX [41;31m[[41;97mERROR[41;31m][0m [1mTS2561: Object literal may only specify known properties, but 'videoQuery' does not exist in type 'LessonSeed'. Did you mean to write 'videoUrl'?[0m [1m[35m[plugin angular-compiler][0m

    src/app/services/curriculum.service.ts:136:8:
[37m      136 │         [32mvideoQuery[37m: 'frontend backend API nima uzbek',
          ╵         [32m~~~~~~~~~~[0m


[31mX [41;31m[[41;97mERROR[41;31m][0m [1mTS2561: Object literal may only specify known properties, but 'videoQuery' does not exist in type 'LessonSeed'. Did you mean to write 'videoUrl'?[0m [1m[35m[plugin angular-compiler][0m

    src/app/services/curriculum.service.ts:160:8:
[37m      160 │         [32mvideoQuery[37m: 'HTML 0 dan',
          ╵         [32m~~~~~~~~~~[0m


[31mX [41;31m[[41;97mERROR[41;31m][0m [1mTS2561: Object literal may only specify known properties, but 'videoQuery' does not exist in type 'LessonSeed'. Did you mean to write 'videoUrl'?[0m [1m[35m[plugin angular-compiler][0m

    src/app/services/curriculum.service.ts:189:8:
[37m      189 │         [32mvideoQuery[37m: 'HTML h1 p ul ol li uzbek',
          ╵         [32m~~~~~~~~~~[0m


[31mX [41;31m[[41;97mERROR[41;31m][0m [1mTS2561: Object literal may only specify known properties, but 'videoQuery' does not exist in type 'LessonSeed'. Did you mean to write 'videoUrl'?[0m [1m[35m[plugin angular-compiler][0m

    src/app/services/curriculum.service.ts:216:8:
[37m      216 │         [32mvideoQuery[37m: 'HTML link image alt uzbek',
          ╵         [32m~~~~~~~~~~[0m


[31mX [41;31m[[41;97mERROR[41;31m][0m [1mTS2561: Object literal may only specify known properties, but 'videoQuery' does not exist in type 'LessonSeed'. Did you mean to write 'videoUrl'?[0m [1m[35m[plugin angular-compiler][0m

    src/app/services/curriculum.service.ts:240:8:
[37m      240 │         [32mvideoQuery[37m: 'HTML form input label uzbek',
          ╵         [32m~~~~~~~~~~[0m


[31mX [41;31m[[41;97mERROR[41;31m][0m [1mTS2561: Object literal may only specify known properties, but 'videoQuery' does not exist in type 'LessonSeed'. Did you mean to write 'videoUrl'?[0m [1m[35m[plugin angular-compiler][0m

    src/app/services/curriculum.service.ts:270:8:
[37m      270 │         [32mvideoQuery[37m: 'semantic HTML uzbek',
          ╵         [32m~~~~~~~~~~[0m


[31mX [41;31m[[41;97mERROR[41;31m][0m [1mTS2561: Object literal may only specify known properties, but 'videoQuery' does not exist in type 'LessonSeed'. Did you mean to write 'videoUrl'?[0m [1m[35m[plugin angular-compiler][0m

    src/app/services/curriculum.service.ts:304:8:
[37m      304 │         [32mvideoQuery[37m: 'HTML portfolio project uzbek',
          ╵         [32m~~~~~~~~~~[0m


[31mX [41;31m[[41;97mERROR[41;31m][0m [1mTS2561: Object literal may only specify known properties, but 'videoQuery' does not exist in type 'LessonSeed'. Did you mean to write 'videoUrl'?[0m [1m[35m[plugin angular-compiler][0m

    src/app/services/curriculum.service.ts:338:8:
[37m      338 │         [32mvideoQuery[37m: 'CSS 0 dan uzbek',
          ╵         [32m~~~~~~~~~~[0m


[31mX [41;31m[[41;97mERROR[41;31m][0m [1mTS2561: Object literal may only specify known properties, but 'videoQuery' does not exist in type 'LessonSeed'. Did you mean to write 'videoUrl'?[0m [1m[35m[plugin angular-compiler][0m

    src/app/services/curriculum.service.ts:367:8:
[37m      367 │         [32mvideoQuery[37m: 'CSS box model uzbek',
          ╵         [32m~~~~~~~~~~[0m


[31mX [41;31m[[41;97mERROR[41;31m][0m [1mTS2561: Object literal may only specify known properties, but 'videoQuery' does not exist in type 'LessonSeed'. Did you mean to write 'videoUrl'?[0m [1m[35m[plugin angular-compiler][0m

    src/app/services/curriculum.service.ts:395:8:
[37m      395 │         [32mvideoQuery[37m: 'CSS Flexbox uzbek',
          ╵         [32m~~~~~~~~~~[0m


[31mX [41;31m[[41;97mERROR[41;31m][0m [1mTS2561: Object literal may only specify known properties, but 'videoQuery' does not exist in type 'LessonSeed'. Did you mean to write 'videoUrl'?[0m [1m[35m[plugin angular-compiler][0m

    src/app/services/curriculum.service.ts:430:8:
[37m      430 │         [32mvideoQuery[37m: 'CSS Grid uzbek',
          ╵         [32m~~~~~~~~~~[0m


[31mX [41;31m[[41;97mERROR[41;31m][0m [1mTS2561: Object literal may only specify known properties, but 'videoQuery' does not exist in type 'LessonSeed'. Did you mean to write 'videoUrl'?[0m [1m[35m[plugin angular-compiler][0m

    src/app/services/curriculum.service.ts:447:8:
[37m      447 │         [32mvideoQuery[37m: 'responsive design media query uzbek',
          ╵         [32m~~~~~~~~~~[0m


[31mX [41;31m[[41;97mERROR[41;31m][0m [1mTS2561: Object literal may only specify known properties, but 'videoQuery' does not exist in type 'LessonSeed'. Did you mean to write 'videoUrl'?[0m [1m[35m[plugin angular-compiler][0m

    src/app/services/curriculum.service.ts:471:8:
[37m      471 │         [32mvideoQuery[37m: 'CSS portfolio design uzbek',
          ╵         [32m~~~~~~~~~~[0m


[31mX [41;31m[[41;97mERROR[41;31m][0m [1mTS2561: Object literal may only specify known properties, but 'videoQuery' does not exist in type 'LessonSeed'. Did you mean to write 'videoUrl'?[0m [1m[35m[plugin angular-compiler][0m

    src/app/services/curriculum.service.ts:500:8:
[37m      500 │         [32mvideoQuery[37m: 'JavaScript 0 dan uzbek',
          ╵         [32m~~~~~~~~~~[0m


[31mX [41;31m[[41;97mERROR[41;31m][0m [1mTS2561: Object literal may only specify known properties, but 'videoQuery' does not exist in type 'LessonSeed'. Did you mean to write 'videoUrl'?[0m [1m[35m[plugin angular-compiler][0m

    src/app/services/curriculum.service.ts:527:8:
[37m      527 │         [32mvideoQuery[37m: 'JavaScript if else for loop uzbek',
          ╵         [32m~~~~~~~~~~[0m


[31mX [41;31m[[41;97mERROR[41;31m][0m [1mTS2561: Object literal may only specify known properties, but 'videoQuery' does not exist in type 'LessonSeed'. Did you mean to write 'videoUrl'?[0m [1m[35m[plugin angular-compiler][0m

    src/app/services/curriculum.service.ts:552:8:
[37m      552 │         [32mvideoQuery[37m: 'JavaScript functions uzbek',
          ╵         [32m~~~~~~~~~~[0m


[31mX [41;31m[[41;97mERROR[41;31m][0m [1mTS2561: Object literal may only specify known properties, but 'videoQuery' does not exist in type 'LessonSeed'. Did you mean to write 'videoUrl'?[0m [1m[35m[plugin angular-compiler][0m

    src/app/services/curriculum.service.ts:575:8:
[37m      575 │         [32mvideoQuery[37m: 'JavaScript DOM querySelector uzbek',
          ╵         [32m~~~~~~~~~~[0m


[31mX [41;31m[[41;97mERROR[41;31m][0m [1mTS2561: Object literal may only specify known properties, but 'videoQuery' does not exist in type 'LessonSeed'. Did you mean to write 'videoUrl'?[0m [1m[35m[plugin angular-compiler][0m

    src/app/services/curriculum.service.ts:597:8:
[37m      597 │         [32mvideoQuery[37m: 'JavaScript addEventListener form validation ...
          ╵         [32m~~~~~~~~~~[0m


[31mX [41;31m[[41;97mERROR[41;31m][0m [1mTS2561: Object literal may only specify known properties, but 'videoQuery' does not exist in type 'LessonSeed'. Did you mean to write 'videoUrl'?[0m [1m[35m[plugin angular-compiler][0m

    src/app/services/curriculum.service.ts:623:8:
[37m      623 │         [32mvideoQuery[37m: 'JavaScript localStorage JSON uzbek',
          ╵         [32m~~~~~~~~~~[0m


[31mX [41;31m[[41;97mERROR[41;31m][0m [1mTS2561: Object literal may only specify known properties, but 'videoQuery' does not exist in type 'LessonSeed'. Did you mean to write 'videoUrl'?[0m [1m[35m[plugin angular-compiler][0m

    src/app/services/curriculum.service.ts:643:8:
[37m      643 │         [32mvideoQuery[37m: 'JavaScript fetch API async await uzbek',
          ╵         [32m~~~~~~~~~~[0m


[31mX [41;31m[[41;97mERROR[41;31m][0m [1mTS2561: Object literal may only specify known properties, but 'videoQuery' does not exist in type 'LessonSeed'. Did you mean to write 'videoUrl'?[0m [1m[35m[plugin angular-compiler][0m

    src/app/services/curriculum.service.ts:698:8:
[37m      698 │         [32mvideoQuery[37m: 'Node.js 0 dan uzbek',
          ╵         [32m~~~~~~~~~~[0m


[31mX [41;31m[[41;97mERROR[41;31m][0m [1mTS2561: Object literal may only specify known properties, but 'videoQuery' does not exist in type 'LessonSeed'. Did you mean to write 'videoUrl'?[0m [1m[35m[plugin angular-compiler][0m

    src/app/services/curriculum.service.ts:723:8:
[37m      723 │         [32mvideoQuery[37m: 'REST API Node.js uzbek',
          ╵         [32m~~~~~~~~~~[0m


[31mX [41;31m[[41;97mERROR[41;31m][0m [1mTS2561: Object literal may only specify known properties, but 'videoQuery' does not exist in type 'LessonSeed'. Did you mean to write 'videoUrl'?[0m [1m[35m[plugin angular-compiler][0m

    src/app/services/curriculum.service.ts:746:8:
[37m      746 │         [32mvideoQuery[37m: 'Node.js register auth uzbek',
          ╵         [32m~~~~~~~~~~[0m


[31mX [41;31m[[41;97mERROR[41;31m][0m [1mTS2561: Object literal may only specify known properties, but 'videoQuery' does not exist in type 'LessonSeed'. Did you mean to write 'videoUrl'?[0m [1m[35m[plugin angular-compiler][0m

    src/app/services/curriculum.service.ts:767:8:
[37m      767 │         [32mvideoQuery[37m: 'Angular fetch API service uzbek',
          ╵         [32m~~~~~~~~~~[0m


[31mX [41;31m[[41;97mERROR[41;31m][0m [1mTS2561: Object literal may only specify known properties, but 'videoQuery' does not exist in type 'LessonSeed'. Did you mean to write 'videoUrl'?[0m [1m[35m[plugin angular-compiler][0m

    src/app/services/curriculum.service.ts:788:8:
[37m      788 │         [32mvideoQuery[37m: 'Node.js clean code validation error handling...
          ╵         [32m~~~~~~~~~~[0m


[31mX [41;31m[[41;97mERROR[41;31m][0m [1mTS2561: Object literal may only specify known properties, but 'videoQuery' does not exist in type 'LessonSeed'. Did you mean to write 'videoUrl'?[0m [1m[35m[plugin angular-compiler][0m

    src/app/services/curriculum.service.ts:811:8:
[37m      811 │         [32mvideoQuery[37m: 'Git 0 dan uzbek',
          ╵         [32m~~~~~~~~~~[0m

[39m[22m
[1m[31m[31mX [41;31m[[41;97mERROR[41;31m][0m [1mNG8004: No pipe found with name 'date'.
To fix this, import the "DatePipe" class from "@angular/common" and add it to the "imports" array of the component.[0m [1m[35m[plugin angular-compiler][0m

    src/app/pages/certificate/certificate.html:81:53:
[37m      81 │ ...             <p>{{ certificate.issuedAt | [32mdate[37m:'dd.MM.yyyy' }}</p>
         ╵                                              [32m~~~~[0m

  Error occurs in the template of component CertificateComponent.

    src/app/pages/certificate/certificate.ts:19:17:
[37m      19 │     templateUrl: [32m'./certificate.html'[37m,
         ╵                  [32m~~~~~~~~~~~~~~~~~~~~[0m


[31mX [41;31m[[41;97mERROR[41;31m][0m [1mTS2322: Type '{ title: string; duration: string; description: string; videoTitle: string; videoQuery: string; theory: string; codeExample: string; task: string; taskHint: string; }' is not assignable to type 'LessonSeed'.
  Property 'videoUrl' is missing in type '{ title: string; duration: string; description: string; videoTitle: string; videoQuery: string; theory: string; codeExample: string; task: string; taskHint: string; }' but required in type 'Omit<Lesson, "id" | "moduleId" | "order">'.[0m [1m[35m[plugin angular-compiler][0m

    src/app/services/curriculum.service.ts:91:8:
[37m      91 │         [32m{[37m
         ╵         [32m^[0m

  'videoUrl' is declared here.

    src/app/models/curriculum.model.ts:9:2:
[37m      9 │   [32mvideoUrl[37m: string;
        ╵   [32m~~~~~~~~[0m


[31mX [41;31m[[41;97mERROR[41;31m][0m [1mTS2322: Type '{ title: string; duration: string; description: string; videoTitle: string; videoQuery: string; theory: string; codeExample: string; task: string; taskHint: string; }' is not assignable to type 'LessonSeed'.
  Property 'videoUrl' is missing in type '{ title: string; duration: string; description: string; videoTitle: string; videoQuery: string; theory: string; codeExample: string; task: string; taskHint: string; }' but required in type 'Omit<Lesson, "id" | "moduleId" | "order">'.[0m [1m[35m[plugin angular-compiler][0m

    src/app/services/curriculum.service.ts:136:8:
[37m      136 │         [32m{[37m
          ╵         [32m^[0m

  'videoUrl' is declared here.

    src/app/models/curriculum.model.ts:9:2:
[37m      9 │   [32mvideoUrl[37m: string;
        ╵   [32m~~~~~~~~[0m


[31mX [41;31m[[41;97mERROR[41;31m][0m [1mTS2322: Type '{ title: string; duration: string; description: string; videoTitle: string; videoQuery: string; theory: string; codeExample: string; task: string; taskHint: string; }' is not assignable to type 'LessonSeed'.
  Property 'videoUrl' is missing in type '{ title: string; duration: string; description: string; videoTitle: string; videoQuery: string; theory: string; codeExample: string; task: string; taskHint: string; }' but required in type 'Omit<Lesson, "id" | "moduleId" | "order">'.[0m [1m[35m[plugin angular-compiler][0m

    src/app/services/curriculum.service.ts:194:8:
[37m      194 │         [32m{[37m
          ╵         [32m^[0m

  'videoUrl' is declared here.

    src/app/models/curriculum.model.ts:9:2:
[37m      9 │   [32mvideoUrl[37m: string;
        ╵   [32m~~~~~~~~[0m


[31mX [41;31m[[41;97mERROR[41;31m][0m [1mTS2322: Type '{ title: string; duration: string; description: string; videoTitle: string; videoQuery: string; theory: string; codeExample: string; task: string; taskHint: string; }' is not assignable to type 'LessonSeed'.
  Property 'videoUrl' is missing in type '{ title: string; duration: string; description: string; videoTitle: string; videoQuery: string; theory: string; codeExample: string; task: string; taskHint: string; }' but required in type 'Omit<Lesson, "id" | "moduleId" | "order">'.[0m [1m[35m[plugin angular-compiler][0m

    src/app/services/curriculum.service.ts:242:8:
[37m      242 │         [32m{[37m
          ╵         [32m^[0m

  'videoUrl' is declared here.

    src/app/models/curriculum.model.ts:9:2:
[37m      9 │   [32mvideoUrl[37m: string;
        ╵   [32m~~~~~~~~[0m


[31mX [41;31m[[41;97mERROR[41;31m][0m [1mTS2322: Type '{ title: string; duration: string; description: string; videoTitle: string; videoQuery: string; theory: string; codeExample: string; task: string; taskHint: string; }' is not assignable to type 'LessonSeed'.
  Property 'videoUrl' is missing in type '{ title: string; duration: string; description: string; videoTitle: string; videoQuery: string; theory: string; codeExample: string; task: string; taskHint: string; }' but required in type 'Omit<Lesson, "id" | "moduleId" | "order">'.[0m [1m[35m[plugin angular-compiler][0m

    src/app/services/curriculum.service.ts:309:8:
[37m      309 │         [32m{[37m
          ╵         [32m^[0m

  'videoUrl' is declared here.

    src/app/models/curriculum.model.ts:9:2:
[37m      9 │   [32mvideoUrl[37m: string;
        ╵   [32m~~~~~~~~[0m


[31mX [41;31m[[41;97mERROR[41;31m][0m [1mTS2322: Type '{ title: string; duration: string; description: string; videoTitle: string; videoQuery: string; theory: string; codeExample: string; task: string; taskHint: string; }' is not assignable to type 'LessonSeed'.
  Property 'videoUrl' is missing in type '{ title: string; duration: string; description: string; videoTitle: string; videoQuery: string; theory: string; codeExample: string; task: string; taskHint: string; }' but required in type 'Omit<Lesson, "id" | "moduleId" | "order">'.[0m [1m[35m[plugin angular-compiler][0m

    src/app/services/curriculum.service.ts:350:8:
[37m      350 │         [32m{[37m
          ╵         [32m^[0m

  'videoUrl' is declared here.

    src/app/models/curriculum.model.ts:9:2:
[37m      9 │   [32mvideoUrl[37m: string;
        ╵   [32m~~~~~~~~[0m


[31mX [41;31m[[41;97mERROR[41;31m][0m [1mTS2322: Type '{ title: string; duration: string; description: string; videoTitle: string; videoQuery: string; theory: string; codeExample: string; task: string; taskHint: string; }' is not assignable to type 'LessonSeed'.
  Property 'videoUrl' is missing in type '{ title: string; duration: string; description: string; videoTitle: string; videoQuery: string; theory: string; codeExample: string; task: string; taskHint: string; }' but required in type 'Omit<Lesson, "id" | "moduleId" | "order">'.[0m [1m[35m[plugin angular-compiler][0m

    src/app/services/curriculum.service.ts:399:8:
[37m      399 │         [32m{[37m
          ╵         [32m^[0m

  'videoUrl' is declared here.

    src/app/models/curriculum.model.ts:9:2:
[37m      9 │   [32mvideoUrl[37m: string;
        ╵   [32m~~~~~~~~[0m


[31mX [41;31m[[41;97mERROR[41;31m][0m [1mTS2322: Type '{ title: string; duration: string; description: string; videoTitle: string; videoQuery: string; theory: string; codeExample: string; task: string; taskHint: string; }' is not assignable to type 'LessonSeed'.
  Property 'videoUrl' is missing in type '{ title: string; duration: string; description: string; videoTitle: string; videoQuery: string; theory: string; codeExample: string; task: string; taskHint: string; }' but required in type 'Omit<Lesson, "id" | "moduleId" | "order">'.[0m [1m[35m[plugin angular-compiler][0m

    src/app/services/curriculum.service.ts:432:8:
[37m      432 │         [32m{[37m
          ╵         [32m^[0m

  'videoUrl' is declared here.

    src/app/models/curriculum.model.ts:9:2:
[37m      9 │   [32mvideoUrl[37m: string;
        ╵   [32m~~~~~~~~[0m

[39m[22m
[1m[31m[31mX [41;31m[[41;97mERROR[41;31m][0m [1mNG8004: No pipe found with name 'date'.
To fix this, import the "DatePipe" class from "@angular/common" and add it to the "imports" array of the component.[0m [1m[35m[plugin angular-compiler][0m

    src/app/pages/certificate/certificate.html:81:53:
[37m      81 │ ...             <p>{{ certificate.issuedAt | [32mdate[37m:'dd.MM.yyyy' }}</p>
         ╵                                              [32m~~~~[0m

  Error occurs in the template of component CertificateComponent.

    src/app/pages/certificate/certificate.ts:19:17:
[37m      19 │     templateUrl: [32m'./certificate.html'[37m,
         ╵                  [32m~~~~~~~~~~~~~~~~~~~~[0m


[31mX [41;31m[[41;97mERROR[41;31m][0m [1mTS2322: Type '{ title: string; duration: string; description: string; videoTitle: string; videoQuery: string; theory: string; codeExample: string; task: string; taskHint: string; }' is not assignable to type 'LessonSeed'.
  Property 'videoUrl' is missing in type '{ title: string; duration: string; description: string; videoTitle: string; videoQuery: string; theory: string; codeExample: string; task: string; taskHint: string; }' but required in type 'Omit<Lesson, "id" | "moduleId" | "order">'.[0m [1m[35m[plugin angular-compiler][0m

    src/app/services/curriculum.service.ts:91:8:
[37m      91 │         [32m{[37m
         ╵         [32m^[0m

  'videoUrl' is declared here.

    src/app/models/curriculum.model.ts:9:2:
[37m      9 │   [32mvideoUrl[37m: string;
        ╵   [32m~~~~~~~~[0m


[31mX [41;31m[[41;97mERROR[41;31m][0m [1mTS2322: Type '{ title: string; duration: string; description: string; videoTitle: string; videoQuery: string; theory: string; codeExample: string; task: string; taskHint: string; }' is not assignable to type 'LessonSeed'.
  Property 'videoUrl' is missing in type '{ title: string; duration: string; description: string; videoTitle: string; videoQuery: string; theory: string; codeExample: string; task: string; taskHint: string; }' but required in type 'Omit<Lesson, "id" | "moduleId" | "order">'.[0m [1m[35m[plugin angular-compiler][0m

    src/app/services/curriculum.service.ts:136:8:
[37m      136 │         [32m{[37m
          ╵         [32m^[0m

  'videoUrl' is declared here.

    src/app/models/curriculum.model.ts:9:2:
[37m      9 │   [32mvideoUrl[37m: string;
        ╵   [32m~~~~~~~~[0m


[31mX [41;31m[[41;97mERROR[41;31m][0m [1mTS2322: Type '{ title: string; duration: string; description: string; videoTitle: string; videoQuery: string; theory: string; codeExample: string; task: string; taskHint: string; }' is not assignable to type 'LessonSeed'.
  Property 'videoUrl' is missing in type '{ title: string; duration: string; description: string; videoTitle: string; videoQuery: string; theory: string; codeExample: string; task: string; taskHint: string; }' but required in type 'Omit<Lesson, "id" | "moduleId" | "order">'.[0m [1m[35m[plugin angular-compiler][0m

    src/app/services/curriculum.service.ts:194:8:
[37m      194 │         [32m{[37m
          ╵         [32m^[0m

  'videoUrl' is declared here.

    src/app/models/curriculum.model.ts:9:2:
[37m      9 │   [32mvideoUrl[37m: string;
        ╵   [32m~~~~~~~~[0m


[31mX [41;31m[[41;97mERROR[41;31m][0m [1mTS2322: Type '{ title: string; duration: string; description: string; videoTitle: string; videoQuery: string; theory: string; codeExample: string; task: string; taskHint: string; }' is not assignable to type 'LessonSeed'.
  Property 'videoUrl' is missing in type '{ title: string; duration: string; description: string; videoTitle: string; videoQuery: string; theory: string; codeExample: string; task: string; taskHint: string; }' but required in type 'Omit<Lesson, "id" | "moduleId" | "order">'.[0m [1m[35m[plugin angular-compiler][0m

    src/app/services/curriculum.service.ts:242:8:
[37m      242 │         [32m{[37m
          ╵         [32m^[0m

  'videoUrl' is declared here.

    src/app/models/curriculum.model.ts:9:2:
[37m      9 │   [32mvideoUrl[37m: string;
        ╵   [32m~~~~~~~~[0m


[31mX [41;31m[[41;97mERROR[41;31m][0m [1mTS2322: Type '{ title: string; duration: string; description: string; videoTitle: string; videoQuery: string; theory: string; codeExample: string; task: string; taskHint: string; }' is not assignable to type 'LessonSeed'.
  Property 'videoUrl' is missing in type '{ title: string; duration: string; description: string; videoTitle: string; videoQuery: string; theory: string; codeExample: string; task: string; taskHint: string; }' but required in type 'Omit<Lesson, "id" | "moduleId" | "order">'.[0m [1m[35m[plugin angular-compiler][0m

    src/app/services/curriculum.service.ts:309:8:
[37m      309 │         [32m{[37m
          ╵         [32m^[0m

  'videoUrl' is declared here.

    src/app/models/curriculum.model.ts:9:2:
[37m      9 │   [32mvideoUrl[37m: string;
        ╵   [32m~~~~~~~~[0m


[31mX [41;31m[[41;97mERROR[41;31m][0m [1mTS2322: Type '{ title: string; duration: string; description: string; videoTitle: string; videoQuery: string; theory: string; codeExample: string; task: string; taskHint: string; }' is not assignable to type 'LessonSeed'.
  Property 'videoUrl' is missing in type '{ title: string; duration: string; description: string; videoTitle: string; videoQuery: string; theory: string; codeExample: string; task: string; taskHint: string; }' but required in type 'Omit<Lesson, "id" | "moduleId" | "order">'.[0m [1m[35m[plugin angular-compiler][0m

    src/app/services/curriculum.service.ts:350:8:
[37m      350 │         [32m{[37m
          ╵         [32m^[0m

  'videoUrl' is declared here.

    src/app/models/curriculum.model.ts:9:2:
[37m      9 │   [32mvideoUrl[37m: string;
        ╵   [32m~~~~~~~~[0m


[31mX [41;31m[[41;97mERROR[41;31m][0m [1mTS2322: Type '{ title: string; duration: string; description: string; videoTitle: string; videoQuery: string; theory: string; codeExample: string; task: string; taskHint: string; }' is not assignable to type 'LessonSeed'.
  Property 'videoUrl' is missing in type '{ title: string; duration: string; description: string; videoTitle: string; videoQuery: string; theory: string; codeExample: string; task: string; taskHint: string; }' but required in type 'Omit<Lesson, "id" | "moduleId" | "order">'.[0m [1m[35m[plugin angular-compiler][0m

    src/app/services/curriculum.service.ts:399:8:
[37m      399 │         [32m{[37m
          ╵         [32m^[0m

  'videoUrl' is declared here.

    src/app/models/curriculum.model.ts:9:2:
[37m      9 │   [32mvideoUrl[37m: string;
        ╵   [32m~~~~~~~~[0m


[31mX [41;31m[[41;97mERROR[41;31m][0m [1mTS2322: Type '{ title: string; duration: string; description: string; videoTitle: string; videoQuery: string; theory: string; codeExample: string; task: string; taskHint: string; }' is not assignable to type 'LessonSeed'.
  Property 'videoUrl' is missing in type '{ title: string; duration: string; description: string; videoTitle: string; videoQuery: string; theory: string; codeExample: string; task: string; taskHint: string; }' but required in type 'Omit<Lesson, "id" | "moduleId" | "order">'.[0m [1m[35m[plugin angular-compiler][0m

    src/app/services/curriculum.service.ts:432:8:
[37m      432 │         [32m{[37m
          ╵         [32m^[0m

  'videoUrl' is declared here.

    src/app/models/curriculum.model.ts:9:2:
[37m      9 │   [32mvideoUrl[37m: string;
        ╵   [32m~~~~~~~~[0m

[39m[22m
[1m[31m[31mX [41;31m[[41;97mERROR[41;31m][0m [1mNG8004: No pipe found with name 'date'.
To fix this, import the "DatePipe" class from "@angular/common" and add it to the "imports" array of the component.[0m [1m[35m[plugin angular-compiler][0m

    src/app/pages/certificate/certificate.html:81:53:
[37m      81 │ ...             <p>{{ certificate.issuedAt | [32mdate[37m:'dd.MM.yyyy' }}</p>
         ╵                                              [32m~~~~[0m

  Error occurs in the template of component CertificateComponent.

    src/app/pages/certificate/certificate.ts:19:17:
[37m      19 │     templateUrl: [32m'./certificate.html'[37m,
         ╵                  [32m~~~~~~~~~~~~~~~~~~~~[0m


[31mX [41;31m[[41;97mERROR[41;31m][0m [1mTS2322: Type '{ title: string; duration: string; description: string; videoTitle: string; videoQuery: string; theory: string; codeExample: string; task: string; taskHint: string; }' is not assignable to type 'LessonSeed'.
  Property 'videoUrl' is missing in type '{ title: string; duration: string; description: string; videoTitle: string; videoQuery: string; theory: string; codeExample: string; task: string; taskHint: string; }' but required in type 'Omit<Lesson, "id" | "moduleId" | "order">'.[0m [1m[35m[plugin angular-compiler][0m

    src/app/services/curriculum.service.ts:91:8:
[37m      91 │         [32m{[37m
         ╵         [32m^[0m

  'videoUrl' is declared here.

    src/app/models/curriculum.model.ts:9:2:
[37m      9 │   [32mvideoUrl[37m: string;
        ╵   [32m~~~~~~~~[0m


[31mX [41;31m[[41;97mERROR[41;31m][0m [1mTS2322: Type '{ title: string; duration: string; description: string; videoTitle: string; videoQuery: string; theory: string; codeExample: string; task: string; taskHint: string; }' is not assignable to type 'LessonSeed'.
  Property 'videoUrl' is missing in type '{ title: string; duration: string; description: string; videoTitle: string; videoQuery: string; theory: string; codeExample: string; task: string; taskHint: string; }' but required in type 'Omit<Lesson, "id" | "moduleId" | "order">'.[0m [1m[35m[plugin angular-compiler][0m

    src/app/services/curriculum.service.ts:136:8:
[37m      136 │         [32m{[37m
          ╵         [32m^[0m

  'videoUrl' is declared here.

    src/app/models/curriculum.model.ts:9:2:
[37m      9 │   [32mvideoUrl[37m: string;
        ╵   [32m~~~~~~~~[0m


[31mX [41;31m[[41;97mERROR[41;31m][0m [1mTS2322: Type '{ title: string; duration: string; description: string; videoTitle: string; videoQuery: string; theory: string; codeExample: string; task: string; taskHint: string; }' is not assignable to type 'LessonSeed'.
  Property 'videoUrl' is missing in type '{ title: string; duration: string; description: string; videoTitle: string; videoQuery: string; theory: string; codeExample: string; task: string; taskHint: string; }' but required in type 'Omit<Lesson, "id" | "moduleId" | "order">'.[0m [1m[35m[plugin angular-compiler][0m

    src/app/services/curriculum.service.ts:194:8:
[37m      194 │         [32m{[37m
          ╵         [32m^[0m

  'videoUrl' is declared here.

    src/app/models/curriculum.model.ts:9:2:
[37m      9 │   [32mvideoUrl[37m: string;
        ╵   [32m~~~~~~~~[0m


[31mX [41;31m[[41;97mERROR[41;31m][0m [1mTS2322: Type '{ title: string; duration: string; description: string; videoTitle: string; videoQuery: string; theory: string; codeExample: string; task: string; taskHint: string; }' is not assignable to type 'LessonSeed'.
  Property 'videoUrl' is missing in type '{ title: string; duration: string; description: string; videoTitle: string; videoQuery: string; theory: string; codeExample: string; task: string; taskHint: string; }' but required in type 'Omit<Lesson, "id" | "moduleId" | "order">'.[0m [1m[35m[plugin angular-compiler][0m

    src/app/services/curriculum.service.ts:242:8:
[37m      242 │         [32m{[37m
          ╵         [32m^[0m

  'videoUrl' is declared here.

    src/app/models/curriculum.model.ts:9:2:
[37m      9 │   [32mvideoUrl[37m: string;
        ╵   [32m~~~~~~~~[0m


[31mX [41;31m[[41;97mERROR[41;31m][0m [1mTS2322: Type '{ title: string; duration: string; description: string; videoTitle: string; videoQuery: string; theory: string; codeExample: string; task: string; taskHint: string; }' is not assignable to type 'LessonSeed'.
  Property 'videoUrl' is missing in type '{ title: string; duration: string; description: string; videoTitle: string; videoQuery: string; theory: string; codeExample: string; task: string; taskHint: string; }' but required in type 'Omit<Lesson, "id" | "moduleId" | "order">'.[0m [1m[35m[plugin angular-compiler][0m

    src/app/services/curriculum.service.ts:309:8:
[37m      309 │         [32m{[37m
          ╵         [32m^[0m

  'videoUrl' is declared here.

    src/app/models/curriculum.model.ts:9:2:
[37m      9 │   [32mvideoUrl[37m: string;
        ╵   [32m~~~~~~~~[0m


[31mX [41;31m[[41;97mERROR[41;31m][0m [1mTS2322: Type '{ title: string; duration: string; description: string; videoTitle: string; videoQuery: string; theory: string; codeExample: string; task: string; taskHint: string; }' is not assignable to type 'LessonSeed'.
  Property 'videoUrl' is missing in type '{ title: string; duration: string; description: string; videoTitle: string; videoQuery: string; theory: string; codeExample: string; task: string; taskHint: string; }' but required in type 'Omit<Lesson, "id" | "moduleId" | "order">'.[0m [1m[35m[plugin angular-compiler][0m

    src/app/services/curriculum.service.ts:350:8:
[37m      350 │         [32m{[37m
          ╵         [32m^[0m

  'videoUrl' is declared here.

    src/app/models/curriculum.model.ts:9:2:
[37m      9 │   [32mvideoUrl[37m: string;
        ╵   [32m~~~~~~~~[0m


[31mX [41;31m[[41;97mERROR[41;31m][0m [1mTS2322: Type '{ title: string; duration: string; description: string; videoTitle: string; videoQuery: string; theory: string; codeExample: string; task: string; taskHint: string; }' is not assignable to type 'LessonSeed'.
  Property 'videoUrl' is missing in type '{ title: string; duration: string; description: string; videoTitle: string; videoQuery: string; theory: string; codeExample: string; task: string; taskHint: string; }' but required in type 'Omit<Lesson, "id" | "moduleId" | "order">'.[0m [1m[35m[plugin angular-compiler][0m

    src/app/services/curriculum.service.ts:399:8:
[37m      399 │         [32m{[37m
          ╵         [32m^[0m

  'videoUrl' is declared here.

    src/app/models/curriculum.model.ts:9:2:
[37m      9 │   [32mvideoUrl[37m: string;
        ╵   [32m~~~~~~~~[0m


[31mX [41;31m[[41;97mERROR[41;31m][0m [1mTS2322: Type '{ title: string; duration: string; description: string; videoTitle: string; videoQuery: string; theory: string; codeExample: string; task: string; taskHint: string; }' is not assignable to type 'LessonSeed'.
  Property 'videoUrl' is missing in type '{ title: string; duration: string; description: string; videoTitle: string; videoQuery: string; theory: string; codeExample: string; task: string; taskHint: string; }' but required in type 'Omit<Lesson, "id" | "moduleId" | "order">'.[0m [1m[35m[plugin angular-compiler][0m

    src/app/services/curriculum.service.ts:432:8:
[37m      432 │         [32m{[37m
          ╵         [32m^[0m

  'videoUrl' is declared here.

    src/app/models/curriculum.model.ts:9:2:
[37m      9 │   [32mvideoUrl[37m: string;
        ╵   [32m~~~~~~~~[0m

[39m[22m
[1m[31m[31mX [41;31m[[41;97mERROR[41;31m][0m [1mNG8004: No pipe found with name 'date'.
To fix this, import the "DatePipe" class from "@angular/common" and add it to the "imports" array of the component.[0m [1m[35m[plugin angular-compiler][0m

    src/app/pages/certificate/certificate.html:81:53:
[37m      81 │ ...             <p>{{ certificate.issuedAt | [32mdate[37m:'dd.MM.yyyy' }}</p>
         ╵                                              [32m~~~~[0m

  Error occurs in the template of component CertificateComponent.

    src/app/pages/certificate/certificate.ts:19:17:
[37m      19 │     templateUrl: [32m'./certificate.html'[37m,
         ╵                  [32m~~~~~~~~~~~~~~~~~~~~[0m


[31mX [41;31m[[41;97mERROR[41;31m][0m [1mTS2322: Type '{ title: string; duration: string; description: string; videoTitle: string; videoQuery: string; theory: string; codeExample: string; task: string; taskHint: string; }' is not assignable to type 'LessonSeed'.
  Property 'videoUrl' is missing in type '{ title: string; duration: string; description: string; videoTitle: string; videoQuery: string; theory: string; codeExample: string; task: string; taskHint: string; }' but required in type 'Omit<Lesson, "id" | "moduleId" | "order">'.[0m [1m[35m[plugin angular-compiler][0m

    src/app/services/curriculum.service.ts:91:8:
[37m      91 │         [32m{[37m
         ╵         [32m^[0m

  'videoUrl' is declared here.

    src/app/models/curriculum.model.ts:9:2:
[37m      9 │   [32mvideoUrl[37m: string;
        ╵   [32m~~~~~~~~[0m


[31mX [41;31m[[41;97mERROR[41;31m][0m [1mTS2322: Type '{ title: string; duration: string; description: string; videoTitle: string; videoQuery: string; theory: string; codeExample: string; task: string; taskHint: string; }' is not assignable to type 'LessonSeed'.
  Property 'videoUrl' is missing in type '{ title: string; duration: string; description: string; videoTitle: string; videoQuery: string; theory: string; codeExample: string; task: string; taskHint: string; }' but required in type 'Omit<Lesson, "id" | "moduleId" | "order">'.[0m [1m[35m[plugin angular-compiler][0m

    src/app/services/curriculum.service.ts:136:8:
[37m      136 │         [32m{[37m
          ╵         [32m^[0m

  'videoUrl' is declared here.

    src/app/models/curriculum.model.ts:9:2:
[37m      9 │   [32mvideoUrl[37m: string;
        ╵   [32m~~~~~~~~[0m


[31mX [41;31m[[41;97mERROR[41;31m][0m [1mTS2322: Type '{ title: string; duration: string; description: string; videoTitle: string; videoQuery: string; theory: string; codeExample: string; task: string; taskHint: string; }' is not assignable to type 'LessonSeed'.
  Property 'videoUrl' is missing in type '{ title: string; duration: string; description: string; videoTitle: string; videoQuery: string; theory: string; codeExample: string; task: string; taskHint: string; }' but required in type 'Omit<Lesson, "id" | "moduleId" | "order">'.[0m [1m[35m[plugin angular-compiler][0m

    src/app/services/curriculum.service.ts:194:8:
[37m      194 │         [32m{[37m
          ╵         [32m^[0m

  'videoUrl' is declared here.

    src/app/models/curriculum.model.ts:9:2:
[37m      9 │   [32mvideoUrl[37m: string;
        ╵   [32m~~~~~~~~[0m


[31mX [41;31m[[41;97mERROR[41;31m][0m [1mTS2322: Type '{ title: string; duration: string; description: string; videoTitle: string; videoQuery: string; theory: string; codeExample: string; task: string; taskHint: string; }' is not assignable to type 'LessonSeed'.
  Property 'videoUrl' is missing in type '{ title: string; duration: string; description: string; videoTitle: string; videoQuery: string; theory: string; codeExample: string; task: string; taskHint: string; }' but required in type 'Omit<Lesson, "id" | "moduleId" | "order">'.[0m [1m[35m[plugin angular-compiler][0m

    src/app/services/curriculum.service.ts:242:8:
[37m      242 │         [32m{[37m
          ╵         [32m^[0m

  'videoUrl' is declared here.

    src/app/models/curriculum.model.ts:9:2:
[37m      9 │   [32mvideoUrl[37m: string;
        ╵   [32m~~~~~~~~[0m


[31mX [41;31m[[41;97mERROR[41;31m][0m [1mTS2322: Type '{ title: string; duration: string; description: string; videoTitle: string; videoQuery: string; theory: string; codeExample: string; task: string; taskHint: string; }' is not assignable to type 'LessonSeed'.
  Property 'videoUrl' is missing in type '{ title: string; duration: string; description: string; videoTitle: string; videoQuery: string; theory: string; codeExample: string; task: string; taskHint: string; }' but required in type 'Omit<Lesson, "id" | "moduleId" | "order">'.[0m [1m[35m[plugin angular-compiler][0m

    src/app/services/curriculum.service.ts:309:8:
[37m      309 │         [32m{[37m
          ╵         [32m^[0m

  'videoUrl' is declared here.

    src/app/models/curriculum.model.ts:9:2:
[37m      9 │   [32mvideoUrl[37m: string;
        ╵   [32m~~~~~~~~[0m


[31mX [41;31m[[41;97mERROR[41;31m][0m [1mTS2322: Type '{ title: string; duration: string; description: string; videoTitle: string; videoQuery: string; theory: string; codeExample: string; task: string; taskHint: string; }' is not assignable to type 'LessonSeed'.
  Property 'videoUrl' is missing in type '{ title: string; duration: string; description: string; videoTitle: string; videoQuery: string; theory: string; codeExample: string; task: string; taskHint: string; }' but required in type 'Omit<Lesson, "id" | "moduleId" | "order">'.[0m [1m[35m[plugin angular-compiler][0m

    src/app/services/curriculum.service.ts:350:8:
[37m      350 │         [32m{[37m
          ╵         [32m^[0m

  'videoUrl' is declared here.

    src/app/models/curriculum.model.ts:9:2:
[37m      9 │   [32mvideoUrl[37m: string;
        ╵   [32m~~~~~~~~[0m


[31mX [41;31m[[41;97mERROR[41;31m][0m [1mTS2322: Type '{ title: string; duration: string; description: string; videoTitle: string; videoQuery: string; theory: string; codeExample: string; task: string; taskHint: string; }' is not assignable to type 'LessonSeed'.
  Property 'videoUrl' is missing in type '{ title: string; duration: string; description: string; videoTitle: string; videoQuery: string; theory: string; codeExample: string; task: string; taskHint: string; }' but required in type 'Omit<Lesson, "id" | "moduleId" | "order">'.[0m [1m[35m[plugin angular-compiler][0m

    src/app/services/curriculum.service.ts:399:8:
[37m      399 │         [32m{[37m
          ╵         [32m^[0m

  'videoUrl' is declared here.

    src/app/models/curriculum.model.ts:9:2:
[37m      9 │   [32mvideoUrl[37m: string;
        ╵   [32m~~~~~~~~[0m


[31mX [41;31m[[41;97mERROR[41;31m][0m [1mTS2322: Type '{ title: string; duration: string; description: string; videoTitle: string; videoQuery: string; theory: string; codeExample: string; task: string; taskHint: string; }' is not assignable to type 'LessonSeed'.
  Property 'videoUrl' is missing in type '{ title: string; duration: string; description: string; videoTitle: string; videoQuery: string; theory: string; codeExample: string; task: string; taskHint: string; }' but required in type 'Omit<Lesson, "id" | "moduleId" | "order">'.[0m [1m[35m[plugin angular-compiler][0m

    src/app/services/curriculum.service.ts:432:8:
[37m      432 │         [32m{[37m
          ╵         [32m^[0m

  'videoUrl' is declared here.

    src/app/models/curriculum.model.ts:9:2:
[37m      9 │   [32mvideoUrl[37m: string;
        ╵   [32m~~~~~~~~[0m

[39m[22m
[1m[31m[31mX [41;31m[[41;97mERROR[41;31m][0m [1mNG8004: No pipe found with name 'date'.
To fix this, import the "DatePipe" class from "@angular/common" and add it to the "imports" array of the component.[0m [1m[35m[plugin angular-compiler][0m

    src/app/pages/certificate/certificate.html:81:53:
[37m      81 │ ...             <p>{{ certificate.issuedAt | [32mdate[37m:'dd.MM.yyyy' }}</p>
         ╵                                              [32m~~~~[0m

  Error occurs in the template of component CertificateComponent.

    src/app/pages/certificate/certificate.ts:19:17:
[37m      19 │     templateUrl: [32m'./certificate.html'[37m,
         ╵                  [32m~~~~~~~~~~~~~~~~~~~~[0m


[31mX [41;31m[[41;97mERROR[41;31m][0m [1mTS2322: Type '{ title: string; duration: string; description: string; videoTitle: string; videoQuery: string; theory: string; codeExample: string; task: string; taskHint: string; }' is not assignable to type 'LessonSeed'.
  Property 'videoUrl' is missing in type '{ title: string; duration: string; description: string; videoTitle: string; videoQuery: string; theory: string; codeExample: string; task: string; taskHint: string; }' but required in type 'Omit<Lesson, "id" | "moduleId" | "order">'.[0m [1m[35m[plugin angular-compiler][0m

    src/app/services/curriculum.service.ts:91:8:
[37m      91 │         [32m{[37m
         ╵         [32m^[0m

  'videoUrl' is declared here.

    src/app/models/curriculum.model.ts:9:2:
[37m      9 │   [32mvideoUrl[37m: string;
        ╵   [32m~~~~~~~~[0m


[31mX [41;31m[[41;97mERROR[41;31m][0m [1mTS2322: Type '{ title: string; duration: string; description: string; videoTitle: string; videoQuery: string; theory: string; codeExample: string; task: string; taskHint: string; }' is not assignable to type 'LessonSeed'.
  Property 'videoUrl' is missing in type '{ title: string; duration: string; description: string; videoTitle: string; videoQuery: string; theory: string; codeExample: string; task: string; taskHint: string; }' but required in type 'Omit<Lesson, "id" | "moduleId" | "order">'.[0m [1m[35m[plugin angular-compiler][0m

    src/app/services/curriculum.service.ts:136:8:
[37m      136 │         [32m{[37m
          ╵         [32m^[0m

  'videoUrl' is declared here.

    src/app/models/curriculum.model.ts:9:2:
[37m      9 │   [32mvideoUrl[37m: string;
        ╵   [32m~~~~~~~~[0m


[31mX [41;31m[[41;97mERROR[41;31m][0m [1mTS2322: Type '{ title: string; duration: string; description: string; videoTitle: string; videoQuery: string; theory: string; codeExample: string; task: string; taskHint: string; }' is not assignable to type 'LessonSeed'.
  Property 'videoUrl' is missing in type '{ title: string; duration: string; description: string; videoTitle: string; videoQuery: string; theory: string; codeExample: string; task: string; taskHint: string; }' but required in type 'Omit<Lesson, "id" | "moduleId" | "order">'.[0m [1m[35m[plugin angular-compiler][0m

    src/app/services/curriculum.service.ts:194:8:
[37m      194 │         [32m{[37m
          ╵         [32m^[0m

  'videoUrl' is declared here.

    src/app/models/curriculum.model.ts:9:2:
[37m      9 │   [32mvideoUrl[37m: string;
        ╵   [32m~~~~~~~~[0m


[31mX [41;31m[[41;97mERROR[41;31m][0m [1mTS2322: Type '{ title: string; duration: string; description: string; videoTitle: string; videoQuery: string; theory: string; codeExample: string; task: string; taskHint: string; }' is not assignable to type 'LessonSeed'.
  Property 'videoUrl' is missing in type '{ title: string; duration: string; description: string; videoTitle: string; videoQuery: string; theory: string; codeExample: string; task: string; taskHint: string; }' but required in type 'Omit<Lesson, "id" | "moduleId" | "order">'.[0m [1m[35m[plugin angular-compiler][0m

    src/app/services/curriculum.service.ts:242:8:
[37m      242 │         [32m{[37m
          ╵         [32m^[0m

  'videoUrl' is declared here.

    src/app/models/curriculum.model.ts:9:2:
[37m      9 │   [32mvideoUrl[37m: string;
        ╵   [32m~~~~~~~~[0m


[31mX [41;31m[[41;97mERROR[41;31m][0m [1mTS2322: Type '{ title: string; duration: string; description: string; videoTitle: string; videoQuery: string; theory: string; codeExample: string; task: string; taskHint: string; }' is not assignable to type 'LessonSeed'.
  Property 'videoUrl' is missing in type '{ title: string; duration: string; description: string; videoTitle: string; videoQuery: string; theory: string; codeExample: string; task: string; taskHint: string; }' but required in type 'Omit<Lesson, "id" | "moduleId" | "order">'.[0m [1m[35m[plugin angular-compiler][0m

    src/app/services/curriculum.service.ts:309:8:
[37m      309 │         [32m{[37m
          ╵         [32m^[0m

  'videoUrl' is declared here.

    src/app/models/curriculum.model.ts:9:2:
[37m      9 │   [32mvideoUrl[37m: string;
        ╵   [32m~~~~~~~~[0m


[31mX [41;31m[[41;97mERROR[41;31m][0m [1mTS2322: Type '{ title: string; duration: string; description: string; videoTitle: string; videoQuery: string; theory: string; codeExample: string; task: string; taskHint: string; }' is not assignable to type 'LessonSeed'.
  Property 'videoUrl' is missing in type '{ title: string; duration: string; description: string; videoTitle: string; videoQuery: string; theory: string; codeExample: string; task: string; taskHint: string; }' but required in type 'Omit<Lesson, "id" | "moduleId" | "order">'.[0m [1m[35m[plugin angular-compiler][0m

    src/app/services/curriculum.service.ts:350:8:
[37m      350 │         [32m{[37m
          ╵         [32m^[0m

  'videoUrl' is declared here.

    src/app/models/curriculum.model.ts:9:2:
[37m      9 │   [32mvideoUrl[37m: string;
        ╵   [32m~~~~~~~~[0m


[31mX [41;31m[[41;97mERROR[41;31m][0m [1mTS2322: Type '{ title: string; duration: string; description: string; videoTitle: string; videoQuery: string; theory: string; codeExample: string; task: string; taskHint: string; }' is not assignable to type 'LessonSeed'.
  Property 'videoUrl' is missing in type '{ title: string; duration: string; description: string; videoTitle: string; videoQuery: string; theory: string; codeExample: string; task: string; taskHint: string; }' but required in type 'Omit<Lesson, "id" | "moduleId" | "order">'.[0m [1m[35m[plugin angular-compiler][0m

    src/app/services/curriculum.service.ts:399:8:
[37m      399 │         [32m{[37m
          ╵         [32m^[0m

  'videoUrl' is declared here.

    src/app/models/curriculum.model.ts:9:2:
[37m      9 │   [32mvideoUrl[37m: string;
        ╵   [32m~~~~~~~~[0m


[31mX [41;31m[[41;97mERROR[41;31m][0m [1mTS2322: Type '{ title: string; duration: string; description: string; videoTitle: string; videoQuery: string; theory: string; codeExample: string; task: string; taskHint: string; }' is not assignable to type 'LessonSeed'.
  Property 'videoUrl' is missing in type '{ title: string; duration: string; description: string; videoTitle: string; videoQuery: string; theory: string; codeExample: string; task: string; taskHint: string; }' but required in type 'Omit<Lesson, "id" | "moduleId" | "order">'.[0m [1m[35m[plugin angular-compiler][0m

    src/app/services/curriculum.service.ts:432:8:
[37m      432 │         [32m{[37m
          ╵         [32m^[0m

  'videoUrl' is declared here.

    src/app/models/curriculum.model.ts:9:2:
[37m      9 │   [32mvideoUrl[37m: string;
        ╵   [32m~~~~~~~~[0m

[39m[22m
[1m[31m[31mX [41;31m[[41;97mERROR[41;31m][0m [1mNG8004: No pipe found with name 'date'.
To fix this, import the "DatePipe" class from "@angular/common" and add it to the "imports" array of the component.[0m [1m[35m[plugin angular-compiler][0m

    src/app/pages/certificate/certificate.html:81:53:
[37m      81 │ ...             <p>{{ certificate.issuedAt | [32mdate[37m:'dd.MM.yyyy' }}</p>
         ╵                                              [32m~~~~[0m

  Error occurs in the template of component CertificateComponent.

    src/app/pages/certificate/certificate.ts:19:17:
[37m      19 │     templateUrl: [32m'./certificate.html'[37m,
         ╵                  [32m~~~~~~~~~~~~~~~~~~~~[0m


[31mX [41;31m[[41;97mERROR[41;31m][0m [1mTS2322: Type '{ title: string; duration: string; description: string; videoTitle: string; videoQuery: string; theory: string; codeExample: string; task: string; taskHint: string; }' is not assignable to type 'LessonSeed'.
  Property 'videoUrl' is missing in type '{ title: string; duration: string; description: string; videoTitle: string; videoQuery: string; theory: string; codeExample: string; task: string; taskHint: string; }' but required in type 'Omit<Lesson, "id" | "moduleId" | "order">'.[0m [1m[35m[plugin angular-compiler][0m

    src/app/services/curriculum.service.ts:91:8:
[37m      91 │         [32m{[37m
         ╵         [32m^[0m

  'videoUrl' is declared here.

    src/app/models/curriculum.model.ts:9:2:
[37m      9 │   [32mvideoUrl[37m: string;
        ╵   [32m~~~~~~~~[0m


[31mX [41;31m[[41;97mERROR[41;31m][0m [1mTS2322: Type '{ title: string; duration: string; description: string; videoTitle: string; videoQuery: string; theory: string; codeExample: string; task: string; taskHint: string; }' is not assignable to type 'LessonSeed'.
  Property 'videoUrl' is missing in type '{ title: string; duration: string; description: string; videoTitle: string; videoQuery: string; theory: string; codeExample: string; task: string; taskHint: string; }' but required in type 'Omit<Lesson, "id" | "moduleId" | "order">'.[0m [1m[35m[plugin angular-compiler][0m

    src/app/services/curriculum.service.ts:136:8:
[37m      136 │         [32m{[37m
          ╵         [32m^[0m

  'videoUrl' is declared here.

    src/app/models/curriculum.model.ts:9:2:
[37m      9 │   [32mvideoUrl[37m: string;
        ╵   [32m~~~~~~~~[0m


[31mX [41;31m[[41;97mERROR[41;31m][0m [1mTS2322: Type '{ title: string; duration: string; description: string; videoTitle: string; videoQuery: string; theory: string; codeExample: string; task: string; taskHint: string; }' is not assignable to type 'LessonSeed'.
  Property 'videoUrl' is missing in type '{ title: string; duration: string; description: string; videoTitle: string; videoQuery: string; theory: string; codeExample: string; task: string; taskHint: string; }' but required in type 'Omit<Lesson, "id" | "moduleId" | "order">'.[0m [1m[35m[plugin angular-compiler][0m

    src/app/services/curriculum.service.ts:194:8:
[37m      194 │         [32m{[37m
          ╵         [32m^[0m

  'videoUrl' is declared here.

    src/app/models/curriculum.model.ts:9:2:
[37m      9 │   [32mvideoUrl[37m: string;
        ╵   [32m~~~~~~~~[0m


[31mX [41;31m[[41;97mERROR[41;31m][0m [1mTS2322: Type '{ title: string; duration: string; description: string; videoTitle: string; videoQuery: string; theory: string; codeExample: string; task: string; taskHint: string; }' is not assignable to type 'LessonSeed'.
  Property 'videoUrl' is missing in type '{ title: string; duration: string; description: string; videoTitle: string; videoQuery: string; theory: string; codeExample: string; task: string; taskHint: string; }' but required in type 'Omit<Lesson, "id" | "moduleId" | "order">'.[0m [1m[35m[plugin angular-compiler][0m

    src/app/services/curriculum.service.ts:242:8:
[37m      242 │         [32m{[37m
          ╵         [32m^[0m

  'videoUrl' is declared here.

    src/app/models/curriculum.model.ts:9:2:
[37m      9 │   [32mvideoUrl[37m: string;
        ╵   [32m~~~~~~~~[0m


[31mX [41;31m[[41;97mERROR[41;31m][0m [1mTS2322: Type '{ title: string; duration: string; description: string; videoTitle: string; videoQuery: string; theory: string; codeExample: string; task: string; taskHint: string; }' is not assignable to type 'LessonSeed'.
  Property 'videoUrl' is missing in type '{ title: string; duration: string; description: string; videoTitle: string; videoQuery: string; theory: string; codeExample: string; task: string; taskHint: string; }' but required in type 'Omit<Lesson, "id" | "moduleId" | "order">'.[0m [1m[35m[plugin angular-compiler][0m

    src/app/services/curriculum.service.ts:309:8:
[37m      309 │         [32m{[37m
          ╵         [32m^[0m

  'videoUrl' is declared here.

    src/app/models/curriculum.model.ts:9:2:
[37m      9 │   [32mvideoUrl[37m: string;
        ╵   [32m~~~~~~~~[0m


[31mX [41;31m[[41;97mERROR[41;31m][0m [1mTS2322: Type '{ title: string; duration: string; description: string; videoTitle: string; videoQuery: string; theory: string; codeExample: string; task: string; taskHint: string; }' is not assignable to type 'LessonSeed'.
  Property 'videoUrl' is missing in type '{ title: string; duration: string; description: string; videoTitle: string; videoQuery: string; theory: string; codeExample: string; task: string; taskHint: string; }' but required in type 'Omit<Lesson, "id" | "moduleId" | "order">'.[0m [1m[35m[plugin angular-compiler][0m

    src/app/services/curriculum.service.ts:350:8:
[37m      350 │         [32m{[37m
          ╵         [32m^[0m

  'videoUrl' is declared here.

    src/app/models/curriculum.model.ts:9:2:
[37m      9 │   [32mvideoUrl[37m: string;
        ╵   [32m~~~~~~~~[0m


[31mX [41;31m[[41;97mERROR[41;31m][0m [1mTS2322: Type '{ title: string; duration: string; description: string; videoTitle: string; videoQuery: string; theory: string; codeExample: string; task: string; taskHint: string; }' is not assignable to type 'LessonSeed'.
  Property 'videoUrl' is missing in type '{ title: string; duration: string; description: string; videoTitle: string; videoQuery: string; theory: string; codeExample: string; task: string; taskHint: string; }' but required in type 'Omit<Lesson, "id" | "moduleId" | "order">'.[0m [1m[35m[plugin angular-compiler][0m

    src/app/services/curriculum.service.ts:399:8:
[37m      399 │         [32m{[37m
          ╵         [32m^[0m

  'videoUrl' is declared here.

    src/app/models/curriculum.model.ts:9:2:
[37m      9 │   [32mvideoUrl[37m: string;
        ╵   [32m~~~~~~~~[0m


[31mX [41;31m[[41;97mERROR[41;31m][0m [1mTS2322: Type '{ title: string; duration: string; description: string; videoTitle: string; videoQuery: string; theory: string; codeExample: string; task: string; taskHint: string; }' is not assignable to type 'LessonSeed'.
  Property 'videoUrl' is missing in type '{ title: string; duration: string; description: string; videoTitle: string; videoQuery: string; theory: string; codeExample: string; task: string; taskHint: string; }' but required in type 'Omit<Lesson, "id" | "moduleId" | "order">'.[0m [1m[35m[plugin angular-compiler][0m

    src/app/services/curriculum.service.ts:432:8:
[37m      432 │         [32m{[37m
          ╵         [32m^[0m

  'videoUrl' is declared here.

    src/app/models/curriculum.model.ts:9:2:
[37m      9 │   [32mvideoUrl[37m: string;
        ╵   [32m~~~~~~~~[0m

[39m[22m
[1m[31m[31mX [41;31m[[41;97mERROR[41;31m][0m [1mNG8004: No pipe found with name 'date'.
To fix this, import the "DatePipe" class from "@angular/common" and add it to the "imports" array of the component.[0m [1m[35m[plugin angular-compiler][0m

    src/app/pages/certificate/certificate.html:81:53:
[37m      81 │ ...             <p>{{ certificate.issuedAt | [32mdate[37m:'dd.MM.yyyy' }}</p>
         ╵                                              [32m~~~~[0m

  Error occurs in the template of component CertificateComponent.

    src/app/pages/certificate/certificate.ts:19:17:
[37m      19 │     templateUrl: [32m'./certificate.html'[37m,
         ╵                  [32m~~~~~~~~~~~~~~~~~~~~[0m


[31mX [41;31m[[41;97mERROR[41;31m][0m [1mTS2322: Type '{ title: string; duration: string; description: string; videoTitle: string; videoQuery: string; theory: string; codeExample: string; task: string; taskHint: string; }' is not assignable to type 'LessonSeed'.
  Property 'videoUrl' is missing in type '{ title: string; duration: string; description: string; videoTitle: string; videoQuery: string; theory: string; codeExample: string; task: string; taskHint: string; }' but required in type 'Omit<Lesson, "id" | "moduleId" | "order">'.[0m [1m[35m[plugin angular-compiler][0m

    src/app/services/curriculum.service.ts:91:8:
[37m      91 │         [32m{[37m
         ╵         [32m^[0m

  'videoUrl' is declared here.

    src/app/models/curriculum.model.ts:9:2:
[37m      9 │   [32mvideoUrl[37m: string;
        ╵   [32m~~~~~~~~[0m


[31mX [41;31m[[41;97mERROR[41;31m][0m [1mTS2322: Type '{ title: string; duration: string; description: string; videoTitle: string; videoQuery: string; theory: string; codeExample: string; task: string; taskHint: string; }' is not assignable to type 'LessonSeed'.
  Property 'videoUrl' is missing in type '{ title: string; duration: string; description: string; videoTitle: string; videoQuery: string; theory: string; codeExample: string; task: string; taskHint: string; }' but required in type 'Omit<Lesson, "id" | "moduleId" | "order">'.[0m [1m[35m[plugin angular-compiler][0m

    src/app/services/curriculum.service.ts:136:8:
[37m      136 │         [32m{[37m
          ╵         [32m^[0m

  'videoUrl' is declared here.

    src/app/models/curriculum.model.ts:9:2:
[37m      9 │   [32mvideoUrl[37m: string;
        ╵   [32m~~~~~~~~[0m


[31mX [41;31m[[41;97mERROR[41;31m][0m [1mTS2322: Type '{ title: string; duration: string; description: string; videoTitle: string; videoQuery: string; theory: string; codeExample: string; task: string; taskHint: string; }' is not assignable to type 'LessonSeed'.
  Property 'videoUrl' is missing in type '{ title: string; duration: string; description: string; videoTitle: string; videoQuery: string; theory: string; codeExample: string; task: string; taskHint: string; }' but required in type 'Omit<Lesson, "id" | "moduleId" | "order">'.[0m [1m[35m[plugin angular-compiler][0m

    src/app/services/curriculum.service.ts:194:8:
[37m      194 │         [32m{[37m
          ╵         [32m^[0m

  'videoUrl' is declared here.

    src/app/models/curriculum.model.ts:9:2:
[37m      9 │   [32mvideoUrl[37m: string;
        ╵   [32m~~~~~~~~[0m


[31mX [41;31m[[41;97mERROR[41;31m][0m [1mTS2322: Type '{ title: string; duration: string; description: string; videoTitle: string; videoQuery: string; theory: string; codeExample: string; task: string; taskHint: string; }' is not assignable to type 'LessonSeed'.
  Property 'videoUrl' is missing in type '{ title: string; duration: string; description: string; videoTitle: string; videoQuery: string; theory: string; codeExample: string; task: string; taskHint: string; }' but required in type 'Omit<Lesson, "id" | "moduleId" | "order">'.[0m [1m[35m[plugin angular-compiler][0m

    src/app/services/curriculum.service.ts:242:8:
[37m      242 │         [32m{[37m
          ╵         [32m^[0m

  'videoUrl' is declared here.

    src/app/models/curriculum.model.ts:9:2:
[37m      9 │   [32mvideoUrl[37m: string;
        ╵   [32m~~~~~~~~[0m


[31mX [41;31m[[41;97mERROR[41;31m][0m [1mTS2322: Type '{ title: string; duration: string; description: string; videoTitle: string; videoQuery: string; theory: string; codeExample: string; task: string; taskHint: string; }' is not assignable to type 'LessonSeed'.
  Property 'videoUrl' is missing in type '{ title: string; duration: string; description: string; videoTitle: string; videoQuery: string; theory: string; codeExample: string; task: string; taskHint: string; }' but required in type 'Omit<Lesson, "id" | "moduleId" | "order">'.[0m [1m[35m[plugin angular-compiler][0m

    src/app/services/curriculum.service.ts:309:8:
[37m      309 │         [32m{[37m
          ╵         [32m^[0m

  'videoUrl' is declared here.

    src/app/models/curriculum.model.ts:9:2:
[37m      9 │   [32mvideoUrl[37m: string;
        ╵   [32m~~~~~~~~[0m


[31mX [41;31m[[41;97mERROR[41;31m][0m [1mTS2322: Type '{ title: string; duration: string; description: string; videoTitle: string; videoQuery: string; theory: string; codeExample: string; task: string; taskHint: string; }' is not assignable to type 'LessonSeed'.
  Property 'videoUrl' is missing in type '{ title: string; duration: string; description: string; videoTitle: string; videoQuery: string; theory: string; codeExample: string; task: string; taskHint: string; }' but required in type 'Omit<Lesson, "id" | "moduleId" | "order">'.[0m [1m[35m[plugin angular-compiler][0m

    src/app/services/curriculum.service.ts:350:8:
[37m      350 │         [32m{[37m
          ╵         [32m^[0m

  'videoUrl' is declared here.

    src/app/models/curriculum.model.ts:9:2:
[37m      9 │   [32mvideoUrl[37m: string;
        ╵   [32m~~~~~~~~[0m


[31mX [41;31m[[41;97mERROR[41;31m][0m [1mTS2322: Type '{ title: string; duration: string; description: string; videoTitle: string; videoQuery: string; theory: string; codeExample: string; task: string; taskHint: string; }' is not assignable to type 'LessonSeed'.
  Property 'videoUrl' is missing in type '{ title: string; duration: string; description: string; videoTitle: string; videoQuery: string; theory: string; codeExample: string; task: string; taskHint: string; }' but required in type 'Omit<Lesson, "id" | "moduleId" | "order">'.[0m [1m[35m[plugin angular-compiler][0m

    src/app/services/curriculum.service.ts:399:8:
[37m      399 │         [32m{[37m
          ╵         [32m^[0m

  'videoUrl' is declared here.

    src/app/models/curriculum.model.ts:9:2:
[37m      9 │   [32mvideoUrl[37m: string;
        ╵   [32m~~~~~~~~[0m


[31mX [41;31m[[41;97mERROR[41;31m][0m [1mTS2322: Type '{ title: string; duration: string; description: string; videoTitle: string; videoQuery: string; theory: string; codeExample: string; task: string; taskHint: string; }' is not assignable to type 'LessonSeed'.
  Property 'videoUrl' is missing in type '{ title: string; duration: string; description: string; videoTitle: string; videoQuery: string; theory: string; codeExample: string; task: string; taskHint: string; }' but required in type 'Omit<Lesson, "id" | "moduleId" | "order">'.[0m [1m[35m[plugin angular-compiler][0m

    src/app/services/curriculum.service.ts:432:8:
[37m      432 │         [32m{[37m
          ╵         [32m^[0m

  'videoUrl' is declared here.

    src/app/models/curriculum.model.ts:9:2:
[37m      9 │   [32mvideoUrl[37m: string;
        ╵   [32m~~~~~~~~[0m

[39m[22m
[1m[31m[31mX [41;31m[[41;97mERROR[41;31m][0m [1mNG8004: No pipe found with name 'date'.
To fix this, import the "DatePipe" class from "@angular/common" and add it to the "imports" array of the component.[0m [1m[35m[plugin angular-compiler][0m

    src/app/pages/certificate/certificate.html:81:53:
[37m      81 │ ...             <p>{{ certificate.issuedAt | [32mdate[37m:'dd.MM.yyyy' }}</p>
         ╵                                              [32m~~~~[0m

  Error occurs in the template of component CertificateComponent.

    src/app/pages/certificate/certificate.ts:20:17:
[37m      20 │     templateUrl: [32m'./certificate.html'[37m,
         ╵                  [32m~~~~~~~~~~~~~~~~~~~~[0m


[31mX [41;31m[[41;97mERROR[41;31m][0m [1mTS2322: Type '{ title: string; duration: string; description: string; videoTitle: string; videoQuery: string; theory: string; codeExample: string; task: string; taskHint: string; }' is not assignable to type 'LessonSeed'.
  Property 'videoUrl' is missing in type '{ title: string; duration: string; description: string; videoTitle: string; videoQuery: string; theory: string; codeExample: string; task: string; taskHint: string; }' but required in type 'Omit<Lesson, "id" | "moduleId" | "order">'.[0m [1m[35m[plugin angular-compiler][0m

    src/app/services/curriculum.service.ts:91:8:
[37m      91 │         [32m{[37m
         ╵         [32m^[0m

  'videoUrl' is declared here.

    src/app/models/curriculum.model.ts:9:2:
[37m      9 │   [32mvideoUrl[37m: string;
        ╵   [32m~~~~~~~~[0m


[31mX [41;31m[[41;97mERROR[41;31m][0m [1mTS2322: Type '{ title: string; duration: string; description: string; videoTitle: string; videoQuery: string; theory: string; codeExample: string; task: string; taskHint: string; }' is not assignable to type 'LessonSeed'.
  Property 'videoUrl' is missing in type '{ title: string; duration: string; description: string; videoTitle: string; videoQuery: string; theory: string; codeExample: string; task: string; taskHint: string; }' but required in type 'Omit<Lesson, "id" | "moduleId" | "order">'.[0m [1m[35m[plugin angular-compiler][0m

    src/app/services/curriculum.service.ts:136:8:
[37m      136 │         [32m{[37m
          ╵         [32m^[0m

  'videoUrl' is declared here.

    src/app/models/curriculum.model.ts:9:2:
[37m      9 │   [32mvideoUrl[37m: string;
        ╵   [32m~~~~~~~~[0m


[31mX [41;31m[[41;97mERROR[41;31m][0m [1mTS2322: Type '{ title: string; duration: string; description: string; videoTitle: string; videoQuery: string; theory: string; codeExample: string; task: string; taskHint: string; }' is not assignable to type 'LessonSeed'.
  Property 'videoUrl' is missing in type '{ title: string; duration: string; description: string; videoTitle: string; videoQuery: string; theory: string; codeExample: string; task: string; taskHint: string; }' but required in type 'Omit<Lesson, "id" | "moduleId" | "order">'.[0m [1m[35m[plugin angular-compiler][0m

    src/app/services/curriculum.service.ts:194:8:
[37m      194 │         [32m{[37m
          ╵         [32m^[0m

  'videoUrl' is declared here.

    src/app/models/curriculum.model.ts:9:2:
[37m      9 │   [32mvideoUrl[37m: string;
        ╵   [32m~~~~~~~~[0m


[31mX [41;31m[[41;97mERROR[41;31m][0m [1mTS2322: Type '{ title: string; duration: string; description: string; videoTitle: string; videoQuery: string; theory: string; codeExample: string; task: string; taskHint: string; }' is not assignable to type 'LessonSeed'.
  Property 'videoUrl' is missing in type '{ title: string; duration: string; description: string; videoTitle: string; videoQuery: string; theory: string; codeExample: string; task: string; taskHint: string; }' but required in type 'Omit<Lesson, "id" | "moduleId" | "order">'.[0m [1m[35m[plugin angular-compiler][0m

    src/app/services/curriculum.service.ts:242:8:
[37m      242 │         [32m{[37m
          ╵         [32m^[0m

  'videoUrl' is declared here.

    src/app/models/curriculum.model.ts:9:2:
[37m      9 │   [32mvideoUrl[37m: string;
        ╵   [32m~~~~~~~~[0m


[31mX [41;31m[[41;97mERROR[41;31m][0m [1mTS2322: Type '{ title: string; duration: string; description: string; videoTitle: string; videoQuery: string; theory: string; codeExample: string; task: string; taskHint: string; }' is not assignable to type 'LessonSeed'.
  Property 'videoUrl' is missing in type '{ title: string; duration: string; description: string; videoTitle: string; videoQuery: string; theory: string; codeExample: string; task: string; taskHint: string; }' but required in type 'Omit<Lesson, "id" | "moduleId" | "order">'.[0m [1m[35m[plugin angular-compiler][0m

    src/app/services/curriculum.service.ts:309:8:
[37m      309 │         [32m{[37m
          ╵         [32m^[0m

  'videoUrl' is declared here.

    src/app/models/curriculum.model.ts:9:2:
[37m      9 │   [32mvideoUrl[37m: string;
        ╵   [32m~~~~~~~~[0m


[31mX [41;31m[[41;97mERROR[41;31m][0m [1mTS2322: Type '{ title: string; duration: string; description: string; videoTitle: string; videoQuery: string; theory: string; codeExample: string; task: string; taskHint: string; }' is not assignable to type 'LessonSeed'.
  Property 'videoUrl' is missing in type '{ title: string; duration: string; description: string; videoTitle: string; videoQuery: string; theory: string; codeExample: string; task: string; taskHint: string; }' but required in type 'Omit<Lesson, "id" | "moduleId" | "order">'.[0m [1m[35m[plugin angular-compiler][0m

    src/app/services/curriculum.service.ts:350:8:
[37m      350 │         [32m{[37m
          ╵         [32m^[0m

  'videoUrl' is declared here.

    src/app/models/curriculum.model.ts:9:2:
[37m      9 │   [32mvideoUrl[37m: string;
        ╵   [32m~~~~~~~~[0m


[31mX [41;31m[[41;97mERROR[41;31m][0m [1mTS2322: Type '{ title: string; duration: string; description: string; videoTitle: string; videoQuery: string; theory: string; codeExample: string; task: string; taskHint: string; }' is not assignable to type 'LessonSeed'.
  Property 'videoUrl' is missing in type '{ title: string; duration: string; description: string; videoTitle: string; videoQuery: string; theory: string; codeExample: string; task: string; taskHint: string; }' but required in type 'Omit<Lesson, "id" | "moduleId" | "order">'.[0m [1m[35m[plugin angular-compiler][0m

    src/app/services/curriculum.service.ts:399:8:
[37m      399 │         [32m{[37m
          ╵         [32m^[0m

  'videoUrl' is declared here.

    src/app/models/curriculum.model.ts:9:2:
[37m      9 │   [32mvideoUrl[37m: string;
        ╵   [32m~~~~~~~~[0m


[31mX [41;31m[[41;97mERROR[41;31m][0m [1mTS2322: Type '{ title: string; duration: string; description: string; videoTitle: string; videoQuery: string; theory: string; codeExample: string; task: string; taskHint: string; }' is not assignable to type 'LessonSeed'.
  Property 'videoUrl' is missing in type '{ title: string; duration: string; description: string; videoTitle: string; videoQuery: string; theory: string; codeExample: string; task: string; taskHint: string; }' but required in type 'Omit<Lesson, "id" | "moduleId" | "order">'.[0m [1m[35m[plugin angular-compiler][0m

    src/app/services/curriculum.service.ts:432:8:
[37m      432 │         [32m{[37m
          ╵         [32m^[0m

  'videoUrl' is declared here.

    src/app/models/curriculum.model.ts:9:2:
[37m      9 │   [32mvideoUrl[37m: string;
        ╵   [32m~~~~~~~~[0m

[39m[22m
[1m[31m[31mX [41;31m[[41;97mERROR[41;31m][0m [1mTS2322: Type '{ title: string; duration: string; description: string; videoTitle: string; videoQuery: string; theory: string; codeExample: string; task: string; taskHint: string; }' is not assignable to type 'LessonSeed'.
  Property 'videoUrl' is missing in type '{ title: string; duration: string; description: string; videoTitle: string; videoQuery: string; theory: string; codeExample: string; task: string; taskHint: string; }' but required in type 'Omit<Lesson, "id" | "moduleId" | "order">'.[0m [1m[35m[plugin angular-compiler][0m

    src/app/services/curriculum.service.ts:91:8:
[37m      91 │         [32m{[37m
         ╵         [32m^[0m

  'videoUrl' is declared here.

    src/app/models/curriculum.model.ts:9:2:
[37m      9 │   [32mvideoUrl[37m: string;
        ╵   [32m~~~~~~~~[0m


[31mX [41;31m[[41;97mERROR[41;31m][0m [1mTS2322: Type '{ title: string; duration: string; description: string; videoTitle: string; videoQuery: string; theory: string; codeExample: string; task: string; taskHint: string; }' is not assignable to type 'LessonSeed'.
  Property 'videoUrl' is missing in type '{ title: string; duration: string; description: string; videoTitle: string; videoQuery: string; theory: string; codeExample: string; task: string; taskHint: string; }' but required in type 'Omit<Lesson, "id" | "moduleId" | "order">'.[0m [1m[35m[plugin angular-compiler][0m

    src/app/services/curriculum.service.ts:136:8:
[37m      136 │         [32m{[37m
          ╵         [32m^[0m

  'videoUrl' is declared here.

    src/app/models/curriculum.model.ts:9:2:
[37m      9 │   [32mvideoUrl[37m: string;
        ╵   [32m~~~~~~~~[0m


[31mX [41;31m[[41;97mERROR[41;31m][0m [1mTS2322: Type '{ title: string; duration: string; description: string; videoTitle: string; videoQuery: string; theory: string; codeExample: string; task: string; taskHint: string; }' is not assignable to type 'LessonSeed'.
  Property 'videoUrl' is missing in type '{ title: string; duration: string; description: string; videoTitle: string; videoQuery: string; theory: string; codeExample: string; task: string; taskHint: string; }' but required in type 'Omit<Lesson, "id" | "moduleId" | "order">'.[0m [1m[35m[plugin angular-compiler][0m

    src/app/services/curriculum.service.ts:194:8:
[37m      194 │         [32m{[37m
          ╵         [32m^[0m

  'videoUrl' is declared here.

    src/app/models/curriculum.model.ts:9:2:
[37m      9 │   [32mvideoUrl[37m: string;
        ╵   [32m~~~~~~~~[0m


[31mX [41;31m[[41;97mERROR[41;31m][0m [1mTS2322: Type '{ title: string; duration: string; description: string; videoTitle: string; videoQuery: string; theory: string; codeExample: string; task: string; taskHint: string; }' is not assignable to type 'LessonSeed'.
  Property 'videoUrl' is missing in type '{ title: string; duration: string; description: string; videoTitle: string; videoQuery: string; theory: string; codeExample: string; task: string; taskHint: string; }' but required in type 'Omit<Lesson, "id" | "moduleId" | "order">'.[0m [1m[35m[plugin angular-compiler][0m

    src/app/services/curriculum.service.ts:242:8:
[37m      242 │         [32m{[37m
          ╵         [32m^[0m

  'videoUrl' is declared here.

    src/app/models/curriculum.model.ts:9:2:
[37m      9 │   [32mvideoUrl[37m: string;
        ╵   [32m~~~~~~~~[0m


[31mX [41;31m[[41;97mERROR[41;31m][0m [1mTS2322: Type '{ title: string; duration: string; description: string; videoTitle: string; videoQuery: string; theory: string; codeExample: string; task: string; taskHint: string; }' is not assignable to type 'LessonSeed'.
  Property 'videoUrl' is missing in type '{ title: string; duration: string; description: string; videoTitle: string; videoQuery: string; theory: string; codeExample: string; task: string; taskHint: string; }' but required in type 'Omit<Lesson, "id" | "moduleId" | "order">'.[0m [1m[35m[plugin angular-compiler][0m

    src/app/services/curriculum.service.ts:309:8:
[37m      309 │         [32m{[37m
          ╵         [32m^[0m

  'videoUrl' is declared here.

    src/app/models/curriculum.model.ts:9:2:
[37m      9 │   [32mvideoUrl[37m: string;
        ╵   [32m~~~~~~~~[0m


[31mX [41;31m[[41;97mERROR[41;31m][0m [1mTS2322: Type '{ title: string; duration: string; description: string; videoTitle: string; videoQuery: string; theory: string; codeExample: string; task: string; taskHint: string; }' is not assignable to type 'LessonSeed'.
  Property 'videoUrl' is missing in type '{ title: string; duration: string; description: string; videoTitle: string; videoQuery: string; theory: string; codeExample: string; task: string; taskHint: string; }' but required in type 'Omit<Lesson, "id" | "moduleId" | "order">'.[0m [1m[35m[plugin angular-compiler][0m

    src/app/services/curriculum.service.ts:350:8:
[37m      350 │         [32m{[37m
          ╵         [32m^[0m

  'videoUrl' is declared here.

    src/app/models/curriculum.model.ts:9:2:
[37m      9 │   [32mvideoUrl[37m: string;
        ╵   [32m~~~~~~~~[0m


[31mX [41;31m[[41;97mERROR[41;31m][0m [1mTS2322: Type '{ title: string; duration: string; description: string; videoTitle: string; videoQuery: string; theory: string; codeExample: string; task: string; taskHint: string; }' is not assignable to type 'LessonSeed'.
  Property 'videoUrl' is missing in type '{ title: string; duration: string; description: string; videoTitle: string; videoQuery: string; theory: string; codeExample: string; task: string; taskHint: string; }' but required in type 'Omit<Lesson, "id" | "moduleId" | "order">'.[0m [1m[35m[plugin angular-compiler][0m

    src/app/services/curriculum.service.ts:399:8:
[37m      399 │         [32m{[37m
          ╵         [32m^[0m

  'videoUrl' is declared here.

    src/app/models/curriculum.model.ts:9:2:
[37m      9 │   [32mvideoUrl[37m: string;
        ╵   [32m~~~~~~~~[0m


[31mX [41;31m[[41;97mERROR[41;31m][0m [1mTS2322: Type '{ title: string; duration: string; description: string; videoTitle: string; videoQuery: string; theory: string; codeExample: string; task: string; taskHint: string; }' is not assignable to type 'LessonSeed'.
  Property 'videoUrl' is missing in type '{ title: string; duration: string; description: string; videoTitle: string; videoQuery: string; theory: string; codeExample: string; task: string; taskHint: string; }' but required in type 'Omit<Lesson, "id" | "moduleId" | "order">'.[0m [1m[35m[plugin angular-compiler][0m

    src/app/services/curriculum.service.ts:432:8:
[37m      432 │         [32m{[37m
          ╵         [32m^[0m

  'videoUrl' is declared here.

    src/app/models/curriculum.model.ts:9:2:
[37m      9 │   [32mvideoUrl[37m: string;
        ╵   [32m~~~~~~~~[0m

[39m[22m
[1m[31m[31mX [41;31m[[41;97mERROR[41;31m][0m [1mTS2322: Type '{ title: string; duration: string; description: string; videoTitle: string; videoQuery: string; theory: string; codeExample: string; task: string; taskHint: string; }' is not assignable to type 'LessonSeed'.
  Property 'videoUrl' is missing in type '{ title: string; duration: string; description: string; videoTitle: string; videoQuery: string; theory: string; codeExample: string; task: string; taskHint: string; }' but required in type 'Omit<Lesson, "id" | "moduleId" | "order">'.[0m [1m[35m[plugin angular-compiler][0m

    src/app/services/curriculum.service.ts:91:8:
[37m      91 │         [32m{[37m
         ╵         [32m^[0m

  'videoUrl' is declared here.

    src/app/models/curriculum.model.ts:9:2:
[37m      9 │   [32mvideoUrl[37m: string;
        ╵   [32m~~~~~~~~[0m


[31mX [41;31m[[41;97mERROR[41;31m][0m [1mTS2322: Type '{ title: string; duration: string; description: string; videoTitle: string; videoQuery: string; theory: string; codeExample: string; task: string; taskHint: string; }' is not assignable to type 'LessonSeed'.
  Property 'videoUrl' is missing in type '{ title: string; duration: string; description: string; videoTitle: string; videoQuery: string; theory: string; codeExample: string; task: string; taskHint: string; }' but required in type 'Omit<Lesson, "id" | "moduleId" | "order">'.[0m [1m[35m[plugin angular-compiler][0m

    src/app/services/curriculum.service.ts:136:8:
[37m      136 │         [32m{[37m
          ╵         [32m^[0m

  'videoUrl' is declared here.

    src/app/models/curriculum.model.ts:9:2:
[37m      9 │   [32mvideoUrl[37m: string;
        ╵   [32m~~~~~~~~[0m


[31mX [41;31m[[41;97mERROR[41;31m][0m [1mTS2322: Type '{ title: string; duration: string; description: string; videoTitle: string; videoQuery: string; theory: string; codeExample: string; task: string; taskHint: string; }' is not assignable to type 'LessonSeed'.
  Property 'videoUrl' is missing in type '{ title: string; duration: string; description: string; videoTitle: string; videoQuery: string; theory: string; codeExample: string; task: string; taskHint: string; }' but required in type 'Omit<Lesson, "id" | "moduleId" | "order">'.[0m [1m[35m[plugin angular-compiler][0m

    src/app/services/curriculum.service.ts:194:8:
[37m      194 │         [32m{[37m
          ╵         [32m^[0m

  'videoUrl' is declared here.

    src/app/models/curriculum.model.ts:9:2:
[37m      9 │   [32mvideoUrl[37m: string;
        ╵   [32m~~~~~~~~[0m


[31mX [41;31m[[41;97mERROR[41;31m][0m [1mTS2322: Type '{ title: string; duration: string; description: string; videoTitle: string; videoQuery: string; theory: string; codeExample: string; task: string; taskHint: string; }' is not assignable to type 'LessonSeed'.
  Property 'videoUrl' is missing in type '{ title: string; duration: string; description: string; videoTitle: string; videoQuery: string; theory: string; codeExample: string; task: string; taskHint: string; }' but required in type 'Omit<Lesson, "id" | "moduleId" | "order">'.[0m [1m[35m[plugin angular-compiler][0m

    src/app/services/curriculum.service.ts:242:8:
[37m      242 │         [32m{[37m
          ╵         [32m^[0m

  'videoUrl' is declared here.

    src/app/models/curriculum.model.ts:9:2:
[37m      9 │   [32mvideoUrl[37m: string;
        ╵   [32m~~~~~~~~[0m


[31mX [41;31m[[41;97mERROR[41;31m][0m [1mTS2322: Type '{ title: string; duration: string; description: string; videoTitle: string; videoQuery: string; theory: string; codeExample: string; task: string; taskHint: string; }' is not assignable to type 'LessonSeed'.
  Property 'videoUrl' is missing in type '{ title: string; duration: string; description: string; videoTitle: string; videoQuery: string; theory: string; codeExample: string; task: string; taskHint: string; }' but required in type 'Omit<Lesson, "id" | "moduleId" | "order">'.[0m [1m[35m[plugin angular-compiler][0m

    src/app/services/curriculum.service.ts:309:8:
[37m      309 │         [32m{[37m
          ╵         [32m^[0m

  'videoUrl' is declared here.

    src/app/models/curriculum.model.ts:9:2:
[37m      9 │   [32mvideoUrl[37m: string;
        ╵   [32m~~~~~~~~[0m


[31mX [41;31m[[41;97mERROR[41;31m][0m [1mTS2322: Type '{ title: string; duration: string; description: string; videoTitle: string; videoQuery: string; theory: string; codeExample: string; task: string; taskHint: string; }' is not assignable to type 'LessonSeed'.
  Property 'videoUrl' is missing in type '{ title: string; duration: string; description: string; videoTitle: string; videoQuery: string; theory: string; codeExample: string; task: string; taskHint: string; }' but required in type 'Omit<Lesson, "id" | "moduleId" | "order">'.[0m [1m[35m[plugin angular-compiler][0m

    src/app/services/curriculum.service.ts:350:8:
[37m      350 │         [32m{[37m
          ╵         [32m^[0m

  'videoUrl' is declared here.

    src/app/models/curriculum.model.ts:9:2:
[37m      9 │   [32mvideoUrl[37m: string;
        ╵   [32m~~~~~~~~[0m


[31mX [41;31m[[41;97mERROR[41;31m][0m [1mTS2322: Type '{ title: string; duration: string; description: string; videoTitle: string; videoQuery: string; theory: string; codeExample: string; task: string; taskHint: string; }' is not assignable to type 'LessonSeed'.
  Property 'videoUrl' is missing in type '{ title: string; duration: string; description: string; videoTitle: string; videoQuery: string; theory: string; codeExample: string; task: string; taskHint: string; }' but required in type 'Omit<Lesson, "id" | "moduleId" | "order">'.[0m [1m[35m[plugin angular-compiler][0m

    src/app/services/curriculum.service.ts:399:8:
[37m      399 │         [32m{[37m
          ╵         [32m^[0m

  'videoUrl' is declared here.

    src/app/models/curriculum.model.ts:9:2:
[37m      9 │   [32mvideoUrl[37m: string;
        ╵   [32m~~~~~~~~[0m


[31mX [41;31m[[41;97mERROR[41;31m][0m [1mTS2322: Type '{ title: string; duration: string; description: string; videoTitle: string; videoQuery: string; theory: string; codeExample: string; task: string; taskHint: string; }' is not assignable to type 'LessonSeed'.
  Property 'videoUrl' is missing in type '{ title: string; duration: string; description: string; videoTitle: string; videoQuery: string; theory: string; codeExample: string; task: string; taskHint: string; }' but required in type 'Omit<Lesson, "id" | "moduleId" | "order">'.[0m [1m[35m[plugin angular-compiler][0m

    src/app/services/curriculum.service.ts:432:8:
[37m      432 │         [32m{[37m
          ╵         [32m^[0m

  'videoUrl' is declared here.

    src/app/models/curriculum.model.ts:9:2:
[37m      9 │   [32mvideoUrl[37m: string;
        ╵   [32m~~~~~~~~[0m

[39m[22m
[1m[31m[31mX [41;31m[[41;97mERROR[41;31m][0m [1mTS2322: Type '{ title: string; duration: string; description: string; videoTitle: string; videoQuery: string; theory: string; codeExample: string; task: string; taskHint: string; }' is not assignable to type 'LessonSeed'.
  Property 'videoUrl' is missing in type '{ title: string; duration: string; description: string; videoTitle: string; videoQuery: string; theory: string; codeExample: string; task: string; taskHint: string; }' but required in type 'Omit<Lesson, "id" | "moduleId" | "order">'.[0m [1m[35m[plugin angular-compiler][0m

    src/app/services/curriculum.service.ts:135:8:
[37m      135 │         [32m{[37m
          ╵         [32m^[0m

  'videoUrl' is declared here.

    src/app/models/curriculum.model.ts:9:2:
[37m      9 │   [32mvideoUrl[37m: string;
        ╵   [32m~~~~~~~~[0m


[31mX [41;31m[[41;97mERROR[41;31m][0m [1mTS2322: Type '{ title: string; duration: string; description: string; videoTitle: string; videoQuery: string; theory: string; codeExample: string; task: string; taskHint: string; }' is not assignable to type 'LessonSeed'.
  Property 'videoUrl' is missing in type '{ title: string; duration: string; description: string; videoTitle: string; videoQuery: string; theory: string; codeExample: string; task: string; taskHint: string; }' but required in type 'Omit<Lesson, "id" | "moduleId" | "order">'.[0m [1m[35m[plugin angular-compiler][0m

    src/app/services/curriculum.service.ts:193:8:
[37m      193 │         [32m{[37m
          ╵         [32m^[0m

  'videoUrl' is declared here.

    src/app/models/curriculum.model.ts:9:2:
[37m      9 │   [32mvideoUrl[37m: string;
        ╵   [32m~~~~~~~~[0m


[31mX [41;31m[[41;97mERROR[41;31m][0m [1mTS2322: Type '{ title: string; duration: string; description: string; videoTitle: string; videoQuery: string; theory: string; codeExample: string; task: string; taskHint: string; }' is not assignable to type 'LessonSeed'.
  Property 'videoUrl' is missing in type '{ title: string; duration: string; description: string; videoTitle: string; videoQuery: string; theory: string; codeExample: string; task: string; taskHint: string; }' but required in type 'Omit<Lesson, "id" | "moduleId" | "order">'.[0m [1m[35m[plugin angular-compiler][0m

    src/app/services/curriculum.service.ts:241:8:
[37m      241 │         [32m{[37m
          ╵         [32m^[0m

  'videoUrl' is declared here.

    src/app/models/curriculum.model.ts:9:2:
[37m      9 │   [32mvideoUrl[37m: string;
        ╵   [32m~~~~~~~~[0m


[31mX [41;31m[[41;97mERROR[41;31m][0m [1mTS2322: Type '{ title: string; duration: string; description: string; videoTitle: string; videoQuery: string; theory: string; codeExample: string; task: string; taskHint: string; }' is not assignable to type 'LessonSeed'.
  Property 'videoUrl' is missing in type '{ title: string; duration: string; description: string; videoTitle: string; videoQuery: string; theory: string; codeExample: string; task: string; taskHint: string; }' but required in type 'Omit<Lesson, "id" | "moduleId" | "order">'.[0m [1m[35m[plugin angular-compiler][0m

    src/app/services/curriculum.service.ts:308:8:
[37m      308 │         [32m{[37m
          ╵         [32m^[0m

  'videoUrl' is declared here.

    src/app/models/curriculum.model.ts:9:2:
[37m      9 │   [32mvideoUrl[37m: string;
        ╵   [32m~~~~~~~~[0m


[31mX [41;31m[[41;97mERROR[41;31m][0m [1mTS2322: Type '{ title: string; duration: string; description: string; videoTitle: string; videoQuery: string; theory: string; codeExample: string; task: string; taskHint: string; }' is not assignable to type 'LessonSeed'.
  Property 'videoUrl' is missing in type '{ title: string; duration: string; description: string; videoTitle: string; videoQuery: string; theory: string; codeExample: string; task: string; taskHint: string; }' but required in type 'Omit<Lesson, "id" | "moduleId" | "order">'.[0m [1m[35m[plugin angular-compiler][0m

    src/app/services/curriculum.service.ts:349:8:
[37m      349 │         [32m{[37m
          ╵         [32m^[0m

  'videoUrl' is declared here.

    src/app/models/curriculum.model.ts:9:2:
[37m      9 │   [32mvideoUrl[37m: string;
        ╵   [32m~~~~~~~~[0m


[31mX [41;31m[[41;97mERROR[41;31m][0m [1mTS2322: Type '{ title: string; duration: string; description: string; videoTitle: string; videoQuery: string; theory: string; codeExample: string; task: string; taskHint: string; }' is not assignable to type 'LessonSeed'.
  Property 'videoUrl' is missing in type '{ title: string; duration: string; description: string; videoTitle: string; videoQuery: string; theory: string; codeExample: string; task: string; taskHint: string; }' but required in type 'Omit<Lesson, "id" | "moduleId" | "order">'.[0m [1m[35m[plugin angular-compiler][0m

    src/app/services/curriculum.service.ts:398:8:
[37m      398 │         [32m{[37m
          ╵         [32m^[0m

  'videoUrl' is declared here.

    src/app/models/curriculum.model.ts:9:2:
[37m      9 │   [32mvideoUrl[37m: string;
        ╵   [32m~~~~~~~~[0m


[31mX [41;31m[[41;97mERROR[41;31m][0m [1mTS2322: Type '{ title: string; duration: string; description: string; videoTitle: string; videoQuery: string; theory: string; codeExample: string; task: string; taskHint: string; }' is not assignable to type 'LessonSeed'.
  Property 'videoUrl' is missing in type '{ title: string; duration: string; description: string; videoTitle: string; videoQuery: string; theory: string; codeExample: string; task: string; taskHint: string; }' but required in type 'Omit<Lesson, "id" | "moduleId" | "order">'.[0m [1m[35m[plugin angular-compiler][0m

    src/app/services/curriculum.service.ts:431:8:
[37m      431 │         [32m{[37m
          ╵         [32m^[0m

  'videoUrl' is declared here.

    src/app/models/curriculum.model.ts:9:2:
[37m      9 │   [32mvideoUrl[37m: string;
        ╵   [32m~~~~~~~~[0m

[39m[22m
[1m[31m[31mX [41;31m[[41;97mERROR[41;31m][0m [1mTS2322: Type '{ title: string; duration: string; description: string; videoTitle: string; videoQuery: string; theory: string; codeExample: string; task: string; taskHint: string; }' is not assignable to type 'LessonSeed'.
  Property 'videoUrl' is missing in type '{ title: string; duration: string; description: string; videoTitle: string; videoQuery: string; theory: string; codeExample: string; task: string; taskHint: string; }' but required in type 'Omit<Lesson, "id" | "moduleId" | "order">'.[0m [1m[35m[plugin angular-compiler][0m

    src/app/services/curriculum.service.ts:192:8:
[37m      192 │         [32m{[37m
          ╵         [32m^[0m

  'videoUrl' is declared here.

    src/app/models/curriculum.model.ts:9:2:
[37m      9 │   [32mvideoUrl[37m: string;
        ╵   [32m~~~~~~~~[0m


[31mX [41;31m[[41;97mERROR[41;31m][0m [1mTS2322: Type '{ title: string; duration: string; description: string; videoTitle: string; videoQuery: string; theory: string; codeExample: string; task: string; taskHint: string; }' is not assignable to type 'LessonSeed'.
  Property 'videoUrl' is missing in type '{ title: string; duration: string; description: string; videoTitle: string; videoQuery: string; theory: string; codeExample: string; task: string; taskHint: string; }' but required in type 'Omit<Lesson, "id" | "moduleId" | "order">'.[0m [1m[35m[plugin angular-compiler][0m

    src/app/services/curriculum.service.ts:240:8:
[37m      240 │         [32m{[37m
          ╵         [32m^[0m

  'videoUrl' is declared here.

    src/app/models/curriculum.model.ts:9:2:
[37m      9 │   [32mvideoUrl[37m: string;
        ╵   [32m~~~~~~~~[0m


[31mX [41;31m[[41;97mERROR[41;31m][0m [1mTS2322: Type '{ title: string; duration: string; description: string; videoTitle: string; videoQuery: string; theory: string; codeExample: string; task: string; taskHint: string; }' is not assignable to type 'LessonSeed'.
  Property 'videoUrl' is missing in type '{ title: string; duration: string; description: string; videoTitle: string; videoQuery: string; theory: string; codeExample: string; task: string; taskHint: string; }' but required in type 'Omit<Lesson, "id" | "moduleId" | "order">'.[0m [1m[35m[plugin angular-compiler][0m

    src/app/services/curriculum.service.ts:307:8:
[37m      307 │         [32m{[37m
          ╵         [32m^[0m

  'videoUrl' is declared here.

    src/app/models/curriculum.model.ts:9:2:
[37m      9 │   [32mvideoUrl[37m: string;
        ╵   [32m~~~~~~~~[0m


[31mX [41;31m[[41;97mERROR[41;31m][0m [1mTS2322: Type '{ title: string; duration: string; description: string; videoTitle: string; videoQuery: string; theory: string; codeExample: string; task: string; taskHint: string; }' is not assignable to type 'LessonSeed'.
  Property 'videoUrl' is missing in type '{ title: string; duration: string; description: string; videoTitle: string; videoQuery: string; theory: string; codeExample: string; task: string; taskHint: string; }' but required in type 'Omit<Lesson, "id" | "moduleId" | "order">'.[0m [1m[35m[plugin angular-compiler][0m

    src/app/services/curriculum.service.ts:348:8:
[37m      348 │         [32m{[37m
          ╵         [32m^[0m

  'videoUrl' is declared here.

    src/app/models/curriculum.model.ts:9:2:
[37m      9 │   [32mvideoUrl[37m: string;
        ╵   [32m~~~~~~~~[0m


[31mX [41;31m[[41;97mERROR[41;31m][0m [1mTS2322: Type '{ title: string; duration: string; description: string; videoTitle: string; videoQuery: string; theory: string; codeExample: string; task: string; taskHint: string; }' is not assignable to type 'LessonSeed'.
  Property 'videoUrl' is missing in type '{ title: string; duration: string; description: string; videoTitle: string; videoQuery: string; theory: string; codeExample: string; task: string; taskHint: string; }' but required in type 'Omit<Lesson, "id" | "moduleId" | "order">'.[0m [1m[35m[plugin angular-compiler][0m

    src/app/services/curriculum.service.ts:397:8:
[37m      397 │         [32m{[37m
          ╵         [32m^[0m

  'videoUrl' is declared here.

    src/app/models/curriculum.model.ts:9:2:
[37m      9 │   [32mvideoUrl[37m: string;
        ╵   [32m~~~~~~~~[0m


[31mX [41;31m[[41;97mERROR[41;31m][0m [1mTS2322: Type '{ title: string; duration: string; description: string; videoTitle: string; videoQuery: string; theory: string; codeExample: string; task: string; taskHint: string; }' is not assignable to type 'LessonSeed'.
  Property 'videoUrl' is missing in type '{ title: string; duration: string; description: string; videoTitle: string; videoQuery: string; theory: string; codeExample: string; task: string; taskHint: string; }' but required in type 'Omit<Lesson, "id" | "moduleId" | "order">'.[0m [1m[35m[plugin angular-compiler][0m

    src/app/services/curriculum.service.ts:430:8:
[37m      430 │         [32m{[37m
          ╵         [32m^[0m

  'videoUrl' is declared here.

    src/app/models/curriculum.model.ts:9:2:
[37m      9 │   [32mvideoUrl[37m: string;
        ╵   [32m~~~~~~~~[0m

[39m[22m
[1m[31m[31mX [41;31m[[41;97mERROR[41;31m][0m [1mTS2322: Type '{ title: string; duration: string; description: string; videoTitle: string; videoQuery: string; theory: string; codeExample: string; task: string; taskHint: string; }' is not assignable to type 'LessonSeed'.
  Property 'videoUrl' is missing in type '{ title: string; duration: string; description: string; videoTitle: string; videoQuery: string; theory: string; codeExample: string; task: string; taskHint: string; }' but required in type 'Omit<Lesson, "id" | "moduleId" | "order">'.[0m [1m[35m[plugin angular-compiler][0m

    src/app/services/curriculum.service.ts:239:8:
[37m      239 │         [32m{[37m
          ╵         [32m^[0m

  'videoUrl' is declared here.

    src/app/models/curriculum.model.ts:9:2:
[37m      9 │   [32mvideoUrl[37m: string;
        ╵   [32m~~~~~~~~[0m


[31mX [41;31m[[41;97mERROR[41;31m][0m [1mTS2322: Type '{ title: string; duration: string; description: string; videoTitle: string; videoQuery: string; theory: string; codeExample: string; task: string; taskHint: string; }' is not assignable to type 'LessonSeed'.
  Property 'videoUrl' is missing in type '{ title: string; duration: string; description: string; videoTitle: string; videoQuery: string; theory: string; codeExample: string; task: string; taskHint: string; }' but required in type 'Omit<Lesson, "id" | "moduleId" | "order">'.[0m [1m[35m[plugin angular-compiler][0m

    src/app/services/curriculum.service.ts:306:8:
[37m      306 │         [32m{[37m
          ╵         [32m^[0m

  'videoUrl' is declared here.

    src/app/models/curriculum.model.ts:9:2:
[37m      9 │   [32mvideoUrl[37m: string;
        ╵   [32m~~~~~~~~[0m


[31mX [41;31m[[41;97mERROR[41;31m][0m [1mTS2322: Type '{ title: string; duration: string; description: string; videoTitle: string; videoQuery: string; theory: string; codeExample: string; task: string; taskHint: string; }' is not assignable to type 'LessonSeed'.
  Property 'videoUrl' is missing in type '{ title: string; duration: string; description: string; videoTitle: string; videoQuery: string; theory: string; codeExample: string; task: string; taskHint: string; }' but required in type 'Omit<Lesson, "id" | "moduleId" | "order">'.[0m [1m[35m[plugin angular-compiler][0m

    src/app/services/curriculum.service.ts:347:8:
[37m      347 │         [32m{[37m
          ╵         [32m^[0m

  'videoUrl' is declared here.

    src/app/models/curriculum.model.ts:9:2:
[37m      9 │   [32mvideoUrl[37m: string;
        ╵   [32m~~~~~~~~[0m


[31mX [41;31m[[41;97mERROR[41;31m][0m [1mTS2322: Type '{ title: string; duration: string; description: string; videoTitle: string; videoQuery: string; theory: string; codeExample: string; task: string; taskHint: string; }' is not assignable to type 'LessonSeed'.
  Property 'videoUrl' is missing in type '{ title: string; duration: string; description: string; videoTitle: string; videoQuery: string; theory: string; codeExample: string; task: string; taskHint: string; }' but required in type 'Omit<Lesson, "id" | "moduleId" | "order">'.[0m [1m[35m[plugin angular-compiler][0m

    src/app/services/curriculum.service.ts:396:8:
[37m      396 │         [32m{[37m
          ╵         [32m^[0m

  'videoUrl' is declared here.

    src/app/models/curriculum.model.ts:9:2:
[37m      9 │   [32mvideoUrl[37m: string;
        ╵   [32m~~~~~~~~[0m


[31mX [41;31m[[41;97mERROR[41;31m][0m [1mTS2322: Type '{ title: string; duration: string; description: string; videoTitle: string; videoQuery: string; theory: string; codeExample: string; task: string; taskHint: string; }' is not assignable to type 'LessonSeed'.
  Property 'videoUrl' is missing in type '{ title: string; duration: string; description: string; videoTitle: string; videoQuery: string; theory: string; codeExample: string; task: string; taskHint: string; }' but required in type 'Omit<Lesson, "id" | "moduleId" | "order">'.[0m [1m[35m[plugin angular-compiler][0m

    src/app/services/curriculum.service.ts:429:8:
[37m      429 │         [32m{[37m
          ╵         [32m^[0m

  'videoUrl' is declared here.

    src/app/models/curriculum.model.ts:9:2:
[37m      9 │   [32mvideoUrl[37m: string;
        ╵   [32m~~~~~~~~[0m

[39m[22m
[1m[31m[31mX [41;31m[[41;97mERROR[41;31m][0m [1mTS2322: Type '{ title: string; duration: string; description: string; videoTitle: string; videoQuery: string; theory: string; codeExample: string; task: string; taskHint: string; }' is not assignable to type 'LessonSeed'.
  Property 'videoUrl' is missing in type '{ title: string; duration: string; description: string; videoTitle: string; videoQuery: string; theory: string; codeExample: string; task: string; taskHint: string; }' but required in type 'Omit<Lesson, "id" | "moduleId" | "order">'.[0m [1m[35m[plugin angular-compiler][0m

    src/app/services/curriculum.service.ts:305:8:
[37m      305 │         [32m{[37m
          ╵         [32m^[0m

  'videoUrl' is declared here.

    src/app/models/curriculum.model.ts:9:2:
[37m      9 │   [32mvideoUrl[37m: string;
        ╵   [32m~~~~~~~~[0m


[31mX [41;31m[[41;97mERROR[41;31m][0m [1mTS2322: Type '{ title: string; duration: string; description: string; videoTitle: string; videoQuery: string; theory: string; codeExample: string; task: string; taskHint: string; }' is not assignable to type 'LessonSeed'.
  Property 'videoUrl' is missing in type '{ title: string; duration: string; description: string; videoTitle: string; videoQuery: string; theory: string; codeExample: string; task: string; taskHint: string; }' but required in type 'Omit<Lesson, "id" | "moduleId" | "order">'.[0m [1m[35m[plugin angular-compiler][0m

    src/app/services/curriculum.service.ts:346:8:
[37m      346 │         [32m{[37m
          ╵         [32m^[0m

  'videoUrl' is declared here.

    src/app/models/curriculum.model.ts:9:2:
[37m      9 │   [32mvideoUrl[37m: string;
        ╵   [32m~~~~~~~~[0m


[31mX [41;31m[[41;97mERROR[41;31m][0m [1mTS2322: Type '{ title: string; duration: string; description: string; videoTitle: string; videoQuery: string; theory: string; codeExample: string; task: string; taskHint: string; }' is not assignable to type 'LessonSeed'.
  Property 'videoUrl' is missing in type '{ title: string; duration: string; description: string; videoTitle: string; videoQuery: string; theory: string; codeExample: string; task: string; taskHint: string; }' but required in type 'Omit<Lesson, "id" | "moduleId" | "order">'.[0m [1m[35m[plugin angular-compiler][0m

    src/app/services/curriculum.service.ts:395:8:
[37m      395 │         [32m{[37m
          ╵         [32m^[0m

  'videoUrl' is declared here.

    src/app/models/curriculum.model.ts:9:2:
[37m      9 │   [32mvideoUrl[37m: string;
        ╵   [32m~~~~~~~~[0m


[31mX [41;31m[[41;97mERROR[41;31m][0m [1mTS2322: Type '{ title: string; duration: string; description: string; videoTitle: string; videoQuery: string; theory: string; codeExample: string; task: string; taskHint: string; }' is not assignable to type 'LessonSeed'.
  Property 'videoUrl' is missing in type '{ title: string; duration: string; description: string; videoTitle: string; videoQuery: string; theory: string; codeExample: string; task: string; taskHint: string; }' but required in type 'Omit<Lesson, "id" | "moduleId" | "order">'.[0m [1m[35m[plugin angular-compiler][0m

    src/app/services/curriculum.service.ts:428:8:
[37m      428 │         [32m{[37m
          ╵         [32m^[0m

  'videoUrl' is declared here.

    src/app/models/curriculum.model.ts:9:2:
[37m      9 │   [32mvideoUrl[37m: string;
        ╵   [32m~~~~~~~~[0m

[39m[22m
[1m[31m[31mX [41;31m[[41;97mERROR[41;31m][0m [1mTS2322: Type '{ title: string; duration: string; description: string; videoTitle: string; videoQuery: string; theory: string; codeExample: string; task: string; taskHint: string; }' is not assignable to type 'LessonSeed'.
  Property 'videoUrl' is missing in type '{ title: string; duration: string; description: string; videoTitle: string; videoQuery: string; theory: string; codeExample: string; task: string; taskHint: string; }' but required in type 'Omit<Lesson, "id" | "moduleId" | "order">'.[0m [1m[35m[plugin angular-compiler][0m

    src/app/services/curriculum.service.ts:305:8:
[37m      305 │         [32m{[37m
          ╵         [32m^[0m

  'videoUrl' is declared here.

    src/app/models/curriculum.model.ts:9:2:
[37m      9 │   [32mvideoUrl[37m: string;
        ╵   [32m~~~~~~~~[0m


[31mX [41;31m[[41;97mERROR[41;31m][0m [1mTS2322: Type '{ title: string; duration: string; description: string; videoTitle: string; videoQuery: string; theory: string; codeExample: string; task: string; taskHint: string; }' is not assignable to type 'LessonSeed'.
  Property 'videoUrl' is missing in type '{ title: string; duration: string; description: string; videoTitle: string; videoQuery: string; theory: string; codeExample: string; task: string; taskHint: string; }' but required in type 'Omit<Lesson, "id" | "moduleId" | "order">'.[0m [1m[35m[plugin angular-compiler][0m

    src/app/services/curriculum.service.ts:346:8:
[37m      346 │         [32m{[37m
          ╵         [32m^[0m

  'videoUrl' is declared here.

    src/app/models/curriculum.model.ts:9:2:
[37m      9 │   [32mvideoUrl[37m: string;
        ╵   [32m~~~~~~~~[0m


[31mX [41;31m[[41;97mERROR[41;31m][0m [1mTS2322: Type '{ title: string; duration: string; description: string; videoTitle: string; videoQuery: string; theory: string; codeExample: string; task: string; taskHint: string; }' is not assignable to type 'LessonSeed'.
  Property 'videoUrl' is missing in type '{ title: string; duration: string; description: string; videoTitle: string; videoQuery: string; theory: string; codeExample: string; task: string; taskHint: string; }' but required in type 'Omit<Lesson, "id" | "moduleId" | "order">'.[0m [1m[35m[plugin angular-compiler][0m

    src/app/services/curriculum.service.ts:395:8:
[37m      395 │         [32m{[37m
          ╵         [32m^[0m

  'videoUrl' is declared here.

    src/app/models/curriculum.model.ts:9:2:
[37m      9 │   [32mvideoUrl[37m: string;
        ╵   [32m~~~~~~~~[0m


[31mX [41;31m[[41;97mERROR[41;31m][0m [1mTS2322: Type '{ title: string; duration: string; description: string; videoTitle: string; videoQuery: string; theory: string; codeExample: string; task: string; taskHint: string; }' is not assignable to type 'LessonSeed'.
  Property 'videoUrl' is missing in type '{ title: string; duration: string; description: string; videoTitle: string; videoQuery: string; theory: string; codeExample: string; task: string; taskHint: string; }' but required in type 'Omit<Lesson, "id" | "moduleId" | "order">'.[0m [1m[35m[plugin angular-compiler][0m

    src/app/services/curriculum.service.ts:428:8:
[37m      428 │         [32m{[37m
          ╵         [32m^[0m

  'videoUrl' is declared here.

    src/app/models/curriculum.model.ts:9:2:
[37m      9 │   [32mvideoUrl[37m: string;
        ╵   [32m~~~~~~~~[0m

[39m[22m
[1m[31m[31mX [41;31m[[41;97mERROR[41;31m][0m [1mTS2322: Type '{ title: string; duration: string; description: string; videoTitle: string; videoQuery: string; theory: string; codeExample: string; task: string; taskHint: string; }' is not assignable to type 'LessonSeed'.
  Property 'videoUrl' is missing in type '{ title: string; duration: string; description: string; videoTitle: string; videoQuery: string; theory: string; codeExample: string; task: string; taskHint: string; }' but required in type 'Omit<Lesson, "id" | "moduleId" | "order">'.[0m [1m[35m[plugin angular-compiler][0m

    src/app/services/curriculum.service.ts:345:8:
[37m      345 │         [32m{[37m
          ╵         [32m^[0m

  'videoUrl' is declared here.

    src/app/models/curriculum.model.ts:9:2:
[37m      9 │   [32mvideoUrl[37m: string;
        ╵   [32m~~~~~~~~[0m


[31mX [41;31m[[41;97mERROR[41;31m][0m [1mTS2322: Type '{ title: string; duration: string; description: string; videoTitle: string; videoQuery: string; theory: string; codeExample: string; task: string; taskHint: string; }' is not assignable to type 'LessonSeed'.
  Property 'videoUrl' is missing in type '{ title: string; duration: string; description: string; videoTitle: string; videoQuery: string; theory: string; codeExample: string; task: string; taskHint: string; }' but required in type 'Omit<Lesson, "id" | "moduleId" | "order">'.[0m [1m[35m[plugin angular-compiler][0m

    src/app/services/curriculum.service.ts:394:8:
[37m      394 │         [32m{[37m
          ╵         [32m^[0m

  'videoUrl' is declared here.

    src/app/models/curriculum.model.ts:9:2:
[37m      9 │   [32mvideoUrl[37m: string;
        ╵   [32m~~~~~~~~[0m


[31mX [41;31m[[41;97mERROR[41;31m][0m [1mTS2322: Type '{ title: string; duration: string; description: string; videoTitle: string; videoQuery: string; theory: string; codeExample: string; task: string; taskHint: string; }' is not assignable to type 'LessonSeed'.
  Property 'videoUrl' is missing in type '{ title: string; duration: string; description: string; videoTitle: string; videoQuery: string; theory: string; codeExample: string; task: string; taskHint: string; }' but required in type 'Omit<Lesson, "id" | "moduleId" | "order">'.[0m [1m[35m[plugin angular-compiler][0m

    src/app/services/curriculum.service.ts:427:8:
[37m      427 │         [32m{[37m
          ╵         [32m^[0m

  'videoUrl' is declared here.

    src/app/models/curriculum.model.ts:9:2:
[37m      9 │   [32mvideoUrl[37m: string;
        ╵   [32m~~~~~~~~[0m

[39m[22m
[1m[31m[31mX [41;31m[[41;97mERROR[41;31m][0m [1mTS2554: Expected 1 arguments, but got 2.[0m [1m[35m[plugin angular-compiler][0m

    src/app/pages/lesson-detail/lesson-detail.ts:61:62:
[37m      61 │ ... this.curriculumService.markComplete(this.lesson.id, [32maccount?.id[37m);
         ╵                                                         [32m~~~~~~~~~~~[0m

[39m[22m
[1m[31m[31mX [41;31m[[41;97mERROR[41;31m][0m [1mTS2554: Expected 1 arguments, but got 2.[0m [1m[35m[plugin angular-compiler][0m

    src/app/pages/lesson-detail/lesson-detail.ts:61:62:
[37m      61 │ ... this.curriculumService.markComplete(this.lesson.id, [32maccount?.id[37m);
         ╵                                                         [32m~~~~~~~~~~~[0m

[39m[22m
[1m[31m[31mX [41;31m[[41;97mERROR[41;31m][0m [1mTS2554: Expected 1 arguments, but got 2.[0m [1m[35m[plugin angular-compiler][0m

    src/app/pages/lesson-detail/lesson-detail.ts:61:62:
[37m      61 │ ... this.curriculumService.markComplete(this.lesson.id, [32maccount?.id[37m);
         ╵                                                         [32m~~~~~~~~~~~[0m

[39m[22m
[1m[31m[31mX [41;31m[[41;97mERROR[41;31m][0m [1mTS2554: Expected 1 arguments, but got 2.[0m [1m[35m[plugin angular-compiler][0m

    src/app/pages/lesson-detail/lesson-detail.ts:61:62:
[37m      61 │ ... this.curriculumService.markComplete(this.lesson.id, [32maccount?.id[37m);
         ╵                                                         [32m~~~~~~~~~~~[0m

[39m[22m
[1m[31m[31mX [41;31m[[41;97mERROR[41;31m][0m [1mTS2554: Expected 1 arguments, but got 2.[0m [1m[35m[plugin angular-compiler][0m

    src/app/pages/lesson-detail/lesson-detail.ts:61:62:
[37m      61 │ ... this.curriculumService.markComplete(this.lesson.id, [32maccount?.id[37m);
         ╵                                                         [32m~~~~~~~~~~~[0m

[39m[22m
[1m[31m[31mX [41;31m[[41;97mERROR[41;31m][0m [1mTS2554: Expected 1 arguments, but got 2.[0m [1m[35m[plugin angular-compiler][0m

    src/app/pages/lesson-detail/lesson-detail.ts:61:62:
[37m      61 │ ... this.curriculumService.markComplete(this.lesson.id, [32maccount?.id[37m);
         ╵                                                         [32m~~~~~~~~~~~[0m


[31mX [41;31m[[41;97mERROR[41;31m][0m [1mTS2353: Object literal may only specify known properties, and 'videoUrl' does not exist in type 'LessonSeed'.[0m [1m[35m[plugin angular-compiler][0m

    src/app/services/curriculum.service.ts:361:8:
[37m      361 │         [32mvideoUrl[37m: yt('CSS box model uzbek'),
          ╵         [32m~~~~~~~~[0m

[39m[22m
[1m[31m[31mX [41;31m[[41;97mERROR[41;31m][0m [1mTS2554: Expected 1 arguments, but got 2.[0m [1m[35m[plugin angular-compiler][0m

    src/app/pages/lesson-detail/lesson-detail.ts:61:62:
[37m      61 │ ... this.curriculumService.markComplete(this.lesson.id, [32maccount?.id[37m);
         ╵                                                         [32m~~~~~~~~~~~[0m

[39m[22m
[1m[31m[31mX [41;31m[[41;97mERROR[41;31m][0m [1mTS2554: Expected 1 arguments, but got 2.[0m [1m[35m[plugin angular-compiler][0m

    src/app/pages/lesson-detail/lesson-detail.ts:61:62:
[37m      61 │ ... this.curriculumService.markComplete(this.lesson.id, [32maccount?.id[37m);
         ╵                                                         [32m~~~~~~~~~~~[0m


[31mX [41;31m[[41;97mERROR[41;31m][0m [1mTS2353: Object literal may only specify known properties, and 'videoUrl' does not exist in type 'LessonSeed'.[0m [1m[35m[plugin angular-compiler][0m

    src/app/services/curriculum.service.ts:424:8:
[37m      424 │         [32mvideoUrl[37m: yt('CSS Grid uzbek'),
          ╵         [32m~~~~~~~~[0m

[39m[22m
[1m[31m[31mX [41;31m[[41;97mERROR[41;31m][0m [1mTS2554: Expected 1 arguments, but got 2.[0m [1m[35m[plugin angular-compiler][0m

    src/app/pages/lesson-detail/lesson-detail.ts:61:62:
[37m      61 │ ... this.curriculumService.markComplete(this.lesson.id, [32maccount?.id[37m);
         ╵                                                         [32m~~~~~~~~~~~[0m


[31mX [41;31m[[41;97mERROR[41;31m][0m [1mTS2353: Object literal may only specify known properties, and 'videoUrl' does not exist in type 'LessonSeed'.[0m [1m[35m[plugin angular-compiler][0m

    src/app/services/curriculum.service.ts:441:8:
[37m      441 │         [32mvideoUrl[37m: yt('responsive design media query uzbek'),
          ╵         [32m~~~~~~~~[0m

[39m[22m
[1m[31m[31mX [41;31m[[41;97mERROR[41;31m][0m [1mTS2554: Expected 1 arguments, but got 2.[0m [1m[35m[plugin angular-compiler][0m

    src/app/pages/lesson-detail/lesson-detail.ts:61:62:
[37m      61 │ ... this.curriculumService.markComplete(this.lesson.id, [32maccount?.id[37m);
         ╵                                                         [32m~~~~~~~~~~~[0m


[31mX [41;31m[[41;97mERROR[41;31m][0m [1mTS2353: Object literal may only specify known properties, and 'videoUrl' does not exist in type 'LessonSeed'.[0m [1m[35m[plugin angular-compiler][0m

    src/app/services/curriculum.service.ts:441:8:
[37m      441 │         [32mvideoUrl[37m: yt('responsive design media query uzbek'),
          ╵         [32m~~~~~~~~[0m

[39m[22m
[1m[31m[31mX [41;31m[[41;97mERROR[41;31m][0m [1mTS2554: Expected 1 arguments, but got 2.[0m [1m[35m[plugin angular-compiler][0m

    src/app/pages/lesson-detail/lesson-detail.ts:61:62:
[37m      61 │ ... this.curriculumService.markComplete(this.lesson.id, [32maccount?.id[37m);
         ╵                                                         [32m~~~~~~~~~~~[0m

[39m[22m
[1m[31m[31mX [41;31m[[41;97mERROR[41;31m][0m [1mTS2554: Expected 1 arguments, but got 2.[0m [1m[35m[plugin angular-compiler][0m

    src/app/pages/lesson-detail/lesson-detail.ts:61:62:
[37m      61 │ ... this.curriculumService.markComplete(this.lesson.id, [32maccount?.id[37m);
         ╵                                                         [32m~~~~~~~~~~~[0m

[39m[22m
[1m[31m[31mX [41;31m[[41;97mERROR[41;31m][0m [1mTS2554: Expected 1 arguments, but got 2.[0m [1m[35m[plugin angular-compiler][0m

    src/app/pages/lesson-detail/lesson-detail.ts:61:62:
[37m      61 │ ... this.curriculumService.markComplete(this.lesson.id, [32maccount?.id[37m);
         ╵                                                         [32m~~~~~~~~~~~[0m

[39m[22m
[1m[31m[31mX [41;31m[[41;97mERROR[41;31m][0m [1mTS2554: Expected 1 arguments, but got 2.[0m [1m[35m[plugin angular-compiler][0m

    src/app/pages/lesson-detail/lesson-detail.ts:61:62:
[37m      61 │ ... this.curriculumService.markComplete(this.lesson.id, [32maccount?.id[37m);
         ╵                                                         [32m~~~~~~~~~~~[0m

[39m[22m
[1m[31m[31mX [41;31m[[41;97mERROR[41;31m][0m [1mTS2554: Expected 1 arguments, but got 2.[0m [1m[35m[plugin angular-compiler][0m

    src/app/pages/lesson-detail/lesson-detail.ts:61:56:
[37m      61 │     this.curriculumService.markComplete(this.lesson.id, [32maccount?.id[37m);
         ╵                                                         [32m~~~~~~~~~~~[0m

[39m[22m
[1m[31m[31mX [41;31m[[41;97mERROR[41;31m][0m [1mTS2339: Property 'getFirstIncompleteLesson' does not exist on type 'LessonDetailComponent'.[0m [1m[35m[plugin angular-compiler][0m

    src/app/pages/lesson-detail/lesson-detail.ts:51:40:
[37m      51 │           const accessibleLesson = this.[32mgetFirstIncompleteLesson[37m();
         ╵                                         [32m~~~~~~~~~~~~~~~~~~~~~~~~[0m

[39m[22m
[1m[31m[31mX [41;31m[[41;97mERROR[41;31m][0m [1mTS2339: Property 'canAccessLesson' does not exist on type 'LessonDetailComponent'.[0m [1m[35m[plugin angular-compiler][0m

    src/app/pages/lesson-detail/lesson-detail.ts:49:18:
[37m      49 │         if (!this.[32mcanAccessLesson[37m()) {
         ╵                   [32m~~~~~~~~~~~~~~~[0m

[39m[22m
[1m[31m[31mX [41;31m[[41;97mERROR[41;31m][0m [1mTS2339: Property 'canAccessLesson' does not exist on type 'LessonDetailComponent'.[0m [1m[35m[plugin angular-compiler][0m

    src/app/pages/lesson-detail/lesson-detail.ts:49:18:
[37m      49 │         if (!this.[32mcanAccessLesson[37m()) {
         ╵                   [32m~~~~~~~~~~~~~~~[0m

[39m[22m
[1m[31m[31mX [41;31m[[41;97mERROR[41;31m][0m [1mTS2339: Property 'canAccessLesson' does not exist on type 'LessonDetailComponent'.[0m [1m[35m[plugin angular-compiler][0m

    src/app/pages/lesson-detail/lesson-detail.ts:49:18:
[37m      49 │         if (!this.[32mcanAccessLesson[37m()) {
         ╵                   [32m~~~~~~~~~~~~~~~[0m

[39m[22m
[1m[31m[31mX [41;31m[[41;97mERROR[41;31m][0m [1mTS2339: Property 'canAccessLesson' does not exist on type 'LessonDetailComponent'.[0m [1m[35m[plugin angular-compiler][0m

    src/app/pages/lesson-detail/lesson-detail.ts:49:18:
[37m      49 │         if (!this.[32mcanAccessLesson[37m()) {
         ╵                   [32m~~~~~~~~~~~~~~~[0m

[39m[22m
[1m[31m[31mX [41;31m[[41;97mERROR[41;31m][0m [1mTS2339: Property 'canAccessLesson' does not exist on type 'LessonDetailComponent'.[0m [1m[35m[plugin angular-compiler][0m

    src/app/pages/lesson-detail/lesson-detail.ts:49:18:
[37m      49 │         if (!this.[32mcanAccessLesson[37m()) {
         ╵                   [32m~~~~~~~~~~~~~~~[0m

[39m[22m
[1m[31m[31mX [41;31m[[41;97mERROR[41;31m][0m [1mTS2339: Property 'canAccessLesson' does not exist on type 'LessonDetailComponent'.[0m [1m[35m[plugin angular-compiler][0m

    src/app/pages/lesson-detail/lesson-detail.ts:49:18:
[37m      49 │         if (!this.[32mcanAccessLesson[37m()) {
         ╵                   [32m~~~~~~~~~~~~~~~[0m

[39m[22m
[1m[31m[31mX [41;31m[[41;97mERROR[41;31m][0m [1mTS2339: Property 'canAccessLesson' does not exist on type 'LessonDetailComponent'.[0m [1m[35m[plugin angular-compiler][0m

    src/app/pages/lesson-detail/lesson-detail.ts:49:18:
[37m      49 │         if (!this.[32mcanAccessLesson[37m()) {
         ╵                   [32m~~~~~~~~~~~~~~~[0m

[39m[22m
[1m[31m[31mX [41;31m[[41;97mERROR[41;31m][0m [1mTS2339: Property 'canAccessLesson' does not exist on type 'LessonDetailComponent'.[0m [1m[35m[plugin angular-compiler][0m

    src/app/pages/lesson-detail/lesson-detail.ts:49:18:
[37m      49 │         if (!this.[32mcanAccessLesson[37m()) {
         ╵                   [32m~~~~~~~~~~~~~~~[0m

[39m[22m
[1m[31m[31mX [41;31m[[41;97mERROR[41;31m][0m [1mTS2339: Property 'canAccessLesson' does not exist on type 'LessonDetailComponent'.[0m [1m[35m[plugin angular-compiler][0m

    src/app/pages/lesson-detail/lesson-detail.ts:49:18:
[37m      49 │         if (!this.[32mcanAccessLesson[37m()) {
         ╵                   [32m~~~~~~~~~~~~~~~[0m

[39m[22m
[1m[31m[31mX [41;31m[[41;97mERROR[41;31m][0m [1mTS2339: Property 'canAccessLesson' does not exist on type 'LessonDetailComponent'.[0m [1m[35m[plugin angular-compiler][0m

    src/app/pages/lesson-detail/lesson-detail.ts:49:18:
[37m      49 │         if (!this.[32mcanAccessLesson[37m()) {
         ╵                   [32m~~~~~~~~~~~~~~~[0m

[39m[22m
[1m[31m[31mX [41;31m[[41;97mERROR[41;31m][0m [1mTS2339: Property 'canAccessLesson' does not exist on type 'LessonDetailComponent'.[0m [1m[35m[plugin angular-compiler][0m

    src/app/pages/lesson-detail/lesson-detail.ts:49:18:
[37m      49 │         if (!this.[32mcanAccessLesson[37m()) {
         ╵                   [32m~~~~~~~~~~~~~~~[0m

[39m[22m
[1m[31m[31mX [41;31m[[41;97mERROR[41;31m][0m [1mTS2339: Property 'canAccessLesson' does not exist on type 'LessonDetailComponent'.[0m [1m[35m[plugin angular-compiler][0m

    src/app/pages/lesson-detail/lesson-detail.ts:49:18:
[37m      49 │         if (!this.[32mcanAccessLesson[37m()) {
         ╵                   [32m~~~~~~~~~~~~~~~[0m

[39m[22m
[1m[31m[31mX [41;31m[[41;97mERROR[41;31m][0m [1mTS2339: Property 'canAccessLesson' does not exist on type 'LessonDetailComponent'.[0m [1m[35m[plugin angular-compiler][0m

    src/app/pages/lesson-detail/lesson-detail.ts:49:18:
[37m      49 │         if (!this.[32mcanAccessLesson[37m()) {
         ╵                   [32m~~~~~~~~~~~~~~~[0m

[39m[22m
[1m[31m[31mX [41;31m[[41;97mERROR[41;31m][0m [1mTS2339: Property 'canAccessLesson' does not exist on type 'LessonDetailComponent'.[0m [1m[35m[plugin angular-compiler][0m

    src/app/pages/lesson-detail/lesson-detail.ts:49:18:
[37m      49 │         if (!this.[32mcanAccessLesson[37m()) {
         ╵                   [32m~~~~~~~~~~~~~~~[0m

[39m[22m
[1m[31m[31mX [41;31m[[41;97mERROR[41;31m][0m [1mTS2339: Property 'canAccessLesson' does not exist on type 'LessonDetailComponent'.[0m [1m[35m[plugin angular-compiler][0m

    src/app/pages/lesson-detail/lesson-detail.ts:49:18:
[37m      49 │         if (!this.[32mcanAccessLesson[37m()) {
         ╵                   [32m~~~~~~~~~~~~~~~[0m


[31mX [41;31m[[41;97mERROR[41;31m][0m [1mTS7008: Member 's' implicitly has an 'any' type.[0m [1m[35m[plugin angular-compiler][0m

    src/app/pages/lesson-detail/lesson-detail.ts:89:0:
[37m      89 │ [32ms[37m
         ╵ [32m^[0m

[39m[22m
[1m[31m[31mX [41;31m[[41;97mERROR[41;31m][0m [1mTS2339: Property 'canAccessLesson' does not exist on type 'LessonDetailComponent'.[0m [1m[35m[plugin angular-compiler][0m

    src/app/pages/lesson-detail/lesson-detail.ts:49:18:
[37m      49 │         if (!this.[32mcanAccessLesson[37m()) {
         ╵                   [32m~~~~~~~~~~~~~~~[0m

[39m[22m
[1m[31m[31mX [41;31m[[41;97mERROR[41;31m][0m [1mTS2339: Property 'isCompleted' does not exist on type 'NavbarComponent'.[0m [1m[35m[plugin angular-compiler][0m

    src/app/components/navbar/navbar.html:15:130:
[37m      15 │ ...n=false" class="certificate-link" [class.completed]="[32misCompleted[37m">
         ╵                                                         [32m~~~~~~~~~~~[0m

  Error occurs in the template of component NavbarComponent.

    src/app/components/navbar/navbar.ts:10:15:
[37m      10 │   templateUrl: [32m'./navbar.html'[37m,
         ╵                [32m~~~~~~~~~~~~~~~[0m


[31mX [41;31m[[41;97mERROR[41;31m][0m [1mTS2339: Property 'isCompleted' does not exist on type 'NavbarComponent'.[0m [1m[35m[plugin angular-compiler][0m

    src/app/components/navbar/navbar.html:16:26:
[37m      16 │         🎖️ Sertifikat[32m {{ isCompl[37meted ? 'tayyor!' : 'ko\'rish' }}
         ╵                      [32m~~~~~~~~~~~[0m

  Error occurs in the template of component NavbarComponent.

    src/app/components/navbar/navbar.ts:10:15:
[37m      10 │   templateUrl: [32m'./navbar.html'[37m,
         ╵                [32m~~~~~~~~~~~~~~~[0m

[39m[22m
